checkin_acc,duration,credit_history,amount,savings_acc,present_emp_since,inst_rate,personal_status,residing_since,age,inst_plans,num_credits,job,status
A11,6,A34,1169,A65,A75,4,A93,4,67,A143,2,A173,0
A12,48,A32,5951,A61,A73,2,A92,2,22,A143,1,A173,1
A14,12,A34,2096,A61,A74,2,A93,3,49,A143,1,A172,0
A11,42,A32,7882,A61,A74,2,A93,4,45,A143,1,A173,0
A11,24,A33,4870,A61,A73,3,A93,4,53,A143,2,A173,1
A14,36,A32,9055,A65,A73,2,A93,4,35,A143,1,A172,0
A14,24,A32,2835,A63,A75,3,A93,4,53,A143,1,A173,0
A12,36,A32,6948,A61,A73,2,A93,2,35,A143,1,A174,0
A14,12,A32,3059,A64,A74,2,A91,4,61,A143,1,A172,0
A12,30,A34,5234,A61,A71,4,A94,2,28,A143,2,A174,1
A12,12,A32,1295,A61,A72,3,A92,1,25,A143,1,A173,1
A11,48,A32,4308,A61,A72,3,A92,4,24,A143,1,A173,1
A12,12,A32,1567,A61,A73,1,A92,1,22,A143,1,A173,0
A11,24,A34,1199,A61,A75,4,A93,4,60,A143,2,A172,1
A11,15,A32,1403,A61,A73,2,A92,4,28,A143,1,A173,0
A11,24,A32,1282,A62,A73,4,A92,2,32,A143,1,A172,1
A14,24,A34,2424,A65,A75,4,A93,4,53,A143,2,A173,0
A11,30,A30,8072,A65,A72,2,A93,3,25,A141,3,A173,0
A12,24,A32,12579,A61,A75,4,A92,2,44,A143,1,A174,1
A14,24,A32,3430,A63,A75,3,A93,2,31,A143,1,A173,0
A14,9,A34,2134,A61,A73,4,A93,4,48,A143,3,A173,0
A11,6,A32,2647,A63,A73,2,A93,3,44,A143,1,A173,0
A11,10,A34,2241,A61,A72,1,A93,3,48,A143,2,A172,0
A12,12,A34,1804,A62,A72,3,A93,4,44,A143,1,A173,0
A14,10,A34,2069,A65,A73,2,A94,1,26,A143,2,A173,0
A11,6,A32,1374,A61,A73,1,A93,2,36,A141,1,A172,0
A14,6,A30,426,A61,A75,4,A94,4,39,A143,1,A172,0
A13,12,A31,409,A64,A73,3,A92,3,42,A143,2,A173,0
A12,7,A32,2415,A61,A73,3,A93,2,34,A143,1,A173,0
A11,60,A33,6836,A61,A75,3,A93,4,63,A143,2,A173,1
A12,18,A32,1913,A64,A72,3,A94,3,36,A141,1,A173,0
A11,24,A32,4020,A61,A73,2,A93,2,27,A142,1,A173,0
A12,18,A32,5866,A62,A73,2,A93,2,30,A143,2,A173,0
A14,12,A34,1264,A65,A75,4,A93,4,57,A143,1,A172,0
A13,12,A32,1474,A61,A72,4,A92,1,33,A141,1,A174,0
A12,45,A34,4746,A61,A72,4,A93,2,25,A143,2,A172,1
A14,48,A34,6110,A61,A73,1,A93,3,31,A141,1,A173,0
A13,18,A32,2100,A61,A73,4,A93,2,37,A142,1,A173,1
A13,10,A32,1225,A61,A73,2,A93,2,37,A143,1,A173,0
A12,9,A32,458,A61,A73,4,A93,3,24,A143,1,A173,0
A14,30,A32,2333,A63,A75,4,A93,2,30,A141,1,A174,0
A12,12,A32,1158,A63,A73,3,A91,1,26,A143,1,A173,0
A12,18,A33,6204,A61,A73,2,A93,4,44,A143,1,A172,0
A11,30,A34,6187,A62,A74,1,A94,4,24,A143,2,A173,0
A11,48,A34,6143,A61,A75,4,A92,4,58,A142,2,A172,1
A14,11,A34,1393,A61,A72,4,A92,4,35,A143,2,A174,0
A14,36,A32,2299,A63,A75,4,A93,4,39,A143,1,A173,0
A11,6,A32,1352,A63,A71,1,A92,2,23,A143,1,A171,0
A14,11,A34,7228,A61,A73,1,A93,4,39,A143,2,A172,0
A14,12,A32,2073,A62,A73,4,A92,2,28,A143,1,A173,0
A12,24,A33,2333,A65,A72,4,A93,2,29,A141,1,A172,0
A12,27,A33,5965,A61,A75,1,A93,2,30,A143,2,A174,0
A14,12,A32,1262,A61,A73,3,A93,2,25,A143,1,A173,0
A14,18,A32,3378,A65,A73,2,A93,1,31,A143,1,A173,0
A12,36,A33,2225,A61,A75,4,A93,4,57,A141,2,A173,1
A14,6,A31,783,A65,A73,1,A93,2,26,A142,1,A172,0
A12,12,A32,6468,A65,A71,2,A93,1,52,A143,1,A174,1
A14,36,A34,9566,A61,A73,2,A92,2,31,A142,2,A173,0
A13,18,A32,1961,A61,A75,3,A92,2,23,A143,1,A174,0
A11,36,A34,6229,A61,A72,4,A92,4,23,A143,2,A172,1
A12,9,A32,1391,A61,A73,2,A94,1,27,A141,1,A173,0
A12,15,A34,1537,A65,A75,4,A93,4,50,A143,2,A173,0
A12,36,A30,1953,A61,A75,4,A93,4,61,A143,1,A174,1
A12,48,A30,14421,A61,A73,2,A93,2,25,A143,1,A173,1
A14,24,A32,3181,A61,A72,4,A92,4,26,A143,1,A173,0
A14,27,A32,5190,A65,A75,4,A93,4,48,A143,4,A173,0
A14,12,A32,2171,A61,A72,2,A92,2,29,A141,1,A173,0
A12,12,A32,1007,A64,A73,4,A94,1,22,A143,1,A173,0
A14,36,A32,1819,A61,A73,4,A93,4,37,A142,1,A173,1
A14,36,A32,2394,A65,A73,4,A92,4,25,A143,1,A173,0
A14,36,A32,8133,A61,A73,1,A92,2,30,A141,1,A173,0
A14,7,A34,730,A65,A75,4,A93,2,46,A143,2,A172,0
A11,8,A34,1164,A61,A75,3,A93,4,51,A141,2,A174,0
A12,42,A34,5954,A61,A74,2,A92,1,41,A141,2,A172,0
A11,36,A32,1977,A65,A75,4,A93,4,40,A143,1,A174,1
A11,12,A34,1526,A61,A75,4,A93,4,66,A143,2,A174,0
A11,42,A32,3965,A61,A72,4,A93,3,34,A143,1,A173,1
A12,11,A33,4771,A61,A74,2,A93,4,51,A143,1,A173,0
A14,54,A30,9436,A65,A73,2,A93,2,39,A143,1,A172,0
A12,30,A32,3832,A61,A72,2,A94,1,22,A143,1,A173,0
A14,24,A32,5943,A65,A72,1,A92,1,44,A143,2,A173,1
A14,15,A32,1213,A63,A75,4,A93,3,47,A142,1,A173,0
A14,18,A32,1568,A62,A73,3,A92,4,24,A143,1,A172,0
A11,24,A32,1755,A61,A75,4,A92,4,58,A143,1,A172,0
A11,10,A32,2315,A61,A75,3,A93,4,52,A143,1,A172,0
A14,12,A34,1412,A61,A73,4,A92,2,29,A143,2,A174,0
A12,18,A34,1295,A61,A72,4,A92,1,27,A143,2,A173,0
A12,36,A32,12612,A62,A73,1,A93,4,47,A143,1,A173,1
A11,18,A32,2249,A62,A74,4,A93,3,30,A143,1,A174,0
A11,12,A30,1108,A61,A74,4,A93,3,28,A143,2,A173,1
A14,12,A34,618,A61,A75,4,A93,4,56,A143,1,A173,0
A11,12,A34,1409,A61,A75,4,A93,3,54,A143,1,A173,0
A14,12,A34,797,A65,A75,4,A92,3,33,A141,1,A172,1
A13,24,A34,3617,A65,A75,4,A93,4,20,A143,2,A173,0
A12,12,A32,1318,A64,A75,4,A93,4,54,A143,1,A173,0
A12,54,A30,15945,A61,A72,3,A93,4,58,A143,1,A173,1
A14,12,A34,2012,A65,A74,4,A92,2,61,A143,1,A173,0
A12,18,A32,2622,A62,A73,4,A93,4,34,A143,1,A173,0
A12,36,A34,2337,A61,A75,4,A93,4,36,A143,1,A173,0
A12,20,A33,7057,A65,A74,3,A93,4,36,A141,2,A174,0
A14,24,A32,1469,A62,A75,4,A94,4,41,A143,1,A172,0
A12,36,A32,2323,A61,A74,4,A93,4,24,A143,1,A173,0
A14,6,A33,932,A61,A73,3,A92,2,24,A143,1,A173,0
A12,9,A34,1919,A61,A74,4,A93,3,35,A143,1,A173,0
A14,12,A32,2445,A65,A72,2,A94,4,26,A143,1,A173,0
A12,24,A34,11938,A61,A73,2,A93,3,39,A143,2,A174,1
A14,18,A31,6458,A61,A75,2,A93,4,39,A141,2,A174,1
A12,12,A32,6078,A61,A74,2,A93,2,32,A143,1,A173,0
A11,24,A32,7721,A65,A72,1,A92,2,30,A143,1,A173,0
A12,14,A32,1410,A63,A75,1,A94,2,35,A143,1,A173,0
A12,6,A33,1449,A62,A75,1,A91,2,31,A141,2,A173,0
A13,15,A32,392,A61,A72,4,A92,4,23,A143,1,A173,0
A12,18,A32,6260,A61,A74,3,A93,3,28,A143,1,A172,0
A14,36,A34,7855,A61,A73,4,A92,2,25,A142,2,A173,1
A11,12,A32,1680,A63,A75,3,A94,1,35,A143,1,A173,0
A14,48,A34,3578,A65,A75,4,A93,1,47,A143,1,A173,0
A11,42,A32,7174,A65,A74,4,A92,3,30,A143,1,A174,1
A11,10,A34,2132,A65,A72,2,A92,3,27,A143,2,A173,0
A11,33,A34,4281,A63,A73,1,A92,4,23,A143,2,A173,1
A12,12,A34,2366,A63,A74,3,A91,3,36,A143,1,A174,0
A11,21,A32,1835,A61,A73,3,A92,2,25,A143,2,A173,1
A14,24,A34,3868,A61,A75,4,A92,2,41,A143,2,A174,0
A14,12,A32,1768,A61,A73,3,A93,2,24,A143,1,A172,0
A13,10,A34,781,A61,A75,4,A93,4,63,A143,2,A173,0
A12,18,A32,1924,A65,A72,4,A92,3,27,A143,1,A173,1
A11,12,A34,2121,A61,A73,4,A93,2,30,A143,2,A173,0
A11,12,A32,701,A61,A73,4,A94,2,40,A143,1,A172,0
A12,12,A32,639,A61,A73,4,A93,2,30,A143,1,A173,1
A12,12,A34,1860,A61,A71,4,A93,2,34,A143,2,A174,0
A11,12,A34,3499,A61,A73,3,A92,2,29,A143,2,A173,1
A12,48,A32,8487,A65,A74,1,A92,2,24,A143,1,A173,0
A11,36,A33,6887,A61,A73,4,A93,3,29,A142,1,A173,1
A14,15,A32,2708,A61,A72,2,A93,3,27,A141,2,A172,0
A14,18,A32,1984,A61,A73,4,A93,4,47,A141,2,A173,0
A14,60,A32,10144,A62,A74,2,A92,4,21,A143,1,A173,0
A14,12,A34,1240,A65,A75,4,A92,2,38,A143,2,A173,0
A14,27,A33,8613,A64,A73,2,A93,2,27,A143,2,A173,0
A12,12,A32,766,A63,A73,4,A93,3,66,A143,1,A172,1
A12,15,A34,2728,A65,A74,4,A93,2,35,A141,3,A173,0
A13,12,A32,1881,A61,A73,2,A92,2,44,A143,1,A172,0
A13,6,A32,709,A64,A72,2,A94,2,27,A143,1,A171,0
A12,36,A32,4795,A61,A72,4,A92,1,30,A143,1,A174,0
A11,27,A32,3416,A61,A73,3,A93,2,27,A143,1,A174,0
A11,18,A32,2462,A61,A73,2,A93,2,22,A143,1,A173,1
A14,21,A34,2288,A61,A72,4,A92,4,23,A143,1,A173,0
A12,48,A31,3566,A62,A74,4,A93,2,30,A143,1,A173,0
A11,6,A34,860,A61,A75,1,A92,4,39,A143,2,A173,0
A14,12,A34,682,A62,A74,4,A92,3,51,A143,2,A173,0
A11,36,A34,5371,A61,A73,3,A93,2,28,A143,2,A173,0
A14,18,A34,1582,A64,A75,4,A93,4,46,A143,2,A173,0
A14,6,A32,1346,A62,A75,2,A93,4,42,A141,1,A173,0
A14,10,A32,1924,A61,A73,1,A93,4,38,A143,1,A173,0
A13,36,A32,5848,A61,A73,4,A93,1,24,A143,1,A173,0
A12,24,A34,7758,A64,A75,2,A92,4,29,A143,1,A173,0
A12,24,A33,6967,A62,A74,4,A93,4,36,A143,1,A174,0
A11,12,A32,1282,A61,A73,2,A92,4,20,A143,1,A173,1
A11,9,A34,1288,A62,A75,3,A93,4,48,A143,2,A173,0
A11,12,A31,339,A61,A75,4,A94,1,45,A141,1,A172,0
A12,24,A32,3512,A62,A74,2,A93,3,38,A141,2,A173,0
A14,6,A34,1898,A65,A73,1,A93,2,34,A143,2,A172,0
A14,24,A34,2872,A62,A75,3,A93,4,36,A143,1,A173,0
A14,18,A34,1055,A61,A72,4,A92,1,30,A143,2,A173,0
A14,15,A32,1262,A63,A74,4,A93,3,36,A143,2,A173,0
A12,10,A32,7308,A61,A71,2,A93,4,70,A141,1,A174,0
A14,36,A32,909,A63,A75,4,A93,4,36,A143,1,A173,0
A14,6,A32,2978,A63,A73,1,A93,2,32,A143,1,A173,0
A11,18,A32,1131,A61,A71,4,A92,2,33,A143,1,A173,1
A12,11,A32,1577,A64,A72,4,A92,1,20,A143,1,A173,0
A14,24,A32,3972,A61,A74,2,A92,4,25,A143,1,A173,0
A12,24,A34,1935,A61,A75,4,A91,4,31,A143,2,A173,1
A11,15,A30,950,A61,A75,4,A93,3,33,A143,2,A173,1
A14,12,A32,763,A61,A73,4,A92,1,26,A143,1,A173,0
A12,24,A33,2064,A61,A71,3,A92,2,34,A143,1,A174,1
A12,8,A32,1414,A61,A73,4,A93,2,33,A143,1,A173,0
A11,21,A33,3414,A61,A72,2,A93,1,26,A143,2,A173,1
A14,30,A31,7485,A65,A71,4,A92,1,53,A141,1,A174,1
A11,12,A32,2577,A61,A73,2,A91,1,42,A143,1,A173,0
A11,6,A34,338,A63,A75,4,A93,4,52,A143,2,A173,0
A14,12,A32,1963,A61,A74,4,A93,2,31,A143,2,A174,0
A11,21,A34,571,A61,A75,4,A93,4,65,A143,2,A173,0
A14,36,A33,9572,A61,A72,1,A91,1,28,A143,2,A173,1
A12,36,A33,4455,A61,A73,2,A91,2,30,A142,2,A174,1
A11,21,A31,1647,A65,A73,4,A93,2,40,A143,2,A172,1
A14,24,A34,3777,A64,A73,4,A93,4,50,A143,1,A173,0
A12,18,A34,884,A61,A75,4,A93,4,36,A141,1,A173,1
A14,15,A34,1360,A61,A73,4,A93,2,31,A143,2,A173,0
A12,9,A31,5129,A61,A75,2,A92,4,74,A141,1,A174,1
A12,16,A34,1175,A61,A71,2,A93,3,68,A143,3,A171,0
A11,12,A32,674,A62,A74,4,A94,1,20,A143,1,A173,1
A12,18,A30,3244,A61,A73,1,A92,4,33,A141,2,A173,0
A14,24,A32,4591,A64,A73,2,A93,3,54,A143,3,A174,1
A12,48,A30,3844,A62,A74,4,A93,4,34,A143,1,A172,1
A12,27,A32,3915,A61,A73,4,A93,2,36,A143,1,A173,1
A14,6,A32,2108,A61,A74,2,A94,2,29,A143,1,A173,0
A12,45,A32,3031,A62,A73,4,A93,4,21,A143,1,A173,1
A12,9,A34,1501,A61,A75,2,A92,3,34,A143,2,A174,1
A14,6,A34,1382,A61,A73,1,A92,1,28,A143,2,A173,0
A12,12,A32,951,A62,A72,4,A92,4,27,A141,4,A173,1
A12,24,A32,2760,A65,A75,4,A93,4,36,A141,1,A173,0
A12,18,A33,4297,A61,A75,4,A91,3,40,A143,1,A174,1
A14,9,A34,936,A63,A75,4,A93,2,52,A143,2,A173,0
A11,12,A32,1168,A61,A73,4,A94,3,27,A143,1,A172,0
A14,27,A33,5117,A61,A74,3,A93,4,26,A143,2,A173,0
A11,12,A32,902,A61,A74,4,A94,4,21,A143,1,A173,1
A14,12,A34,1495,A61,A75,4,A93,1,38,A143,2,A172,0
A11,30,A34,10623,A61,A75,3,A93,4,38,A143,3,A174,0
A14,12,A34,1935,A61,A75,4,A93,4,43,A143,3,A173,0
A12,12,A34,1424,A61,A74,4,A93,3,26,A143,1,A173,0
A11,24,A32,6568,A61,A73,2,A94,2,21,A142,1,A172,0
A14,12,A32,1413,A64,A74,3,A93,2,55,A143,1,A173,0
A14,9,A34,3074,A65,A73,1,A93,2,33,A143,2,A173,0
A14,36,A32,3835,A65,A75,2,A92,4,45,A143,1,A172,0
A11,27,A30,5293,A61,A71,2,A93,4,50,A142,2,A173,1
A13,30,A33,1908,A61,A75,4,A93,4,66,A143,1,A174,1
A14,36,A34,3342,A65,A75,4,A93,2,51,A143,1,A173,0
A12,6,A34,932,A65,A74,1,A92,3,39,A143,2,A172,0
A11,18,A30,3104,A61,A74,3,A93,1,31,A141,1,A173,0
A13,36,A32,3913,A61,A73,2,A93,2,23,A143,1,A173,0
A11,24,A32,3021,A61,A73,2,A91,2,24,A143,1,A172,0
A14,10,A32,1364,A61,A73,2,A92,4,64,A143,1,A173,0
A12,12,A32,625,A61,A72,4,A94,1,26,A141,1,A172,0
A11,12,A32,1200,A65,A73,4,A92,4,23,A141,1,A173,0
A14,12,A32,707,A61,A73,4,A93,2,30,A141,2,A173,0
A14,24,A33,2978,A65,A73,4,A93,4,32,A143,2,A173,0
A14,15,A32,4657,A61,A73,3,A93,2,30,A143,1,A173,0
A14,36,A30,2613,A61,A73,4,A93,2,27,A143,2,A173,0
A12,48,A32,10961,A64,A74,1,A93,2,27,A141,2,A173,1
A11,12,A32,7865,A61,A75,4,A93,4,53,A143,1,A174,1
A14,9,A32,1478,A61,A74,4,A93,2,22,A143,1,A173,1
A11,24,A32,3149,A61,A72,4,A93,1,22,A141,1,A173,0
A13,36,A32,4210,A61,A73,4,A93,2,26,A143,1,A173,1
A14,9,A32,2507,A63,A75,2,A93,4,51,A143,1,A172,0
A14,12,A32,2141,A62,A74,3,A93,1,35,A143,1,A173,0
A12,18,A32,866,A61,A73,4,A94,2,25,A143,1,A172,0
A14,4,A34,1544,A61,A74,2,A93,1,42,A143,3,A172,0
A11,24,A32,1823,A61,A71,4,A93,2,30,A142,1,A174,1
A12,6,A32,14555,A65,A71,1,A93,2,23,A143,1,A171,1
A12,21,A32,2767,A62,A75,4,A91,2,61,A141,2,A172,1
A14,12,A34,1291,A61,A73,4,A92,2,35,A143,2,A173,0
A11,30,A32,2522,A61,A75,1,A93,3,39,A143,1,A173,0
A11,24,A32,915,A65,A75,4,A92,2,29,A141,1,A173,1
A14,6,A32,1595,A61,A74,3,A93,2,51,A143,1,A173,0
A11,48,A30,4605,A61,A75,3,A93,4,24,A143,2,A173,1
A14,12,A34,1185,A61,A73,3,A92,2,27,A143,2,A173,0
A14,12,A31,3447,A63,A73,4,A92,3,35,A143,1,A172,0
A14,24,A32,1258,A61,A74,4,A93,1,25,A143,1,A173,0
A14,12,A34,717,A61,A75,4,A93,4,52,A143,3,A173,0
A14,6,A30,1204,A62,A73,4,A93,1,35,A141,1,A173,0
A13,24,A32,1925,A61,A73,2,A93,2,26,A143,1,A173,0
A14,18,A32,433,A61,A71,3,A92,4,22,A143,1,A173,1
A11,6,A34,666,A64,A74,3,A92,4,39,A143,2,A172,0
A13,12,A32,2251,A61,A73,1,A92,2,46,A143,1,A172,0
A12,30,A32,2150,A61,A73,4,A92,2,24,A141,1,A173,1
A14,24,A33,4151,A62,A73,2,A93,3,35,A143,2,A173,0
A12,9,A32,2030,A65,A74,2,A93,1,24,A143,1,A173,0
A12,60,A33,7418,A65,A73,1,A93,1,27,A143,1,A172,0
A14,24,A34,2684,A61,A73,4,A93,2,35,A143,2,A172,0
A11,12,A31,2149,A61,A73,4,A91,1,29,A143,1,A173,1
A14,15,A32,3812,A62,A72,1,A92,4,23,A143,1,A173,0
A14,11,A34,1154,A62,A71,4,A92,4,57,A143,3,A172,0
A11,12,A32,1657,A61,A73,2,A93,2,27,A143,1,A173,0
A11,24,A32,1603,A61,A75,4,A92,4,55,A143,1,A173,0
A11,18,A34,5302,A61,A75,2,A93,4,36,A143,3,A174,0
A14,12,A34,2748,A61,A75,2,A92,4,57,A141,3,A172,0
A14,10,A34,1231,A61,A75,3,A93,4,32,A143,2,A172,0
A12,15,A32,802,A61,A75,4,A93,3,37,A143,1,A173,1
A14,36,A34,6304,A65,A75,4,A93,4,36,A143,2,A173,0
A14,24,A32,1533,A61,A72,4,A92,3,38,A142,1,A173,0
A11,14,A32,8978,A61,A75,1,A91,4,45,A143,1,A174,1
A14,24,A32,999,A65,A75,4,A93,2,25,A143,2,A173,0
A14,18,A32,2662,A65,A74,4,A93,3,32,A143,1,A173,0
A14,12,A34,1402,A63,A74,3,A92,4,37,A143,1,A173,0
A12,48,A31,12169,A65,A71,4,A93,4,36,A143,1,A174,0
A12,48,A32,3060,A61,A74,4,A93,4,28,A143,2,A173,1
A11,30,A32,11998,A61,A72,1,A91,1,34,A143,1,A172,1
A14,9,A32,2697,A61,A73,1,A93,2,32,A143,1,A173,0
A14,18,A34,2404,A61,A73,2,A92,2,26,A143,2,A173,0
A11,12,A32,1262,A65,A75,2,A91,4,49,A143,1,A172,0
A14,6,A32,4611,A61,A72,1,A92,4,32,A143,1,A173,1
A14,24,A32,1901,A62,A73,4,A93,4,29,A143,1,A174,0
A14,15,A34,3368,A64,A75,3,A93,4,23,A143,2,A173,0
A14,12,A32,1574,A61,A73,4,A93,2,50,A143,1,A173,0
A13,18,A31,1445,A65,A74,4,A93,4,49,A141,1,A172,0
A14,15,A34,1520,A65,A75,4,A93,4,63,A143,1,A173,0
A12,24,A34,3878,A62,A72,4,A91,2,37,A143,1,A173,0
A11,47,A32,10722,A61,A72,1,A92,1,35,A143,1,A172,0
A11,48,A32,4788,A61,A74,4,A93,3,26,A143,1,A173,0
A12,48,A33,7582,A62,A71,2,A93,4,31,A143,1,A174,0
A12,12,A32,1092,A61,A73,4,A92,4,49,A143,2,A173,0
A11,24,A33,1024,A61,A72,4,A94,4,48,A142,1,A173,1
A14,12,A32,1076,A61,A73,2,A94,2,26,A143,1,A173,0
A12,36,A32,9398,A61,A72,1,A94,4,28,A143,1,A174,1
A11,24,A34,6419,A61,A75,2,A92,4,44,A143,2,A174,0
A13,42,A34,4796,A61,A75,4,A93,4,56,A143,1,A173,0
A14,48,A34,7629,A65,A75,4,A91,2,46,A141,2,A174,0
A12,48,A32,9960,A61,A72,1,A92,2,26,A143,1,A173,1
A14,12,A32,4675,A65,A72,1,A92,4,20,A143,1,A173,0
A14,10,A32,1287,A65,A75,4,A93,2,45,A143,1,A172,0
A14,18,A32,2515,A61,A73,3,A93,4,43,A143,1,A173,0
A12,21,A34,2745,A64,A74,3,A93,2,32,A143,2,A173,0
A14,6,A32,672,A61,A71,1,A92,4,54,A143,1,A171,0
A12,36,A30,3804,A61,A73,4,A92,1,42,A143,1,A173,1
A13,24,A34,1344,A65,A74,4,A93,2,37,A141,2,A172,1
A11,10,A34,1038,A61,A74,4,A93,3,49,A143,2,A173,0
A14,48,A34,10127,A63,A73,2,A93,2,44,A141,1,A173,1
A14,6,A32,1543,A64,A73,4,A91,2,33,A143,1,A173,0
A14,30,A32,4811,A65,A74,2,A92,4,24,A142,1,A172,0
A11,12,A32,727,A62,A72,4,A94,3,33,A143,1,A172,1
A12,8,A32,1237,A61,A73,3,A92,4,24,A143,1,A173,1
A12,9,A32,276,A61,A73,4,A94,4,22,A143,1,A172,0
A12,48,A32,5381,A65,A71,3,A93,4,40,A141,1,A171,0
A14,24,A32,5511,A62,A73,4,A93,1,25,A142,1,A173,0
A13,24,A32,3749,A61,A72,2,A92,4,26,A143,1,A173,0
A12,12,A32,685,A61,A74,2,A94,3,25,A141,1,A172,1
A13,4,A32,1494,A65,A72,1,A93,2,29,A143,1,A172,0
A11,36,A31,2746,A61,A75,4,A93,4,31,A141,1,A173,1
A11,12,A32,708,A61,A73,2,A93,3,38,A143,1,A172,0
A12,24,A32,4351,A65,A73,1,A92,4,48,A143,1,A172,0
A14,12,A34,701,A61,A73,4,A93,2,32,A143,2,A173,0
A11,15,A33,3643,A61,A75,1,A92,4,27,A143,2,A172,0
A12,30,A34,4249,A61,A71,4,A94,2,28,A143,2,A174,1
A11,24,A32,1938,A61,A72,4,A91,3,32,A143,1,A173,1
A11,24,A32,2910,A61,A74,2,A93,1,34,A143,1,A174,0
A11,18,A32,2659,A64,A73,4,A93,2,28,A143,1,A173,0
A14,18,A34,1028,A61,A73,4,A92,3,36,A143,2,A173,0
A11,8,A34,3398,A61,A74,1,A93,4,39,A143,2,A172,0
A14,12,A34,5801,A65,A75,2,A93,4,49,A143,1,A173,0
A14,24,A32,1525,A64,A74,4,A92,3,34,A143,1,A173,0
A13,36,A32,4473,A61,A75,4,A93,2,31,A143,1,A173,0
A12,6,A32,1068,A61,A75,4,A93,4,28,A143,1,A173,0
A11,24,A34,6615,A61,A71,2,A93,4,75,A143,2,A174,0
A14,18,A34,1864,A62,A73,4,A92,2,30,A143,2,A173,1
A12,60,A32,7408,A62,A72,4,A92,2,24,A143,1,A174,1
A14,48,A34,11590,A62,A73,2,A92,4,24,A141,2,A172,1
A11,24,A30,4110,A61,A75,3,A93,4,23,A141,2,A173,1
A11,6,A34,3384,A61,A73,1,A91,4,44,A143,1,A174,1
A12,13,A32,2101,A61,A72,2,A92,4,23,A143,1,A172,0
A11,15,A32,1275,A65,A73,4,A92,2,24,A143,1,A173,1
A11,24,A32,4169,A61,A73,4,A93,4,28,A143,1,A173,0
A12,10,A32,1521,A61,A73,4,A91,2,31,A143,1,A172,0
A12,24,A34,5743,A61,A72,2,A92,4,24,A143,2,A173,0
A11,21,A32,3599,A61,A74,1,A92,4,26,A143,1,A172,0
A12,18,A32,3213,A63,A72,1,A94,3,25,A143,1,A173,0
A12,18,A32,4439,A61,A75,1,A93,1,33,A141,1,A174,0
A13,10,A32,3949,A61,A72,1,A93,1,37,A143,1,A172,0
A14,15,A34,1459,A61,A73,4,A92,2,43,A143,1,A172,0
A12,13,A34,882,A61,A72,4,A93,4,23,A143,2,A173,0
A12,24,A32,3758,A63,A71,1,A92,4,23,A143,1,A171,0
A14,6,A33,1743,A62,A73,1,A93,2,34,A143,2,A172,0
A12,9,A34,1136,A64,A75,4,A93,3,32,A143,2,A173,1
A14,9,A32,1236,A61,A72,1,A92,4,23,A143,1,A173,0
A12,9,A32,959,A61,A73,1,A92,2,29,A143,1,A173,1
A14,18,A34,3229,A65,A71,2,A93,4,38,A143,1,A174,0
A11,12,A30,6199,A61,A73,4,A93,2,28,A143,2,A173,1
A14,10,A32,727,A63,A75,4,A93,4,46,A143,1,A173,0
A12,24,A32,1246,A61,A72,4,A93,2,23,A142,1,A172,1
A14,12,A34,2331,A65,A75,1,A93,4,49,A143,1,A173,0
A14,36,A33,4463,A61,A73,4,A93,2,26,A143,2,A174,1
A14,12,A32,776,A61,A73,4,A94,2,28,A143,1,A173,0
A11,30,A32,2406,A61,A74,4,A92,4,23,A143,1,A173,1
A12,18,A32,1239,A65,A73,4,A93,4,61,A143,1,A173,0
A13,12,A32,3399,A65,A75,2,A93,3,37,A143,1,A174,0
A13,12,A33,2247,A61,A73,2,A92,2,36,A142,2,A173,0
A14,6,A32,1766,A61,A73,1,A94,2,21,A143,1,A173,0
A11,18,A32,2473,A61,A71,4,A93,1,25,A143,1,A171,1
A14,12,A32,1542,A61,A74,2,A93,4,36,A143,1,A173,0
A14,18,A34,3850,A61,A74,3,A93,1,27,A143,2,A173,0
A11,18,A32,3650,A61,A72,1,A92,4,22,A143,1,A173,0
A11,36,A32,3446,A61,A75,4,A93,2,42,A143,1,A173,1
A12,18,A32,3001,A61,A74,2,A92,4,40,A143,1,A173,0
A14,36,A32,3079,A65,A73,4,A93,4,36,A143,1,A173,0
A14,18,A34,6070,A61,A75,3,A93,4,33,A143,2,A173,0
A14,10,A34,2146,A61,A72,1,A92,3,23,A143,2,A173,0
A14,60,A34,13756,A65,A75,2,A93,4,63,A141,1,A174,0
A12,60,A31,14782,A62,A75,3,A92,4,60,A141,2,A174,1
A11,48,A31,7685,A61,A74,2,A92,4,37,A143,1,A173,1
A14,18,A33,2320,A61,A71,2,A94,3,34,A143,2,A173,0
A14,7,A33,846,A65,A75,3,A93,4,36,A143,1,A173,0
A12,36,A32,14318,A61,A75,4,A93,2,57,A143,1,A174,1
A14,6,A34,362,A62,A73,4,A92,4,52,A143,2,A172,0
A11,20,A32,2212,A65,A74,4,A93,4,39,A143,1,A173,0
A12,18,A32,12976,A61,A71,3,A92,4,38,A143,1,A174,1
A14,22,A32,1283,A65,A74,4,A92,4,25,A143,1,A173,0
A13,12,A32,1330,A61,A72,4,A93,1,26,A143,1,A173,0
A14,30,A33,4272,A62,A73,2,A93,2,26,A143,2,A172,0
A14,18,A34,2238,A61,A73,2,A92,1,25,A143,2,A173,0
A14,18,A32,1126,A65,A72,4,A92,2,21,A143,1,A173,0
A12,18,A34,7374,A61,A71,4,A93,4,40,A142,2,A174,0
A12,15,A34,2326,A63,A73,2,A93,4,27,A141,1,A173,0
A14,9,A32,1449,A61,A74,3,A92,2,27,A143,2,A173,0
A14,18,A32,1820,A61,A73,2,A94,2,30,A143,1,A174,0
A12,12,A32,983,A64,A72,1,A92,4,19,A143,1,A172,0
A11,36,A32,3249,A61,A74,2,A93,4,39,A141,1,A174,0
A11,6,A34,1957,A61,A74,1,A92,4,31,A143,1,A173,0
A14,9,A34,2406,A61,A71,2,A93,3,31,A143,1,A174,0
A12,39,A33,11760,A62,A74,2,A93,3,32,A143,1,A173,0
A11,12,A32,2578,A61,A71,3,A92,4,55,A143,1,A174,0
A11,36,A34,2348,A61,A73,3,A94,2,46,A143,2,A173,0
A12,12,A32,1223,A61,A75,1,A91,1,46,A143,2,A173,1
A14,24,A34,1516,A64,A73,4,A92,1,43,A143,2,A172,0
A14,18,A32,1473,A61,A72,3,A94,4,39,A143,1,A173,0
A12,18,A34,1887,A65,A73,4,A94,4,28,A141,2,A173,0
A14,24,A33,8648,A61,A72,2,A93,2,27,A141,2,A173,1
A14,14,A33,802,A61,A73,4,A93,2,27,A143,2,A172,0
A12,18,A33,2899,A65,A75,4,A93,4,43,A143,1,A173,0
A12,24,A32,2039,A61,A72,1,A94,1,22,A143,1,A173,1
A14,24,A34,2197,A65,A74,4,A93,4,43,A143,2,A173,0
A11,15,A32,1053,A61,A72,4,A94,2,27,A143,1,A173,0
A14,24,A32,3235,A63,A75,3,A91,2,26,A143,1,A174,0
A13,12,A34,939,A63,A74,4,A94,2,28,A143,3,A173,1
A12,24,A32,1967,A61,A75,4,A92,4,20,A143,1,A173,0
A14,33,A34,7253,A61,A74,3,A93,2,35,A143,2,A174,0
A14,12,A34,2292,A61,A71,4,A93,2,42,A142,2,A174,1
A14,10,A32,1597,A63,A73,3,A93,2,40,A143,1,A172,0
A11,24,A32,1381,A65,A73,4,A92,2,35,A143,1,A173,1
A14,36,A34,5842,A61,A75,2,A93,2,35,A143,2,A173,0
A11,12,A32,2579,A61,A72,4,A93,1,33,A143,1,A172,1
A11,18,A33,8471,A65,A73,1,A92,2,23,A143,2,A173,0
A14,21,A32,2782,A63,A74,1,A92,2,31,A141,1,A174,0
A12,18,A32,1042,A65,A73,4,A92,2,33,A143,1,A173,1
A14,15,A32,3186,A64,A74,2,A92,3,20,A143,1,A173,0
A12,12,A32,2028,A65,A73,4,A93,2,30,A143,1,A173,0
A12,12,A34,958,A61,A74,2,A93,3,47,A143,2,A172,0
A14,21,A33,1591,A62,A74,4,A93,3,34,A143,2,A174,0
A12,12,A32,2762,A65,A75,1,A92,2,25,A141,1,A173,1
A12,18,A32,2779,A61,A73,1,A94,3,21,A143,1,A173,0
A14,28,A34,2743,A61,A75,4,A93,2,29,A143,2,A173,0
A14,18,A34,1149,A64,A73,4,A93,3,46,A143,2,A173,0
A14,9,A32,1313,A61,A75,1,A93,4,20,A143,1,A173,0
A11,18,A34,1190,A61,A71,2,A92,4,55,A143,3,A171,1
A14,5,A32,3448,A61,A74,1,A93,4,74,A143,1,A172,0
A12,24,A32,11328,A61,A73,2,A93,3,29,A141,2,A174,1
A11,6,A34,1872,A61,A71,4,A93,4,36,A143,3,A174,0
A14,24,A34,2058,A61,A73,4,A91,2,33,A143,2,A173,0
A11,9,A32,2136,A61,A73,3,A93,2,25,A143,1,A173,0
A12,12,A32,1484,A65,A73,2,A94,1,25,A143,1,A173,1
A14,6,A32,660,A63,A74,2,A94,4,23,A143,1,A172,0
A14,24,A34,1287,A64,A75,4,A92,4,37,A143,2,A173,0
A11,42,A34,3394,A61,A71,4,A93,4,65,A143,2,A171,0
A13,12,A31,609,A61,A72,4,A92,1,26,A143,1,A171,1
A14,12,A32,1884,A61,A75,4,A93,4,39,A143,1,A174,0
A11,12,A32,1620,A61,A73,2,A92,3,30,A143,1,A173,0
A12,20,A33,2629,A61,A73,2,A93,3,29,A141,2,A173,0
A14,12,A32,719,A61,A75,4,A93,4,41,A141,1,A172,1
A12,48,A34,5096,A61,A73,2,A92,3,30,A143,1,A174,1
A14,9,A34,1244,A65,A75,4,A92,4,41,A143,2,A172,0
A11,36,A32,1842,A61,A72,4,A92,4,34,A143,1,A173,1
A12,7,A32,2576,A61,A73,2,A93,2,35,A143,1,A173,0
A13,12,A32,1424,A65,A75,3,A92,4,55,A143,1,A174,0
A12,15,A33,1512,A64,A73,3,A94,3,61,A142,2,A173,1
A14,36,A34,11054,A65,A73,4,A93,2,30,A143,1,A174,0
A14,6,A32,518,A61,A73,3,A92,1,29,A143,1,A173,0
A14,12,A30,2759,A61,A75,2,A93,4,34,A143,2,A173,0
A14,24,A32,2670,A61,A75,4,A93,4,35,A143,1,A174,0
A11,24,A32,4817,A61,A74,2,A93,3,31,A143,1,A173,1
A14,24,A32,2679,A61,A72,4,A92,1,29,A143,1,A174,0
A11,11,A34,3905,A61,A73,2,A93,2,36,A143,2,A173,0
A11,12,A32,3386,A61,A75,3,A93,4,35,A143,1,A173,1
A11,6,A32,343,A61,A72,4,A92,1,27,A143,1,A173,0
A14,18,A32,4594,A61,A72,3,A93,2,32,A143,1,A173,0
A11,36,A32,3620,A61,A73,1,A93,2,37,A143,1,A173,0
A11,15,A32,1721,A61,A72,2,A93,3,36,A143,1,A173,0
A12,12,A32,3017,A61,A72,3,A92,1,34,A143,1,A174,0
A12,12,A32,754,A65,A75,4,A93,4,38,A143,2,A173,0
A14,18,A32,1950,A61,A74,4,A93,1,34,A142,2,A173,0
A11,24,A32,2924,A61,A73,3,A93,4,63,A141,1,A173,0
A11,24,A33,1659,A61,A72,4,A92,2,29,A143,1,A172,1
A14,48,A33,7238,A65,A75,3,A93,3,32,A141,2,A173,0
A14,33,A33,2764,A61,A73,2,A92,2,26,A143,2,A173,0
A14,24,A33,4679,A61,A74,3,A93,3,35,A143,2,A172,0
A12,24,A32,3092,A62,A72,3,A94,2,22,A143,1,A173,1
A11,6,A32,448,A61,A72,4,A92,4,23,A143,1,A173,1
A11,9,A32,654,A61,A73,4,A93,3,28,A143,1,A172,1
A14,6,A32,1238,A65,A71,4,A93,4,36,A143,1,A174,0
A12,18,A34,1245,A61,A73,4,A94,2,33,A143,1,A173,1
A11,18,A30,3114,A61,A72,1,A92,4,26,A143,1,A173,1
A14,39,A32,2569,A63,A73,4,A93,4,24,A143,1,A173,0
A13,24,A32,5152,A61,A74,4,A93,2,25,A141,1,A173,0
A12,12,A32,1037,A62,A74,3,A93,4,39,A143,1,A172,0
A11,15,A34,1478,A61,A75,4,A93,4,44,A143,2,A173,0
A12,12,A34,3573,A61,A73,1,A92,1,23,A143,1,A172,0
A12,24,A32,1201,A61,A72,4,A93,1,26,A143,1,A173,0
A11,30,A32,3622,A64,A75,4,A92,4,57,A143,2,A173,0
A14,15,A33,960,A64,A74,3,A92,2,30,A143,2,A173,0
A14,12,A34,1163,A63,A73,4,A93,4,44,A143,1,A173,0
A12,6,A33,1209,A61,A71,4,A93,4,47,A143,1,A174,1
A14,12,A32,3077,A61,A73,2,A93,4,52,A143,1,A173,0
A14,24,A32,3757,A61,A75,4,A92,4,62,A143,1,A173,0
A14,10,A32,1418,A62,A73,3,A93,2,35,A143,1,A172,0
A14,6,A32,3518,A61,A73,2,A93,3,26,A143,1,A173,0
A14,12,A34,1934,A61,A75,2,A93,2,26,A143,2,A173,0
A12,27,A30,8318,A61,A75,2,A92,4,42,A143,2,A174,1
A14,6,A34,1237,A62,A73,1,A92,1,27,A143,2,A173,0
A12,6,A32,368,A65,A75,4,A93,4,38,A143,1,A173,0
A11,12,A34,2122,A61,A73,3,A93,2,39,A143,2,A172,0
A11,24,A32,2996,A65,A73,2,A94,4,20,A143,1,A173,1
A12,36,A32,9034,A62,A72,4,A93,1,29,A143,1,A174,1
A14,24,A34,1585,A61,A74,4,A93,3,40,A143,2,A173,0
A12,18,A32,1301,A61,A75,4,A94,2,32,A143,1,A172,0
A13,6,A34,1323,A62,A75,2,A91,4,28,A143,2,A173,0
A11,24,A32,3123,A61,A72,4,A92,1,27,A143,1,A173,1
A11,36,A32,5493,A61,A75,2,A93,4,42,A143,1,A173,0
A13,9,A32,1126,A62,A75,2,A91,4,49,A143,1,A173,0
A12,24,A34,1216,A62,A72,4,A93,4,38,A141,2,A173,1
A11,24,A32,1207,A61,A72,4,A92,4,24,A143,1,A173,1
A14,10,A32,1309,A65,A73,4,A93,4,27,A143,1,A172,1
A13,15,A34,2360,A63,A73,2,A93,2,36,A143,1,A173,0
A12,15,A31,6850,A62,A71,1,A93,2,34,A143,1,A174,1
A14,24,A32,1413,A61,A73,4,A94,2,28,A143,1,A173,0
A14,39,A32,8588,A62,A75,4,A93,2,45,A143,1,A174,0
A11,12,A32,759,A61,A74,4,A93,2,26,A143,1,A173,1
A14,36,A32,4686,A61,A73,2,A93,2,32,A143,1,A174,0
A13,15,A32,2687,A61,A74,2,A93,4,26,A143,1,A173,0
A12,12,A33,585,A61,A73,4,A94,4,20,A143,2,A173,0
A14,24,A32,2255,A65,A72,4,A93,1,54,A143,1,A173,0
A11,6,A34,609,A61,A74,4,A92,3,37,A143,2,A173,0
A11,6,A34,1361,A61,A72,2,A93,4,40,A143,1,A172,0
A14,36,A34,7127,A61,A72,2,A92,4,23,A143,2,A173,1
A11,6,A32,1203,A62,A75,3,A93,2,43,A143,1,A173,0
A14,6,A34,700,A65,A75,4,A93,4,36,A143,2,A173,0
A14,24,A34,5507,A61,A75,3,A93,4,44,A143,2,A173,0
A11,18,A32,3190,A61,A73,2,A92,2,24,A143,1,A173,1
A11,48,A30,7119,A61,A73,3,A93,4,53,A143,2,A173,1
A14,24,A32,3488,A62,A74,3,A92,4,23,A143,1,A173,0
A12,18,A32,1113,A61,A73,4,A92,4,26,A143,1,A172,0
A12,26,A32,7966,A61,A72,2,A93,3,30,A143,2,A173,0
A14,15,A34,1532,A62,A73,4,A92,3,31,A143,1,A173,0
A14,4,A34,1503,A61,A74,2,A93,1,42,A143,2,A172,0
A11,36,A32,2302,A61,A73,4,A91,4,31,A143,1,A173,1
A11,6,A32,662,A61,A72,3,A93,4,41,A143,1,A172,0
A12,36,A32,2273,A61,A74,3,A93,1,32,A143,2,A173,0
A12,15,A32,2631,A62,A73,2,A92,4,28,A143,2,A173,1
A14,12,A33,1503,A61,A73,4,A94,4,41,A143,1,A173,0
A14,24,A32,1311,A62,A74,4,A94,3,26,A143,1,A173,0
A14,24,A32,3105,A65,A72,4,A93,2,25,A143,2,A173,0
A13,21,A34,2319,A61,A72,2,A91,1,33,A143,1,A173,1
A11,6,A32,1374,A65,A71,4,A92,3,75,A143,1,A174,0
A12,18,A34,3612,A61,A75,3,A92,4,37,A143,1,A173,0
A11,48,A32,7763,A61,A75,4,A93,4,42,A141,1,A174,1
A13,18,A32,3049,A61,A72,1,A92,1,45,A142,1,A172,0
A12,12,A32,1534,A61,A72,1,A94,1,23,A143,1,A173,1
A14,24,A33,2032,A61,A75,4,A93,4,60,A143,2,A173,0
A11,30,A32,6350,A65,A75,4,A93,4,31,A143,1,A173,1
A13,18,A32,2864,A61,A73,2,A93,1,34,A143,1,A172,1
A14,12,A34,1255,A61,A75,4,A93,4,61,A143,2,A172,0
A11,24,A33,1333,A61,A71,4,A93,2,43,A143,2,A173,1
A14,24,A34,2022,A61,A73,4,A92,4,37,A143,1,A173,0
A14,24,A32,1552,A61,A74,3,A93,1,32,A141,1,A173,0
A11,12,A31,626,A61,A73,4,A92,4,24,A141,1,A172,1
A14,48,A34,8858,A65,A74,2,A93,1,35,A143,2,A173,0
A14,12,A34,996,A65,A74,4,A92,4,23,A143,2,A173,0
A14,6,A31,1750,A63,A75,2,A93,4,45,A141,1,A172,0
A11,48,A32,6999,A61,A74,1,A94,1,34,A143,2,A173,1
A12,12,A34,1995,A62,A72,4,A93,1,27,A143,1,A173,0
A12,9,A32,1199,A61,A74,4,A92,4,67,A143,2,A174,0
A12,12,A32,1331,A61,A72,2,A93,1,22,A142,1,A173,1
A12,18,A30,2278,A62,A72,3,A92,3,28,A143,2,A173,1
A14,21,A30,5003,A65,A73,1,A92,4,29,A141,2,A173,1
A11,24,A31,3552,A61,A74,3,A93,4,27,A141,1,A173,1
A12,18,A34,1928,A61,A72,2,A93,2,31,A143,2,A172,1
A11,24,A32,2964,A65,A75,4,A93,4,49,A141,1,A173,0
A11,24,A31,1546,A61,A74,4,A93,4,24,A141,1,A172,1
A13,6,A33,683,A61,A72,2,A92,1,29,A141,1,A173,0
A12,36,A32,12389,A65,A73,1,A93,4,37,A143,1,A173,1
A12,24,A33,4712,A65,A73,4,A93,2,37,A141,2,A174,0
A12,24,A33,1553,A62,A74,3,A92,2,23,A143,2,A173,0
A11,12,A32,1372,A61,A74,2,A91,3,36,A143,1,A173,1
A14,24,A34,2578,A64,A75,2,A93,2,34,A143,1,A173,0
A12,48,A32,3979,A65,A74,4,A93,1,41,A143,2,A173,0
A11,48,A32,6758,A61,A73,3,A92,2,31,A143,1,A173,1
A11,24,A32,3234,A61,A72,4,A92,4,23,A143,1,A172,1
A14,30,A34,5954,A61,A74,3,A93,2,38,A143,1,A173,0
A14,24,A32,5433,A65,A71,2,A92,4,26,A143,1,A174,0
A11,15,A32,806,A61,A73,4,A92,4,22,A143,1,A172,0
A12,9,A32,1082,A61,A75,4,A93,4,27,A143,2,A172,0
A14,15,A34,2788,A61,A74,2,A92,3,24,A141,2,A173,0
A12,12,A32,2930,A61,A74,2,A92,1,27,A143,1,A173,0
A14,24,A34,1927,A65,A73,3,A92,2,33,A143,2,A173,0
A12,36,A34,2820,A61,A72,4,A91,4,27,A143,2,A173,1
A14,24,A32,937,A61,A72,4,A94,3,27,A143,2,A172,0
A12,18,A34,1056,A61,A75,3,A93,3,30,A141,2,A173,1
A12,12,A34,3124,A61,A72,1,A93,3,49,A141,2,A172,0
A14,9,A32,1388,A61,A73,4,A92,2,26,A143,1,A173,0
A12,36,A32,2384,A61,A72,4,A93,1,33,A143,1,A172,1
A14,12,A32,2133,A65,A75,4,A92,4,52,A143,1,A174,0
A11,18,A32,2039,A61,A73,1,A92,4,20,A141,1,A173,1
A11,9,A34,2799,A61,A73,2,A93,2,36,A143,2,A173,0
A11,12,A32,1289,A61,A73,4,A93,1,21,A143,1,A172,0
A11,18,A32,1217,A61,A73,4,A94,3,47,A143,1,A172,1
A11,12,A34,2246,A61,A75,3,A93,3,60,A143,2,A173,1
A11,12,A34,385,A61,A74,4,A92,3,58,A143,4,A172,0
A12,24,A33,1965,A65,A73,4,A92,4,42,A143,2,A173,0
A14,21,A32,1572,A64,A75,4,A92,4,36,A141,1,A172,0
A12,24,A32,2718,A61,A73,3,A92,4,20,A143,1,A172,1
A11,24,A31,1358,A65,A75,4,A93,3,40,A142,1,A174,1
A12,6,A31,931,A62,A72,1,A92,1,32,A142,1,A172,1
A11,24,A32,1442,A61,A74,4,A92,4,23,A143,2,A173,1
A12,24,A30,4241,A61,A73,1,A93,4,36,A143,3,A172,1
A14,18,A34,2775,A61,A74,2,A93,2,31,A141,2,A173,1
A14,24,A33,3863,A61,A73,1,A93,2,32,A143,1,A173,0
A12,7,A32,2329,A61,A72,1,A92,1,45,A143,1,A173,0
A12,9,A32,918,A61,A73,4,A92,1,30,A143,1,A173,1
A12,24,A31,1837,A61,A74,4,A92,4,34,A141,1,A172,1
A14,36,A32,3349,A61,A73,4,A92,2,28,A143,1,A174,1
A13,10,A32,1275,A61,A72,4,A92,2,23,A143,1,A173,0
A11,24,A31,2828,A63,A73,4,A93,4,22,A142,1,A173,0
A14,24,A34,4526,A61,A73,3,A93,2,74,A143,1,A174,0
A12,36,A32,2671,A62,A73,4,A92,4,50,A143,1,A173,1
A14,18,A32,2051,A61,A72,4,A93,1,33,A143,1,A173,0
A14,15,A32,1300,A65,A75,4,A93,4,45,A141,1,A173,0
A11,12,A32,741,A62,A71,4,A92,3,22,A143,1,A173,1
A13,10,A32,1240,A62,A75,1,A92,4,48,A143,1,A172,1
A11,21,A32,3357,A64,A72,4,A92,2,29,A141,1,A173,0
A11,24,A31,3632,A61,A73,1,A92,4,22,A141,1,A173,0
A14,18,A33,1808,A61,A74,4,A92,1,22,A143,1,A173,1
A12,48,A30,12204,A65,A73,2,A93,2,48,A141,1,A174,0
A12,60,A33,9157,A65,A73,2,A93,2,27,A143,1,A174,0
A11,6,A34,3676,A61,A73,1,A93,3,37,A143,3,A173,0
A12,30,A32,3441,A62,A73,2,A92,4,21,A143,1,A173,1
A14,12,A32,640,A61,A73,4,A91,2,49,A143,1,A172,0
A12,21,A34,3652,A61,A74,2,A93,3,27,A143,2,A173,0
A14,18,A34,1530,A61,A73,3,A93,2,32,A141,2,A173,1
A14,48,A32,3914,A65,A73,4,A91,2,38,A141,1,A173,1
A11,12,A32,1858,A61,A72,4,A92,1,22,A143,1,A173,0
A11,18,A32,2600,A61,A73,4,A93,4,65,A143,2,A173,1
A14,15,A32,1979,A65,A75,4,A93,2,35,A143,1,A173,0
A13,6,A32,2116,A61,A73,2,A93,2,41,A143,1,A173,0
A12,9,A31,1437,A62,A74,2,A93,3,29,A143,1,A173,1
A14,42,A34,4042,A63,A73,4,A93,4,36,A143,2,A173,0
A14,9,A32,3832,A65,A75,1,A93,4,64,A143,1,A172,0
A11,24,A32,3660,A61,A73,2,A92,4,28,A143,1,A173,0
A11,18,A31,1553,A61,A73,4,A93,3,44,A141,1,A173,1
A12,15,A32,1444,A65,A72,4,A93,1,23,A143,1,A173,0
A14,9,A32,1980,A61,A72,2,A92,2,19,A143,2,A173,1
A12,24,A32,1355,A61,A72,3,A92,4,25,A143,1,A172,1
A14,12,A32,1393,A61,A75,4,A93,4,47,A141,3,A173,0
A14,24,A32,1376,A63,A74,4,A92,1,28,A143,1,A173,0
A14,60,A33,15653,A61,A74,2,A93,4,21,A143,2,A173,0
A14,12,A32,1493,A61,A72,4,A92,3,34,A143,1,A173,0
A11,42,A33,4370,A61,A74,3,A93,2,26,A141,2,A173,1
A11,18,A32,750,A61,A71,4,A92,1,27,A143,1,A171,1
A12,15,A32,1308,A61,A75,4,A93,4,38,A143,2,A172,0
A14,15,A32,4623,A62,A73,3,A93,2,40,A143,1,A174,1
A14,24,A34,1851,A61,A74,4,A94,2,33,A143,2,A173,0
A11,18,A34,1880,A61,A74,4,A94,1,32,A143,2,A174,0
A14,36,A33,7980,A65,A72,4,A93,4,27,A143,2,A173,1
A11,30,A30,4583,A61,A73,2,A91,2,32,A143,2,A173,0
A14,12,A32,1386,A63,A73,2,A92,2,26,A143,1,A173,1
A13,24,A32,947,A61,A74,4,A93,3,38,A141,1,A173,1
A11,12,A32,684,A61,A73,4,A93,4,40,A143,1,A172,1
A11,48,A32,7476,A61,A74,4,A93,1,50,A143,1,A174,0
A12,12,A32,1922,A61,A73,4,A93,2,37,A143,1,A172,1
A11,24,A32,2303,A61,A75,4,A93,1,45,A143,1,A173,1
A12,36,A33,8086,A62,A75,2,A93,4,42,A143,4,A174,1
A14,24,A34,2346,A61,A74,4,A93,3,35,A143,2,A173,0
A11,14,A32,3973,A61,A71,1,A93,4,22,A143,1,A173,0
A12,12,A32,888,A61,A75,4,A93,4,41,A141,1,A172,1
A14,48,A32,10222,A65,A74,4,A93,3,37,A142,1,A173,0
A12,30,A30,4221,A61,A73,2,A92,1,28,A143,2,A173,0
A12,18,A34,6361,A61,A75,2,A93,1,41,A143,1,A173,0
A13,12,A32,1297,A61,A73,3,A94,4,23,A143,1,A173,0
A11,12,A32,900,A65,A73,4,A94,2,23,A143,1,A173,1
A14,21,A32,2241,A61,A75,4,A93,2,50,A143,2,A173,0
A12,6,A33,1050,A61,A71,4,A93,1,35,A142,2,A174,0
A13,6,A34,1047,A61,A73,2,A92,4,50,A143,1,A172,0
A14,24,A34,6314,A61,A71,4,A93,2,27,A141,2,A174,0
A12,30,A31,3496,A64,A73,4,A93,2,34,A142,1,A173,0
A14,48,A31,3609,A61,A73,1,A92,1,27,A142,1,A173,0
A11,12,A34,4843,A61,A75,3,A93,4,43,A143,2,A173,1
A13,30,A34,3017,A61,A75,4,A93,4,47,A143,1,A173,0
A14,24,A34,4139,A62,A73,3,A93,3,27,A143,2,A172,0
A14,36,A32,5742,A62,A74,2,A93,2,31,A143,2,A173,0
A14,60,A32,10366,A61,A75,2,A93,4,42,A143,1,A174,0
A14,6,A34,2080,A63,A73,1,A94,2,24,A143,1,A173,0
A14,21,A33,2580,A63,A72,4,A93,2,41,A141,1,A172,1
A14,30,A34,4530,A61,A74,4,A92,4,26,A143,1,A174,0
A14,24,A34,5150,A61,A75,4,A93,4,33,A143,1,A173,0
A12,72,A32,5595,A62,A73,2,A94,2,24,A143,1,A173,1
A11,24,A32,2384,A61,A75,4,A93,4,64,A141,1,A172,0
A14,18,A32,1453,A61,A72,3,A92,1,26,A143,1,A173,0
A14,6,A32,1538,A61,A72,1,A92,2,56,A143,1,A173,0
A14,12,A32,2279,A65,A73,4,A93,4,37,A143,1,A173,0
A14,15,A33,1478,A61,A73,4,A94,3,33,A141,2,A173,0
A14,24,A34,5103,A61,A72,3,A94,3,47,A143,3,A173,0
A12,36,A33,9857,A62,A74,1,A93,3,31,A143,2,A172,0
A14,60,A32,6527,A65,A73,4,A93,4,34,A143,1,A173,0
A13,10,A34,1347,A65,A74,4,A93,2,27,A143,2,A173,0
A12,36,A33,2862,A62,A75,4,A93,3,30,A143,1,A173,0
A14,9,A32,2753,A62,A75,3,A93,4,35,A143,1,A173,0
A11,12,A32,3651,A64,A73,1,A93,3,31,A143,1,A173,0
A11,15,A34,975,A61,A73,2,A91,3,25,A143,2,A173,0
A12,15,A32,2631,A62,A73,3,A92,2,25,A143,1,A172,0
A12,24,A32,2896,A62,A72,2,A93,1,29,A143,1,A173,0
A11,6,A34,4716,A65,A72,1,A93,3,44,A143,2,A172,0
A14,24,A32,2284,A61,A74,4,A93,2,28,A143,1,A173,0
A14,6,A32,1236,A63,A73,2,A93,4,50,A143,1,A173,0
A12,12,A32,1103,A61,A74,4,A93,3,29,A143,2,A173,0
A14,12,A34,926,A61,A71,1,A92,2,38,A143,1,A171,0
A14,18,A34,1800,A61,A73,4,A93,2,24,A143,2,A173,0
A13,15,A32,1905,A61,A75,4,A93,4,40,A143,1,A174,0
A14,12,A32,1123,A63,A73,4,A92,4,29,A143,1,A172,1
A11,48,A34,6331,A61,A75,4,A93,4,46,A143,2,A173,1
A13,24,A32,1377,A62,A75,4,A92,2,47,A143,1,A173,0
A12,30,A33,2503,A62,A75,4,A93,2,41,A142,2,A173,0
A12,27,A32,2528,A61,A72,4,A92,1,32,A143,1,A173,0
A14,15,A32,5324,A63,A75,1,A92,4,35,A143,1,A173,0
A12,48,A32,6560,A62,A74,3,A93,2,24,A143,1,A173,1
A12,12,A30,2969,A61,A72,4,A92,3,25,A143,2,A173,1
A12,9,A32,1206,A61,A75,4,A92,4,25,A143,1,A173,0
A12,9,A32,2118,A61,A73,2,A93,2,37,A143,1,A172,0
A14,18,A34,629,A63,A75,4,A93,3,32,A141,2,A174,0
A11,6,A31,1198,A61,A75,4,A92,4,35,A143,1,A173,1
A14,21,A32,2476,A65,A75,4,A93,4,46,A143,1,A174,0
A11,9,A34,1138,A61,A73,4,A93,4,25,A143,2,A172,0
A12,60,A32,14027,A61,A74,4,A93,2,27,A143,1,A174,1
A14,30,A34,7596,A65,A75,1,A93,4,63,A143,2,A173,0
A14,30,A34,3077,A65,A75,3,A93,2,40,A143,2,A173,0
A14,18,A32,1505,A61,A73,4,A93,2,32,A143,1,A174,0
A13,24,A34,3148,A65,A73,3,A93,2,31,A143,2,A173,0
A12,20,A30,6148,A62,A75,3,A94,4,31,A141,2,A173,0
A13,9,A30,1337,A61,A72,4,A93,2,34,A143,2,A174,1
A12,6,A31,433,A64,A72,4,A92,2,24,A141,1,A173,1
A11,12,A32,1228,A61,A73,4,A92,2,24,A143,1,A172,1
A12,9,A32,790,A63,A73,4,A92,3,66,A143,1,A172,0
A14,27,A32,2570,A61,A73,3,A92,3,21,A143,1,A173,1
A14,6,A34,250,A64,A73,2,A92,2,41,A141,2,A172,0
A14,15,A34,1316,A63,A73,2,A94,2,47,A143,2,A172,0
A11,18,A32,1882,A61,A73,4,A92,4,25,A141,2,A173,1
A12,48,A31,6416,A61,A75,4,A92,3,59,A143,1,A173,1
A13,24,A34,1275,A64,A73,2,A91,4,36,A143,2,A173,0
A12,24,A33,6403,A61,A72,1,A93,2,33,A143,1,A173,0
A11,24,A32,1987,A61,A73,2,A93,4,21,A143,1,A172,1
A12,8,A32,760,A61,A74,4,A92,2,44,A143,1,A172,0
A14,24,A32,2603,A64,A73,2,A92,4,28,A143,1,A173,0
A14,4,A34,3380,A61,A74,1,A92,1,37,A143,1,A173,0
A12,36,A31,3990,A65,A72,3,A92,2,29,A141,1,A171,0
A12,24,A32,11560,A61,A73,1,A92,4,23,A143,2,A174,1
A11,18,A32,4380,A62,A73,3,A93,4,35,A143,1,A172,0
A14,6,A34,6761,A61,A74,1,A93,3,45,A143,2,A174,0
A12,30,A30,4280,A62,A73,4,A92,4,26,A143,2,A172,1
A11,24,A31,2325,A62,A74,2,A93,3,32,A141,1,A173,0
A12,10,A31,1048,A61,A73,4,A93,4,23,A142,1,A172,0
A14,21,A32,3160,A65,A75,4,A93,3,41,A143,1,A173,0
A11,24,A31,2483,A63,A73,4,A93,4,22,A142,1,A173,0
A11,39,A34,14179,A65,A74,4,A93,4,30,A143,2,A174,0
A11,13,A34,1797,A61,A72,3,A93,1,28,A141,2,A172,0
A11,15,A32,2511,A61,A71,1,A92,4,23,A143,1,A173,0
A11,12,A32,1274,A61,A72,3,A92,1,37,A143,1,A172,1
A14,21,A32,5248,A65,A73,1,A93,3,26,A143,1,A173,0
A14,15,A32,3029,A61,A74,2,A93,2,33,A143,1,A173,0
A11,6,A32,428,A61,A75,2,A92,1,49,A141,1,A173,0
A11,18,A32,976,A61,A72,1,A92,2,23,A143,1,A172,1
A12,12,A32,841,A62,A74,2,A92,4,23,A143,1,A172,0
A14,30,A34,5771,A61,A74,4,A92,2,25,A143,2,A173,0
A14,12,A33,1555,A64,A75,4,A93,4,55,A143,2,A173,1
A11,24,A32,1285,A65,A74,4,A92,4,32,A143,1,A173,1
A13,6,A34,1299,A61,A73,1,A93,1,74,A143,3,A171,0
A13,15,A34,1271,A65,A73,3,A93,4,39,A143,2,A173,1
A14,24,A32,1393,A61,A73,2,A93,2,31,A143,1,A173,0
A11,12,A34,691,A61,A75,4,A93,3,35,A143,2,A173,1
A14,15,A34,5045,A65,A75,1,A92,4,59,A143,1,A173,0
A11,18,A34,2124,A61,A73,4,A92,4,24,A143,2,A173,1
A11,12,A32,2214,A61,A73,4,A93,3,24,A143,1,A172,0
A14,21,A34,12680,A65,A75,4,A93,4,30,A143,1,A174,1
A14,24,A34,2463,A62,A74,4,A94,3,27,A143,2,A173,0
A12,12,A32,1155,A61,A75,3,A94,3,40,A141,2,A172,0
A11,30,A32,3108,A61,A72,2,A91,4,31,A143,1,A172,1
A14,10,A32,2901,A65,A72,1,A92,4,31,A143,1,A173,0
A12,12,A34,3617,A61,A75,1,A93,4,28,A143,3,A173,0
A14,12,A34,1655,A61,A75,2,A93,4,63,A143,2,A172,0
A11,24,A32,2812,A65,A75,2,A92,4,26,A143,1,A173,0
A11,36,A34,8065,A61,A73,3,A92,2,25,A143,2,A174,1
A14,21,A34,3275,A61,A75,1,A93,4,36,A143,1,A174,0
A14,24,A34,2223,A62,A75,4,A93,4,52,A141,2,A173,0
A13,12,A34,1480,A63,A71,2,A93,4,66,A141,3,A171,0
A11,24,A32,1371,A65,A73,4,A92,4,25,A143,1,A173,1
A14,36,A34,3535,A61,A74,4,A93,4,37,A143,2,A173,0
A11,18,A32,3509,A61,A74,4,A92,1,25,A143,1,A173,0
A14,36,A34,5711,A64,A75,4,A93,2,38,A143,2,A174,0
A12,18,A32,3872,A61,A71,2,A92,4,67,A143,1,A173,0
A12,39,A34,4933,A61,A74,2,A93,2,25,A143,2,A173,1
A14,24,A34,1940,A64,A75,4,A93,4,60,A143,1,A173,0
A12,12,A30,1410,A61,A73,2,A93,2,31,A143,1,A172,0
A12,12,A32,836,A62,A72,4,A92,2,23,A141,1,A172,1
A12,20,A32,6468,A65,A71,1,A91,4,60,A143,1,A174,0
A12,18,A32,1941,A64,A73,4,A93,2,35,A143,1,A172,0
A14,22,A32,2675,A63,A75,3,A93,4,40,A143,1,A173,0
A14,48,A34,2751,A65,A75,4,A93,3,38,A143,2,A173,0
A12,48,A33,6224,A61,A75,4,A93,4,50,A143,1,A173,1
A11,40,A34,5998,A61,A73,4,A93,3,27,A141,1,A173,1
A12,21,A32,1188,A61,A75,2,A92,4,39,A143,1,A173,1
A14,24,A32,6313,A65,A75,3,A93,4,41,A143,1,A174,0
A14,6,A34,1221,A65,A73,1,A94,2,27,A143,2,A173,0
A13,24,A32,2892,A61,A75,3,A91,4,51,A143,1,A173,0
A14,24,A32,3062,A63,A75,4,A93,3,32,A143,1,A173,0
A14,9,A32,2301,A62,A72,2,A92,4,22,A143,1,A173,0
A11,18,A32,7511,A65,A75,1,A93,4,51,A143,1,A173,1
A14,12,A34,1258,A61,A72,2,A92,4,22,A143,2,A172,0
A14,24,A33,717,A65,A75,4,A94,4,54,A143,2,A173,0
A12,9,A32,1549,A65,A72,4,A93,2,35,A143,1,A171,0
A14,24,A34,1597,A61,A75,4,A93,4,54,A143,2,A173,0
A12,18,A34,1795,A61,A75,3,A92,4,48,A141,2,A172,0
A11,20,A34,4272,A61,A75,1,A92,4,24,A143,2,A173,0
A14,12,A34,976,A65,A75,4,A93,4,35,A143,2,A173,0
A12,12,A32,7472,A65,A71,1,A92,2,24,A143,1,A171,0
A11,36,A32,9271,A61,A74,2,A93,1,24,A143,1,A173,1
A12,6,A32,590,A61,A72,3,A94,3,26,A143,1,A172,0
A14,12,A34,930,A65,A75,4,A93,4,65,A143,4,A173,0
A12,42,A31,9283,A61,A71,1,A93,2,55,A141,1,A174,0
A12,15,A30,1778,A61,A72,2,A92,1,26,A143,2,A171,1
A12,8,A32,907,A61,A72,3,A94,2,26,A143,1,A173,0
A12,6,A32,484,A61,A74,3,A94,3,28,A141,1,A172,0
A11,36,A34,9629,A61,A74,4,A93,4,24,A143,2,A173,1
A11,48,A32,3051,A61,A73,3,A93,4,54,A143,1,A173,1
A11,48,A32,3931,A61,A74,4,A93,4,46,A143,1,A173,1
A12,36,A33,7432,A61,A73,2,A92,2,54,A143,1,A173,0
A14,6,A32,1338,A63,A73,1,A91,4,62,A143,1,A173,0
A14,6,A34,1554,A61,A74,1,A92,2,24,A143,2,A173,0
A11,36,A32,15857,A61,A71,2,A91,3,43,A143,1,A174,0
A11,18,A32,1345,A61,A73,4,A94,3,26,A141,1,A173,1
A14,12,A32,1101,A61,A73,3,A94,2,27,A143,2,A173,0
A13,12,A32,3016,A61,A73,3,A94,1,24,A143,1,A173,0
A11,36,A32,2712,A61,A75,2,A93,2,41,A141,1,A173,1
A11,8,A34,731,A61,A75,4,A93,4,47,A143,2,A172,0
A14,18,A34,3780,A61,A72,3,A91,2,35,A143,2,A174,0
A11,21,A34,1602,A61,A75,4,A94,3,30,A143,2,A173,0
A11,18,A34,3966,A61,A75,1,A92,4,33,A141,3,A173,1
A14,18,A30,4165,A61,A73,2,A93,2,36,A142,2,A173,1
A11,36,A32,8335,A65,A75,3,A93,4,47,A143,1,A173,1
A12,48,A33,6681,A65,A73,4,A93,4,38,A143,1,A173,0
A14,24,A33,2375,A63,A73,4,A93,2,44,A143,2,A173,0
A11,18,A32,1216,A61,A72,4,A92,3,23,A143,1,A173,1
A11,45,A30,11816,A61,A75,2,A93,4,29,A143,2,A173,1
A12,24,A32,5084,A65,A75,2,A92,4,42,A143,1,A173,0
A13,15,A32,2327,A61,A72,2,A92,3,25,A143,1,A172,1
A11,12,A30,1082,A61,A73,4,A93,4,48,A141,2,A173,1
A14,12,A32,886,A65,A73,4,A92,2,21,A143,1,A173,0
A14,4,A32,601,A61,A72,1,A92,3,23,A143,1,A172,0
A11,24,A34,2957,A61,A75,4,A93,4,63,A143,2,A173,0
A14,24,A34,2611,A61,A75,4,A94,3,46,A143,2,A173,0
A11,36,A32,5179,A61,A74,4,A93,2,29,A143,1,A173,1
A14,21,A33,2993,A61,A73,3,A93,2,28,A142,2,A172,0
A14,18,A32,1943,A61,A72,4,A92,4,23,A143,1,A173,1
A14,24,A31,1559,A61,A74,4,A93,4,50,A141,1,A173,0
A14,18,A32,3422,A61,A75,4,A93,4,47,A141,3,A173,0
A12,21,A32,3976,A65,A74,2,A93,3,35,A143,1,A173,0
A14,18,A32,6761,A65,A73,2,A93,4,68,A143,2,A173,1
A14,24,A32,1249,A61,A72,4,A94,2,28,A143,1,A173,0
A11,9,A32,1364,A61,A74,3,A93,4,59,A143,1,A173,0
A11,12,A32,709,A61,A75,4,A93,4,57,A142,1,A172,1
A11,20,A34,2235,A61,A73,4,A94,2,33,A141,2,A173,1
A14,24,A34,4042,A65,A74,3,A93,4,43,A143,2,A173,0
A14,15,A34,1471,A61,A73,4,A93,4,35,A143,2,A173,0
A11,18,A31,1442,A61,A74,4,A93,4,32,A143,2,A172,1
A14,36,A33,10875,A61,A75,2,A93,2,45,A143,2,A173,0
A14,24,A32,1474,A62,A72,4,A94,3,33,A143,1,A173,0
A14,10,A32,894,A65,A74,4,A92,3,40,A143,1,A173,0
A14,15,A34,3343,A61,A73,4,A93,2,28,A143,1,A173,0
A11,15,A32,3959,A61,A73,3,A92,2,29,A143,1,A173,1
A14,9,A32,3577,A62,A73,1,A93,2,26,A143,1,A173,0
A14,24,A34,5804,A64,A73,4,A93,2,27,A143,2,A173,0
A14,18,A33,2169,A61,A73,4,A94,2,28,A143,1,A173,1
A11,24,A32,2439,A61,A72,4,A92,4,35,A143,1,A173,1
A14,27,A34,4526,A64,A72,4,A93,2,32,A142,2,A172,0
A14,10,A32,2210,A61,A73,2,A93,2,25,A141,1,A172,1
A14,15,A32,2221,A63,A73,2,A92,4,20,A143,1,A173,0
A11,18,A32,2389,A61,A72,4,A92,1,27,A142,1,A173,0
A14,12,A34,3331,A61,A75,2,A93,4,42,A142,1,A173,0
A14,36,A32,7409,A65,A75,3,A93,2,37,A143,2,A173,0
A11,12,A32,652,A61,A75,4,A92,4,24,A143,1,A173,0
A14,36,A33,7678,A63,A74,2,A92,4,40,A143,2,A173,0
A13,6,A34,1343,A61,A75,1,A93,4,46,A143,2,A173,0
A11,24,A34,1382,A62,A74,4,A93,1,26,A143,2,A173,0
A14,15,A32,874,A65,A72,4,A92,1,24,A143,1,A173,0
A11,12,A32,3590,A61,A73,2,A93,2,29,A143,1,A172,0
A12,11,A34,1322,A64,A73,4,A92,4,40,A143,2,A173,0
A11,18,A31,1940,A61,A72,3,A93,4,36,A141,1,A174,0
A14,36,A32,3595,A61,A75,4,A93,2,28,A143,1,A173,0
A11,9,A32,1422,A61,A72,3,A93,2,27,A143,1,A174,1
A14,30,A34,6742,A65,A74,2,A93,3,36,A143,2,A173,0
A14,24,A32,7814,A61,A74,3,A93,3,38,A143,1,A174,0
A14,24,A32,9277,A65,A73,2,A91,4,48,A143,1,A173,0
A12,30,A34,2181,A65,A75,4,A93,4,36,A143,2,A173,0
A14,18,A34,1098,A61,A71,4,A92,4,65,A143,2,A171,0
A12,24,A32,4057,A61,A74,3,A91,3,43,A143,1,A173,1
A11,12,A32,795,A61,A72,4,A92,4,53,A143,1,A173,1
A12,24,A34,2825,A65,A74,4,A93,3,34,A143,2,A173,0
A12,48,A32,15672,A61,A73,2,A93,2,23,A143,1,A173,1
A14,36,A34,6614,A61,A75,4,A93,4,34,A143,2,A174,0
A14,28,A31,7824,A65,A72,3,A93,4,40,A141,2,A173,0
A11,27,A34,2442,A61,A75,4,A93,4,43,A142,4,A174,0
A14,15,A34,1829,A61,A75,4,A93,4,46,A143,2,A173,0
A11,12,A34,2171,A61,A73,4,A93,4,38,A141,2,A172,0
A12,36,A34,5800,A61,A73,3,A93,4,34,A143,2,A173,0
A14,18,A34,1169,A65,A73,4,A93,3,29,A143,2,A173,0
A14,36,A33,8947,A65,A74,3,A93,2,31,A142,1,A174,0
A11,21,A32,2606,A61,A72,4,A92,4,28,A143,1,A174,0
A14,12,A34,1592,A64,A74,3,A92,2,35,A143,1,A173,0
A14,15,A32,2186,A65,A74,1,A92,4,33,A141,1,A172,0
A11,18,A32,4153,A61,A73,2,A93,3,42,A143,1,A173,1
A11,16,A34,2625,A61,A75,2,A93,4,43,A141,1,A173,1
A14,20,A34,3485,A65,A72,2,A91,4,44,A143,2,A173,0
A14,36,A34,10477,A65,A75,2,A93,4,42,A143,2,A173,0
A14,15,A32,1386,A65,A73,4,A94,2,40,A143,1,A173,0
A14,24,A32,1278,A61,A75,4,A93,1,36,A143,1,A174,0
A11,12,A32,1107,A61,A73,2,A93,2,20,A143,1,A174,0
A11,21,A32,3763,A65,A74,2,A93,2,24,A143,1,A172,0
A12,36,A32,3711,A65,A73,2,A94,2,27,A143,1,A173,0
A14,15,A33,3594,A61,A72,1,A92,2,46,A143,2,A172,0
A12,9,A32,3195,A65,A73,1,A92,2,33,A143,1,A172,0
A14,36,A33,4454,A61,A73,4,A92,4,34,A143,2,A173,0
A12,24,A34,4736,A61,A72,2,A92,4,25,A141,1,A172,1
A12,30,A32,2991,A65,A75,2,A92,4,25,A143,1,A173,0
A14,11,A32,2142,A64,A75,1,A91,2,28,A143,1,A173,0
A11,24,A31,3161,A61,A73,4,A93,2,31,A143,1,A173,1
A12,48,A30,18424,A61,A73,1,A92,2,32,A141,1,A174,1
A14,10,A32,2848,A62,A73,1,A93,2,32,A143,1,A173,0
A11,6,A32,14896,A61,A75,1,A93,4,68,A141,1,A174,1
A11,24,A32,2359,A62,A71,1,A91,1,33,A143,1,A173,1
A11,24,A32,3345,A61,A75,4,A93,2,39,A143,1,A174,1
A14,18,A34,1817,A61,A73,4,A92,2,28,A143,2,A173,0
A14,48,A33,12749,A63,A74,4,A93,1,37,A143,1,A174,0
A11,9,A32,1366,A61,A72,3,A92,4,22,A143,1,A173,1
A12,12,A32,2002,A61,A74,3,A93,4,30,A143,1,A173,0
A11,24,A31,6872,A61,A72,2,A91,1,55,A141,1,A173,1
A11,12,A31,697,A61,A72,4,A93,2,46,A141,2,A173,1
A11,18,A34,1049,A61,A72,4,A92,4,21,A143,1,A173,0
A11,48,A32,10297,A61,A74,4,A93,4,39,A142,3,A173,1
A14,30,A32,1867,A65,A75,4,A93,4,58,A143,1,A173,0
A11,12,A33,1344,A61,A73,4,A93,2,43,A143,2,A172,0
A11,24,A32,1747,A61,A72,4,A93,1,24,A143,1,A172,0
A12,9,A32,1670,A61,A72,4,A92,2,22,A143,1,A173,1
A14,9,A34,1224,A61,A73,3,A93,1,30,A143,2,A173,0
A14,12,A34,522,A63,A75,4,A93,4,42,A143,2,A173,0
A11,12,A32,1498,A61,A73,4,A92,1,23,A141,1,A173,0
A12,30,A33,1919,A62,A72,4,A93,3,30,A142,2,A174,1
A13,9,A32,745,A61,A73,3,A92,2,28,A143,1,A172,1
A12,6,A32,2063,A61,A72,4,A94,3,30,A143,1,A174,0
A12,60,A32,6288,A61,A73,4,A93,4,42,A143,1,A173,1
A14,24,A34,6842,A65,A73,2,A93,4,46,A143,2,A174,0
A14,12,A32,3527,A65,A72,2,A93,3,45,A143,1,A174,0
A14,10,A32,1546,A61,A73,3,A93,2,31,A143,1,A172,0
A14,24,A32,929,A65,A74,4,A93,2,31,A142,1,A173,0
A14,4,A34,1455,A61,A74,2,A93,1,42,A143,3,A172,0
A11,15,A32,1845,A61,A72,4,A92,1,46,A143,1,A173,0
A12,48,A30,8358,A63,A72,1,A92,1,30,A143,2,A173,0
A11,24,A31,3349,A63,A72,4,A93,4,30,A143,1,A173,1
A14,12,A32,2859,A65,A71,4,A93,4,38,A143,1,A174,0
A14,18,A32,1533,A61,A72,4,A94,1,43,A143,1,A172,1
A14,24,A32,3621,A62,A75,2,A93,4,31,A143,2,A173,1
A12,18,A34,3590,A61,A71,3,A94,3,40,A143,3,A171,0
A11,36,A33,2145,A61,A74,2,A93,1,24,A143,2,A173,1
A12,24,A32,4113,A63,A72,3,A92,4,28,A143,1,A173,1
A14,36,A32,10974,A61,A71,4,A92,2,26,A143,2,A174,1
A11,12,A32,1893,A61,A73,4,A92,4,29,A143,1,A173,0
A11,24,A34,1231,A64,A75,4,A92,4,57,A143,2,A174,0
A13,30,A34,3656,A65,A75,4,A93,4,49,A142,2,A172,0
A12,9,A34,1154,A61,A75,2,A93,4,37,A143,3,A172,0
A11,28,A32,4006,A61,A73,3,A93,2,45,A143,1,A172,1
A12,24,A32,3069,A62,A75,4,A93,4,30,A143,1,A173,0
A14,6,A34,1740,A61,A75,2,A94,2,30,A143,2,A173,0
A12,21,A33,2353,A61,A73,1,A91,4,47,A143,2,A173,0
A14,15,A32,3556,A65,A73,3,A93,2,29,A143,1,A173,0
A14,24,A32,2397,A63,A75,3,A93,2,35,A141,2,A173,1
A12,6,A32,454,A61,A72,3,A94,1,22,A143,1,A172,0
A12,30,A32,1715,A65,A73,4,A92,1,26,A143,1,A173,0
A12,27,A34,2520,A63,A73,4,A93,2,23,A143,2,A172,1
A14,15,A32,3568,A61,A75,4,A92,2,54,A141,1,A174,0
A14,42,A32,7166,A65,A74,2,A94,4,29,A143,1,A173,0
A11,11,A34,3939,A61,A73,1,A93,2,40,A143,2,A172,0
A12,15,A32,1514,A62,A73,4,A93,2,22,A143,1,A173,0
A14,24,A32,7393,A61,A73,1,A93,4,43,A143,1,A172,0
A11,24,A31,1193,A61,A71,1,A92,4,29,A143,2,A171,1
A11,60,A32,7297,A61,A75,4,A93,4,36,A143,1,A173,1
A14,30,A34,2831,A61,A73,4,A92,2,33,A143,1,A173,0
A13,24,A32,1258,A63,A73,3,A92,3,57,A143,1,A172,0
A12,6,A32,753,A61,A73,2,A92,3,64,A143,1,A173,0
A12,18,A33,2427,A65,A75,4,A93,2,42,A143,2,A173,0
A14,24,A33,2538,A61,A75,4,A93,4,47,A143,2,A172,1
A12,15,A31,1264,A62,A73,2,A94,2,25,A143,1,A173,1
A12,30,A34,8386,A61,A74,2,A93,2,49,A143,1,A173,1
A14,48,A32,4844,A61,A71,3,A93,2,33,A141,1,A174,1
A13,21,A32,2923,A62,A73,1,A92,1,28,A141,1,A174,0
A11,36,A32,8229,A61,A73,2,A93,2,26,A143,1,A173,1
A14,24,A34,2028,A61,A74,2,A93,2,30,A143,2,A172,0
A11,15,A34,1433,A61,A73,4,A92,3,25,A143,2,A173,0
A13,42,A30,6289,A61,A72,2,A91,1,33,A143,2,A173,0
A14,13,A32,1409,A62,A71,2,A92,4,64,A143,1,A173,0
A11,24,A32,6579,A61,A71,4,A93,2,29,A143,1,A174,0
A12,24,A34,1743,A61,A75,4,A93,2,48,A143,2,A172,0
A14,12,A34,3565,A65,A72,2,A93,1,37,A143,2,A172,0
A14,15,A31,1569,A62,A75,4,A93,4,34,A141,1,A172,0
A11,18,A32,1936,A65,A74,2,A94,4,23,A143,2,A172,0
A11,36,A32,3959,A61,A71,4,A93,3,30,A143,1,A174,0
A14,12,A32,2390,A65,A75,4,A93,3,50,A143,1,A173,0
A14,12,A32,1736,A61,A74,3,A92,4,31,A143,1,A172,0
A11,30,A32,3857,A61,A73,4,A91,4,40,A143,1,A174,0
A14,12,A32,804,A61,A75,4,A93,4,38,A143,1,A173,0
A11,45,A32,1845,A61,A73,4,A93,4,23,A143,1,A173,1
A12,45,A34,4576,A62,A71,3,A93,4,27,A143,1,A173,0