,DS_Name categorical Name of DataSet,T continuous Number of examples in test set,Ncontinuous Number of examples,p continuous Number of attributes,k continuous Number of classes,Bin continuous Number of binary Attributes,"Cost continuous Cost (1=yes,0=no)",SDratio continuous Standard deviation ratio,correl continuous Mean correlation between attributes,cancor1 continuous First canonical correlation,cancor2 continuous Second canonical correlation,fract1 continuous First eigenvalue,fract2 continuous Second eigenvalue,skewness continuous Mean of |E(X-Mean)|^3/STD^3,kurtosis continuous Mean of |E(X-Mean)|^4/STD^4, Hc continuous Mean entropy of attributes,Hx continuous Entropy of classes, MCx continuous Mean mutual entropy of class and attributes, EnAtr continuous Equivalent number of attributes,NSRatio continuous Noise-signal ratio,Alg_Name categorical Name of Algorithm,Norm_error continuous Normalized Error (continuous class)
0,Aust_Credit,690,690,14,2,4,0,1.2623,0.1024,0.7713,?,1.0,?,1.9701,12.5538,0.9912,2.3012,0.113,8.77168142,19.364601800000003,Ac2,3.8930000000000002
1,Aust_Credit,690,690,14,2,4,0,1.2623,0.1024,0.7713,?,1.0,?,1.9701,12.5538,0.9912,2.3012,0.113,8.77168142,19.364601800000003,Alloc80,5.45
2,Aust_Credit,690,690,14,2,4,0,1.2623,0.1024,0.7713,?,1.0,?,1.9701,12.5538,0.9912,2.3012,0.113,8.77168142,19.364601800000003,BackProp,1.791
3,Aust_Credit,690,690,14,2,4,0,1.2623,0.1024,0.7713,?,1.0,?,1.9701,12.5538,0.9912,2.3012,0.113,8.77168142,19.364601800000003,Bayes,1.557
4,Aust_Credit,690,690,14,2,4,0,1.2623,0.1024,0.7713,?,1.0,?,1.9701,12.5538,0.9912,2.3012,0.113,8.77168142,19.364601800000003,BayesTree,3.114
5,Aust_Credit,690,690,14,2,4,0,1.2623,0.1024,0.7713,?,1.0,?,1.9701,12.5538,0.9912,2.3012,0.113,8.77168142,19.364601800000003,C4.5,1.868
6,Aust_Credit,690,690,14,2,4,0,1.2623,0.1024,0.7713,?,1.0,?,1.9701,12.5538,0.9912,2.3012,0.113,8.77168142,19.364601800000003,CART,1.09
7,Aust_Credit,690,690,14,2,4,0,1.2623,0.1024,0.7713,?,1.0,?,1.9701,12.5538,0.9912,2.3012,0.113,8.77168142,19.364601800000003,Cal5,0.0
8,Aust_Credit,690,690,14,2,4,0,1.2623,0.1024,0.7713,?,1.0,?,1.9701,12.5538,0.9912,2.3012,0.113,8.77168142,19.364601800000003,Cascade,67.655
9,Aust_Credit,690,690,14,2,4,0,1.2623,0.1024,0.7713,?,1.0,?,1.9701,12.5538,0.9912,2.3012,0.113,8.77168142,19.364601800000003,Castle,1.324
10,Aust_Credit,690,690,14,2,4,0,1.2623,0.1024,0.7713,?,1.0,?,1.9701,12.5538,0.9912,2.3012,0.113,8.77168142,19.364601800000003,Cn2,5.683
11,Aust_Credit,690,690,14,2,4,0,1.2623,0.1024,0.7713,?,1.0,?,1.9701,12.5538,0.9912,2.3012,0.113,8.77168142,19.364601800000003,Default,24.057
12,Aust_Credit,690,690,14,2,4,0,1.2623,0.1024,0.7713,?,1.0,?,1.9701,12.5538,0.9912,2.3012,0.113,8.77168142,19.364601800000003,Dipol92,0.779
13,Aust_Credit,690,690,14,2,4,0,1.2623,0.1024,0.7713,?,1.0,?,1.9701,12.5538,0.9912,2.3012,0.113,8.77168142,19.364601800000003,Discrim,0.779
14,Aust_Credit,690,690,14,2,4,0,1.2623,0.1024,0.7713,?,1.0,?,1.9701,12.5538,0.9912,2.3012,0.113,8.77168142,19.364601800000003,ITrule,0.467
15,Aust_Credit,690,690,14,2,4,0,1.2623,0.1024,0.7713,?,1.0,?,1.9701,12.5538,0.9912,2.3012,0.113,8.77168142,19.364601800000003,IndCART,1.635
16,Aust_Credit,690,690,14,2,4,0,1.2623,0.1024,0.7713,?,1.0,?,1.9701,12.5538,0.9912,2.3012,0.113,8.77168142,19.364601800000003,KNN,3.8930000000000002
17,Aust_Credit,690,690,14,2,4,0,1.2623,0.1024,0.7713,?,1.0,?,1.9701,12.5538,0.9912,2.3012,0.113,8.77168142,19.364601800000003,Kohonen,67.655
18,Aust_Credit,690,690,14,2,4,0,1.2623,0.1024,0.7713,?,1.0,?,1.9701,12.5538,0.9912,2.3012,0.113,8.77168142,19.364601800000003,LVQ,5.138
19,Aust_Credit,690,690,14,2,4,0,1.2623,0.1024,0.7713,?,1.0,?,1.9701,12.5538,0.9912,2.3012,0.113,8.77168142,19.364601800000003,LogDisc,0.779
20,Aust_Credit,690,690,14,2,4,0,1.2623,0.1024,0.7713,?,1.0,?,1.9701,12.5538,0.9912,2.3012,0.113,8.77168142,19.364601800000003,NewId,3.8930000000000002
21,Aust_Credit,690,690,14,2,4,0,1.2623,0.1024,0.7713,?,1.0,?,1.9701,12.5538,0.9912,2.3012,0.113,8.77168142,19.364601800000003,QuaDisc,5.917000000000001
22,Aust_Credit,690,690,14,2,4,0,1.2623,0.1024,0.7713,?,1.0,?,1.9701,12.5538,0.9912,2.3012,0.113,8.77168142,19.364601800000003,RBF,1.09
23,Aust_Credit,690,690,14,2,4,0,1.2623,0.1024,0.7713,?,1.0,?,1.9701,12.5538,0.9912,2.3012,0.113,8.77168142,19.364601800000003,Smart,2.102
24,BT,16000,20000,7,2,0,0,1.0975,0.1146,0.6109,?,1.0,?,6.1012,93.1399,0.2893,2.7416,0.0495,5.84444444,54.3858586,Ac2,9.035
25,BT,16000,20000,7,2,0,0,1.0975,0.1146,0.6109,?,1.0,?,6.1012,93.1399,0.2893,2.7416,0.0495,5.84444444,54.3858586,Alloc80,9.939
26,BT,16000,20000,7,2,0,0,1.0975,0.1146,0.6109,?,1.0,?,6.1012,93.1399,0.2893,2.7416,0.0495,5.84444444,54.3858586,BackProp,2.7110000000000003
27,BT,16000,20000,7,2,0,0,1.0975,0.1146,0.6109,?,1.0,?,6.1012,93.1399,0.2893,2.7416,0.0495,5.84444444,54.3858586,Bayes,20.781
28,BT,16000,20000,7,2,0,0,1.0975,0.1146,0.6109,?,1.0,?,6.1012,93.1399,0.2893,2.7416,0.0495,5.84444444,54.3858586,BayesTree,7.228
29,BT,16000,20000,7,2,0,0,1.0975,0.1146,0.6109,?,1.0,?,6.1012,93.1399,0.2893,2.7416,0.0495,5.84444444,54.3858586,C4.5,1.807
30,BT,16000,20000,7,2,0,0,1.0975,0.1146,0.6109,?,1.0,?,6.1012,93.1399,0.2893,2.7416,0.0495,5.84444444,54.3858586,CART,885.438
31,BT,16000,20000,7,2,0,0,1.0975,0.1146,0.6109,?,1.0,?,6.1012,93.1399,0.2893,2.7416,0.0495,5.84444444,54.3858586,Cal5,2.7110000000000003
32,BT,16000,20000,7,2,0,0,1.0975,0.1146,0.6109,?,1.0,?,6.1012,93.1399,0.2893,2.7416,0.0495,5.84444444,54.3858586,Cascade,885.438
33,BT,16000,20000,7,2,0,0,1.0975,0.1146,0.6109,?,1.0,?,6.1012,93.1399,0.2893,2.7416,0.0495,5.84444444,54.3858586,Castle,24.395
34,BT,16000,20000,7,2,0,0,1.0975,0.1146,0.6109,?,1.0,?,6.1012,93.1399,0.2893,2.7416,0.0495,5.84444444,54.3858586,Cn2,10.842
35,BT,16000,20000,7,2,0,0,1.0975,0.1146,0.6109,?,1.0,?,6.1012,93.1399,0.2893,2.7416,0.0495,5.84444444,54.3858586,Default,27.105
36,BT,16000,20000,7,2,0,0,1.0975,0.1146,0.6109,?,1.0,?,6.1012,93.1399,0.2893,2.7416,0.0495,5.84444444,54.3858586,Dipol92,0.0
37,BT,16000,20000,7,2,0,0,1.0975,0.1146,0.6109,?,1.0,?,6.1012,93.1399,0.2893,2.7416,0.0495,5.84444444,54.3858586,Discrim,11.745999999999999
38,BT,16000,20000,7,2,0,0,1.0975,0.1146,0.6109,?,1.0,?,6.1012,93.1399,0.2893,2.7416,0.0495,5.84444444,54.3858586,ITrule,23.491
39,BT,16000,20000,7,2,0,0,1.0975,0.1146,0.6109,?,1.0,?,6.1012,93.1399,0.2893,2.7416,0.0495,5.84444444,54.3858586,IndCART,4.518
40,BT,16000,20000,7,2,0,0,1.0975,0.1146,0.6109,?,1.0,?,6.1012,93.1399,0.2893,2.7416,0.0495,5.84444444,54.3858586,KNN,9.939
41,BT,16000,20000,7,2,0,0,1.0975,0.1146,0.6109,?,1.0,?,6.1012,93.1399,0.2893,2.7416,0.0495,5.84444444,54.3858586,Kohonen,20.781
42,BT,16000,20000,7,2,0,0,1.0975,0.1146,0.6109,?,1.0,?,6.1012,93.1399,0.2893,2.7416,0.0495,5.84444444,54.3858586,LVQ,18.07
43,BT,16000,20000,7,2,0,0,1.0975,0.1146,0.6109,?,1.0,?,6.1012,93.1399,0.2893,2.7416,0.0495,5.84444444,54.3858586,LogDisc,9.035
44,BT,16000,20000,7,2,0,0,1.0975,0.1146,0.6109,?,1.0,?,6.1012,93.1399,0.2893,2.7416,0.0495,5.84444444,54.3858586,NewId,11.745999999999999
45,BT,16000,20000,7,2,0,0,1.0975,0.1146,0.6109,?,1.0,?,6.1012,93.1399,0.2893,2.7416,0.0495,5.84444444,54.3858586,QuaDisc,27.105
46,BT,16000,20000,7,2,0,0,1.0975,0.1146,0.6109,?,1.0,?,6.1012,93.1399,0.2893,2.7416,0.0495,5.84444444,54.3858586,RBF,9.939
47,BT,16000,20000,7,2,0,0,1.0975,0.1146,0.6109,?,1.0,?,6.1012,93.1399,0.2893,2.7416,0.0495,5.84444444,54.3858586,Smart,0.0
48,Belgian,1250,2500,28,2,0,0,1.5124,0.3503,0.8869,?,1.0,?,0.4334,2.6581,0.9453,5.4853,0.3172,2.98013871,16.292875199999997,Ac2,12.819
49,Belgian,1250,2500,28,2,0,0,1.5124,0.3503,0.8869,?,1.0,?,0.4334,2.6581,0.9453,5.4853,0.3172,2.98013871,16.292875199999997,Alloc80,17.397000000000002
50,Belgian,1250,2500,28,2,0,0,1.5124,0.3503,0.8869,?,1.0,?,0.4334,2.6581,0.9453,5.4853,0.3172,2.98013871,16.292875199999997,BackProp,5.0360000000000005
51,Belgian,1250,2500,28,2,0,0,1.5124,0.3503,0.8869,?,1.0,?,0.4334,2.6581,0.9453,5.4853,0.3172,2.98013871,16.292875199999997,Bayes,25.636999999999997
52,Belgian,1250,2500,28,2,0,0,1.5124,0.3503,0.8869,?,1.0,?,0.4334,2.6581,0.9453,5.4853,0.3172,2.98013871,16.292875199999997,BayesTree,10.987
53,Belgian,1250,2500,28,2,0,0,1.5124,0.3503,0.8869,?,1.0,?,0.4334,2.6581,0.9453,5.4853,0.3172,2.98013871,16.292875199999997,C4.5,15.565999999999999
54,Belgian,1250,2500,28,2,0,0,1.5124,0.3503,0.8869,?,1.0,?,0.4334,2.6581,0.9453,5.4853,0.3172,2.98013871,16.292875199999997,CART,12.819
55,Belgian,1250,2500,28,2,0,0,1.5124,0.3503,0.8869,?,1.0,?,0.4334,2.6581,0.9453,5.4853,0.3172,2.98013871,16.292875199999997,Cal5,10.53
56,Belgian,1250,2500,28,2,0,0,1.5124,0.3503,0.8869,?,1.0,?,0.4334,2.6581,0.9453,5.4853,0.3172,2.98013871,16.292875199999997,Cascade,455.064
57,Belgian,1250,2500,28,2,0,0,1.5124,0.3503,0.8869,?,1.0,?,0.4334,2.6581,0.9453,5.4853,0.3172,2.98013871,16.292875199999997,Castle,18.77
58,Belgian,1250,2500,28,2,0,0,1.5124,0.3503,0.8869,?,1.0,?,0.4334,2.6581,0.9453,5.4853,0.3172,2.98013871,16.292875199999997,Cn2,11.902999999999999
59,Belgian,1250,2500,28,2,0,0,1.5124,0.3503,0.8869,?,1.0,?,0.4334,2.6581,0.9453,5.4853,0.3172,2.98013871,16.292875199999997,Default,162.981
60,Belgian,1250,2500,28,2,0,0,1.5124,0.3503,0.8869,?,1.0,?,0.4334,2.6581,0.9453,5.4853,0.3172,2.98013871,16.292875199999997,Dipol92,5.494
61,Belgian,1250,2500,28,2,0,0,1.5124,0.3503,0.8869,?,1.0,?,0.4334,2.6581,0.9453,5.4853,0.3172,2.98013871,16.292875199999997,Discrim,8.698
62,Belgian,1250,2500,28,2,0,0,1.5124,0.3503,0.8869,?,1.0,?,0.4334,2.6581,0.9453,5.4853,0.3172,2.98013871,16.292875199999997,ITrule,27.011
63,Belgian,1250,2500,28,2,0,0,1.5124,0.3503,0.8869,?,1.0,?,0.4334,2.6581,0.9453,5.4853,0.3172,2.98013871,16.292875199999997,IndCART,12.819
64,Belgian,1250,2500,28,2,0,0,1.5124,0.3503,0.8869,?,1.0,?,0.4334,2.6581,0.9453,5.4853,0.3172,2.98013871,16.292875199999997,KNN,24.264
65,Belgian,1250,2500,28,2,0,0,1.5124,0.3503,0.8869,?,1.0,?,0.4334,2.6581,0.9453,5.4853,0.3172,2.98013871,16.292875199999997,Kohonen,22.891
66,Belgian,1250,2500,28,2,0,0,1.5124,0.3503,0.8869,?,1.0,?,0.4334,2.6581,0.9453,5.4853,0.3172,2.98013871,16.292875199999997,LVQ,21.975
67,Belgian,1250,2500,28,2,0,0,1.5124,0.3503,0.8869,?,1.0,?,0.4334,2.6581,0.9453,5.4853,0.3172,2.98013871,16.292875199999997,LogDisc,0.45799999999999996
68,Belgian,1250,2500,28,2,0,0,1.5124,0.3503,0.8869,?,1.0,?,0.4334,2.6581,0.9453,5.4853,0.3172,2.98013871,16.292875199999997,NewId,9.613999999999999
69,Belgian,1250,2500,28,2,0,0,1.5124,0.3503,0.8869,?,1.0,?,0.4334,2.6581,0.9453,5.4853,0.3172,2.98013871,16.292875199999997,QuaDisc,21.059
70,Belgian,1250,2500,28,2,0,0,1.5124,0.3503,0.8869,?,1.0,?,0.4334,2.6581,0.9453,5.4853,0.3172,2.98013871,16.292875199999997,RBF,12.819
71,Belgian,1250,2500,28,2,0,0,1.5124,0.3503,0.8869,?,1.0,?,0.4334,2.6581,0.9453,5.4853,0.3172,2.98013871,16.292875199999997,Smart,0.0
72,CUT,7480,18700,20,2,0,0,1.032,0.2178,0.55,?,1.0,?,0.9012,3.5214,0.3256,4.6908,0.0292,160.64383600000002,159.64383600000002,Ac2,13.84
73,CUT,7480,18700,20,2,0,0,1.032,0.2178,0.55,?,1.0,?,0.9012,3.5214,0.3256,4.6908,0.0292,160.64383600000002,159.64383600000002,Alloc80,1.432
74,CUT,7480,18700,20,2,0,0,1.032,0.2178,0.55,?,1.0,?,0.9012,3.5214,0.3256,4.6908,0.0292,160.64383600000002,159.64383600000002,BackProp,4.295
75,CUT,7480,18700,20,2,0,0,1.032,0.2178,0.55,?,1.0,?,0.9012,3.5214,0.3256,4.6908,0.0292,160.64383600000002,159.64383600000002,Bayes,20.521
76,CUT,7480,18700,20,2,0,0,1.032,0.2178,0.55,?,1.0,?,0.9012,3.5214,0.3256,4.6908,0.0292,160.64383600000002,159.64383600000002,BayesTree,0.0
77,CUT,7480,18700,20,2,0,0,1.032,0.2178,0.55,?,1.0,?,0.9012,3.5214,0.3256,4.6908,0.0292,160.64383600000002,159.64383600000002,C4.5,0.9540000000000001
78,CUT,7480,18700,20,2,0,0,1.032,0.2178,0.55,?,1.0,?,0.9012,3.5214,0.3256,4.6908,0.0292,160.64383600000002,159.64383600000002,CART,460.999
79,CUT,7480,18700,20,2,0,0,1.032,0.2178,0.55,?,1.0,?,0.9012,3.5214,0.3256,4.6908,0.0292,160.64383600000002,159.64383600000002,Cal5,5.249
80,CUT,7480,18700,20,2,0,0,1.032,0.2178,0.55,?,1.0,?,0.9012,3.5214,0.3256,4.6908,0.0292,160.64383600000002,159.64383600000002,Cascade,460.999
81,CUT,7480,18700,20,2,0,0,1.032,0.2178,0.55,?,1.0,?,0.9012,3.5214,0.3256,4.6908,0.0292,160.64383600000002,159.64383600000002,Castle,12.885
82,CUT,7480,18700,20,2,0,0,1.032,0.2178,0.55,?,1.0,?,0.9012,3.5214,0.3256,4.6908,0.0292,160.64383600000002,159.64383600000002,Cn2,3.818
83,CUT,7480,18700,20,2,0,0,1.032,0.2178,0.55,?,1.0,?,0.9012,3.5214,0.3256,4.6908,0.0292,160.64383600000002,159.64383600000002,Default,12.408
84,CUT,7480,18700,20,2,0,0,1.032,0.2178,0.55,?,1.0,?,0.9012,3.5214,0.3256,4.6908,0.0292,160.64383600000002,159.64383600000002,Dipol92,5.249
85,CUT,7480,18700,20,2,0,0,1.032,0.2178,0.55,?,1.0,?,0.9012,3.5214,0.3256,4.6908,0.0292,160.64383600000002,159.64383600000002,Discrim,7.636
86,CUT,7480,18700,20,2,0,0,1.032,0.2178,0.55,?,1.0,?,0.9012,3.5214,0.3256,4.6908,0.0292,160.64383600000002,159.64383600000002,ITrule,22.906999999999996
87,CUT,7480,18700,20,2,0,0,1.032,0.2178,0.55,?,1.0,?,0.9012,3.5214,0.3256,4.6908,0.0292,160.64383600000002,159.64383600000002,IndCART,2.863
88,CUT,7480,18700,20,2,0,0,1.032,0.2178,0.55,?,1.0,?,0.9012,3.5214,0.3256,4.6908,0.0292,160.64383600000002,159.64383600000002,KNN,0.9540000000000001
89,CUT,7480,18700,20,2,0,0,1.032,0.2178,0.55,?,1.0,?,0.9012,3.5214,0.3256,4.6908,0.0292,160.64383600000002,159.64383600000002,Kohonen,7.636
90,CUT,7480,18700,20,2,0,0,1.032,0.2178,0.55,?,1.0,?,0.9012,3.5214,0.3256,4.6908,0.0292,160.64383600000002,159.64383600000002,LVQ,3.341
91,CUT,7480,18700,20,2,0,0,1.032,0.2178,0.55,?,1.0,?,0.9012,3.5214,0.3256,4.6908,0.0292,160.64383600000002,159.64383600000002,LogDisc,5.727
92,CUT,7480,18700,20,2,0,0,1.032,0.2178,0.55,?,1.0,?,0.9012,3.5214,0.3256,4.6908,0.0292,160.64383600000002,159.64383600000002,NewId,2.386
93,CUT,7480,18700,20,2,0,0,1.032,0.2178,0.55,?,1.0,?,0.9012,3.5214,0.3256,4.6908,0.0292,160.64383600000002,159.64383600000002,QuaDisc,25.77
94,CUT,7480,18700,20,2,0,0,1.032,0.2178,0.55,?,1.0,?,0.9012,3.5214,0.3256,4.6908,0.0292,160.64383600000002,159.64383600000002,RBF,4.772
95,CUT,7480,18700,20,2,0,0,1.032,0.2178,0.55,?,1.0,?,0.9012,3.5214,0.3256,4.6908,0.0292,160.64383600000002,159.64383600000002,Smart,6.204
96,Chromosone,20000,40000,16,24,0,0,1.3218,0.1885,0.9884,0.9191,0.1505,0.2807,0.42,4.4024,4.5603,5.6411,1.3149,3.46817248,3.29013613,Ac2,76.475
97,Chromosone,20000,40000,16,24,0,0,1.3218,0.1885,0.9884,0.9191,0.1505,0.2807,0.42,4.4024,4.5603,5.6411,1.3149,3.46817248,3.29013613,Alloc80,86.162
98,Chromosone,20000,40000,16,24,0,0,1.3218,0.1885,0.9884,0.9191,0.1505,0.2807,0.42,4.4024,4.5603,5.6411,1.3149,3.46817248,3.29013613,BackProp,467.00699999999995
99,Chromosone,20000,40000,16,24,0,0,1.3218,0.1885,0.9884,0.9191,0.1505,0.2807,0.42,4.4024,4.5603,5.6411,1.3149,3.46817248,3.29013613,Bayes,122.36
100,Chromosone,20000,40000,16,24,0,0,1.3218,0.1885,0.9884,0.9191,0.1505,0.2807,0.42,4.4024,4.5603,5.6411,1.3149,3.46817248,3.29013613,BayesTree,40.787
101,Chromosone,20000,40000,16,24,0,0,1.3218,0.1885,0.9884,0.9191,0.1505,0.2807,0.42,4.4024,4.5603,5.6411,1.3149,3.46817248,3.29013613,C4.5,46.395
102,Chromosone,20000,40000,16,24,0,0,1.3218,0.1885,0.9884,0.9191,0.1505,0.2807,0.42,4.4024,4.5603,5.6411,1.3149,3.46817248,3.29013613,CART,467.00699999999995
103,Chromosone,20000,40000,16,24,0,0,1.3218,0.1885,0.9884,0.9191,0.1505,0.2807,0.42,4.4024,4.5603,5.6411,1.3149,3.46817248,3.29013613,Cal5,81.57300000000001
104,Chromosone,20000,40000,16,24,0,0,1.3218,0.1885,0.9884,0.9191,0.1505,0.2807,0.42,4.4024,4.5603,5.6411,1.3149,3.46817248,3.29013613,Cascade,467.00699999999995
105,Chromosone,20000,40000,16,24,0,0,1.3218,0.1885,0.9884,0.9191,0.1505,0.2807,0.42,4.4024,4.5603,5.6411,1.3149,3.46817248,3.29013613,Castle,47.924
106,Chromosone,20000,40000,16,24,0,0,1.3218,0.1885,0.9884,0.9191,0.1505,0.2807,0.42,4.4024,4.5603,5.6411,1.3149,3.46817248,3.29013613,Cn2,33.649
107,Chromosone,20000,40000,16,24,0,0,1.3218,0.1885,0.9884,0.9191,0.1505,0.2807,0.42,4.4024,4.5603,5.6411,1.3149,3.46817248,3.29013613,Default,446.61300000000006
108,Chromosone,20000,40000,16,24,0,0,1.3218,0.1885,0.9884,0.9191,0.1505,0.2807,0.42,4.4024,4.5603,5.6411,1.3149,3.46817248,3.29013613,Dipol92,3.569
109,Chromosone,20000,40000,16,24,0,0,1.3218,0.1885,0.9884,0.9191,0.1505,0.2807,0.42,4.4024,4.5603,5.6411,1.3149,3.46817248,3.29013613,Discrim,11.725999999999999
110,Chromosone,20000,40000,16,24,0,0,1.3218,0.1885,0.9884,0.9191,0.1505,0.2807,0.42,4.4024,4.5603,5.6411,1.3149,3.46817248,3.29013613,ITrule,312.527
111,Chromosone,20000,40000,16,24,0,0,1.3218,0.1885,0.9884,0.9191,0.1505,0.2807,0.42,4.4024,4.5603,5.6411,1.3149,3.46817248,3.29013613,IndCART,45.375
112,Chromosone,20000,40000,16,24,0,0,1.3218,0.1885,0.9884,0.9191,0.1505,0.2807,0.42,4.4024,4.5603,5.6411,1.3149,3.46817248,3.29013613,KNN,19.883
113,Chromosone,20000,40000,16,24,0,0,1.3218,0.1885,0.9884,0.9191,0.1505,0.2807,0.42,4.4024,4.5603,5.6411,1.3149,3.46817248,3.29013613,Kohonen,45.885
114,Chromosone,20000,40000,16,24,0,0,1.3218,0.1885,0.9884,0.9191,0.1505,0.2807,0.42,4.4024,4.5603,5.6411,1.3149,3.46817248,3.29013613,LVQ,18.864
115,Chromosone,20000,40000,16,24,0,0,1.3218,0.1885,0.9884,0.9191,0.1505,0.2807,0.42,4.4024,4.5603,5.6411,1.3149,3.46817248,3.29013613,LogDisc,23.962
116,Chromosone,20000,40000,16,24,0,0,1.3218,0.1885,0.9884,0.9191,0.1505,0.2807,0.42,4.4024,4.5603,5.6411,1.3149,3.46817248,3.29013613,NewId,46.905
117,Chromosone,20000,40000,16,24,0,0,1.3218,0.1885,0.9884,0.9191,0.1505,0.2807,0.42,4.4024,4.5603,5.6411,1.3149,3.46817248,3.29013613,QuaDisc,0.0
118,Chromosone,20000,40000,16,24,0,0,1.3218,0.1885,0.9884,0.9191,0.1505,0.2807,0.42,4.4024,4.5603,5.6411,1.3149,3.46817248,3.29013613,RBF,22.941999999999997
119,Chromosone,20000,40000,16,24,0,0,1.3218,0.1885,0.9884,0.9191,0.1505,0.2807,0.42,4.4024,4.5603,5.6411,1.3149,3.46817248,3.29013613,Smart,22.433000000000003
120,Credit,2670,8900,16,2,8,0,1.0273,0.0825,0.7618,?,1.0,?,1.2082,4.4046,1.0,1.77,0.6409999999999999,1.5600624,1.76131045,Ac2,9.523
121,Credit,2670,8900,16,2,8,0,1.0273,0.0825,0.7618,?,1.0,?,1.2082,4.4046,1.0,1.77,0.6409999999999999,1.5600624,1.76131045,Alloc80,17.142
122,Credit,2670,8900,16,2,8,0,1.0273,0.0825,0.7618,?,1.0,?,1.2082,4.4046,1.0,1.77,0.6409999999999999,1.5600624,1.76131045,BackProp,9.714
123,Credit,2670,8900,16,2,8,0,1.0273,0.0825,0.7618,?,1.0,?,1.2082,4.4046,1.0,1.77,0.6409999999999999,1.5600624,1.76131045,Bayes,14.475
124,Credit,2670,8900,16,2,8,0,1.0273,0.0825,0.7618,?,1.0,?,1.2082,4.4046,1.0,1.77,0.6409999999999999,1.5600624,1.76131045,BayesTree,8.38
125,Credit,2670,8900,16,2,8,0,1.0273,0.0825,0.7618,?,1.0,?,1.2082,4.4046,1.0,1.77,0.6409999999999999,1.5600624,1.76131045,C4.5,0.0
126,Credit,2670,8900,16,2,8,0,1.0273,0.0825,0.7618,?,1.0,?,1.2082,4.4046,1.0,1.77,0.6409999999999999,1.5600624,1.76131045,CART,9.523
127,Credit,2670,8900,16,2,8,0,1.0273,0.0825,0.7618,?,1.0,?,1.2082,4.4046,1.0,1.77,0.6409999999999999,1.5600624,1.76131045,Cal5,0.762
128,Credit,2670,8900,16,2,8,0,1.0273,0.0825,0.7618,?,1.0,?,1.2082,4.4046,1.0,1.77,0.6409999999999999,1.5600624,1.76131045,Cascade,14.665999999999999
129,Credit,2670,8900,16,2,8,0,1.0273,0.0825,0.7618,?,1.0,?,1.2082,4.4046,1.0,1.77,0.6409999999999999,1.5600624,1.76131045,Castle,7.428
130,Credit,2670,8900,16,2,8,0,1.0273,0.0825,0.7618,?,1.0,?,1.2082,4.4046,1.0,1.77,0.6409999999999999,1.5600624,1.76131045,Cn2,10.095
131,Credit,2670,8900,16,2,8,0,1.0273,0.0825,0.7618,?,1.0,?,1.2082,4.4046,1.0,1.77,0.6409999999999999,1.5600624,1.76131045,Default,79.805
132,Credit,2670,8900,16,2,8,0,1.0273,0.0825,0.7618,?,1.0,?,1.2082,4.4046,1.0,1.77,0.6409999999999999,1.5600624,1.76131045,Dipol92,9.333
133,Credit,2670,8900,16,2,8,0,1.0273,0.0825,0.7618,?,1.0,?,1.2082,4.4046,1.0,1.77,0.6409999999999999,1.5600624,1.76131045,Discrim,9.523
134,Credit,2670,8900,16,2,8,0,1.0273,0.0825,0.7618,?,1.0,?,1.2082,4.4046,1.0,1.77,0.6409999999999999,1.5600624,1.76131045,ITrule,16.761
135,Credit,2670,8900,16,2,8,0,1.0273,0.0825,0.7618,?,1.0,?,1.2082,4.4046,1.0,1.77,0.6409999999999999,1.5600624,1.76131045,IndCART,0.0
136,Credit,2670,8900,16,2,8,0,1.0273,0.0825,0.7618,?,1.0,?,1.2082,4.4046,1.0,1.77,0.6409999999999999,1.5600624,1.76131045,KNN,21.713
137,Credit,2670,8900,16,2,8,0,1.0273,0.0825,0.7618,?,1.0,?,1.2082,4.4046,1.0,1.77,0.6409999999999999,1.5600624,1.76131045,Kohonen,20.951
138,Credit,2670,8900,16,2,8,0,1.0273,0.0825,0.7618,?,1.0,?,1.2082,4.4046,1.0,1.77,0.6409999999999999,1.5600624,1.76131045,LVQ,16.19
139,Credit,2670,8900,16,2,8,0,1.0273,0.0825,0.7618,?,1.0,?,1.2082,4.4046,1.0,1.77,0.6409999999999999,1.5600624,1.76131045,LogDisc,9.714
140,Credit,2670,8900,16,2,8,0,1.0273,0.0825,0.7618,?,1.0,?,1.2082,4.4046,1.0,1.77,0.6409999999999999,1.5600624,1.76131045,NewId,9.523
141,Credit,2670,8900,16,2,8,0,1.0273,0.0825,0.7618,?,1.0,?,1.2082,4.4046,1.0,1.77,0.6409999999999999,1.5600624,1.76131045,QuaDisc,11.427999999999999
142,Credit,2670,8900,16,2,8,0,1.0273,0.0825,0.7618,?,1.0,?,1.2082,4.4046,1.0,1.77,0.6409999999999999,1.5600624,1.76131045,RBF,9.523
143,Credit,2670,8900,16,2,8,0,1.0273,0.0825,0.7618,?,1.0,?,1.2082,4.4046,1.0,1.77,0.6409999999999999,1.5600624,1.76131045,Smart,5.524
144,DNA,1186,3186,180,3,0,0,1.5407,0.0456,0.8729,0.83,0.5252,1,2.5582,29.5674,1.4725,0.8072,0.0218,67.54587159999998,36.0275229,Ac2,10.247
145,DNA,1186,3186,180,3,0,0,1.5407,0.0456,0.8729,0.83,0.5252,1,2.5582,29.5674,1.4725,0.8072,0.0218,67.54587159999998,36.0275229,Alloc80,2.779
146,DNA,1186,3186,180,3,0,0,1.5407,0.0456,0.8729,0.83,0.5252,1,2.5582,29.5674,1.4725,0.8072,0.0218,67.54587159999998,36.0275229,BackProp,8.163
147,DNA,1186,3186,180,3,0,0,1.5407,0.0456,0.8729,0.83,0.5252,1,2.5582,29.5674,1.4725,0.8072,0.0218,67.54587159999998,36.0275229,Bayes,4.689
148,DNA,1186,3186,180,3,0,0,1.5407,0.0456,0.8729,0.83,0.5252,1,2.5582,29.5674,1.4725,0.8072,0.0218,67.54587159999998,36.0275229,BayesTree,9.379
149,DNA,1186,3186,180,3,0,0,1.5407,0.0456,0.8729,0.83,0.5252,1,2.5582,29.5674,1.4725,0.8072,0.0218,67.54587159999998,36.0275229,C4.5,6.079
150,DNA,1186,3186,180,3,0,0,1.5407,0.0456,0.8729,0.83,0.5252,1,2.5582,29.5674,1.4725,0.8072,0.0218,67.54587159999998,36.0275229,CART,7.642
151,DNA,1186,3186,180,3,0,0,1.5407,0.0456,0.8729,0.83,0.5252,1,2.5582,29.5674,1.4725,0.8072,0.0218,67.54587159999998,36.0275229,Cal5,15.630999999999998
152,DNA,1186,3186,180,3,0,0,1.5407,0.0456,0.8729,0.83,0.5252,1,2.5582,29.5674,1.4725,0.8072,0.0218,67.54587159999998,36.0275229,Cascade,166.55599999999998
153,DNA,1186,3186,180,3,0,0,1.5407,0.0456,0.8729,0.83,0.5252,1,2.5582,29.5674,1.4725,0.8072,0.0218,67.54587159999998,36.0275229,Castle,5.3839999999999995
154,DNA,1186,3186,180,3,0,0,1.5407,0.0456,0.8729,0.83,0.5252,1,2.5582,29.5674,1.4725,0.8072,0.0218,67.54587159999998,36.0275229,Cn2,9.379
155,DNA,1186,3186,180,3,0,0,1.5407,0.0456,0.8729,0.83,0.5252,1,2.5582,29.5674,1.4725,0.8072,0.0218,67.54587159999998,36.0275229,Default,76.244
156,DNA,1186,3186,180,3,0,0,1.5407,0.0456,0.8729,0.83,0.5252,1,2.5582,29.5674,1.4725,0.8072,0.0218,67.54587159999998,36.0275229,Dipol92,1.216
157,DNA,1186,3186,180,3,0,0,1.5407,0.0456,0.8729,0.83,0.5252,1,2.5582,29.5674,1.4725,0.8072,0.0218,67.54587159999998,36.0275229,Discrim,3.1260000000000003
158,DNA,1186,3186,180,3,0,0,1.5407,0.0456,0.8729,0.83,0.5252,1,2.5582,29.5674,1.4725,0.8072,0.0218,67.54587159999998,36.0275229,ITrule,16.326
159,DNA,1186,3186,180,3,0,0,1.5407,0.0456,0.8729,0.83,0.5252,1,2.5582,29.5674,1.4725,0.8072,0.0218,67.54587159999998,36.0275229,IndCART,5.558
160,DNA,1186,3186,180,3,0,0,1.5407,0.0456,0.8729,0.83,0.5252,1,2.5582,29.5674,1.4725,0.8072,0.0218,67.54587159999998,36.0275229,KNN,19.799
161,DNA,1186,3186,180,3,0,0,1.5407,0.0456,0.8729,0.83,0.5252,1,2.5582,29.5674,1.4725,0.8072,0.0218,67.54587159999998,36.0275229,Kohonen,51.756
162,DNA,1186,3186,180,3,0,0,1.5407,0.0456,0.8729,0.83,0.5252,1,2.5582,29.5674,1.4725,0.8072,0.0218,67.54587159999998,36.0275229,LVQ,166.55599999999998
163,DNA,1186,3186,180,3,0,0,1.5407,0.0456,0.8729,0.83,0.5252,1,2.5582,29.5674,1.4725,0.8072,0.0218,67.54587159999998,36.0275229,LogDisc,3.4739999999999998
164,DNA,1186,3186,180,3,0,0,1.5407,0.0456,0.8729,0.83,0.5252,1,2.5582,29.5674,1.4725,0.8072,0.0218,67.54587159999998,36.0275229,NewId,10.247
165,DNA,1186,3186,180,3,0,0,1.5407,0.0456,0.8729,0.83,0.5252,1,2.5582,29.5674,1.4725,0.8072,0.0218,67.54587159999998,36.0275229,QuaDisc,3.1260000000000003
166,DNA,1186,3186,180,3,0,0,1.5407,0.0456,0.8729,0.83,0.5252,1,2.5582,29.5674,1.4725,0.8072,0.0218,67.54587159999998,36.0275229,RBF,0.0
167,DNA,1186,3186,180,3,0,0,1.5407,0.0456,0.8729,0.83,0.5252,1,2.5582,29.5674,1.4725,0.8072,0.0218,67.54587159999998,36.0275229,Smart,17.368
168,Diabetes,768,768,8,2,0,0,1.0377,0.1439,0.5507,?,1.0,?,1.0586,5.827000000000001,0.9331,4.5301,0.11199999999999999,8.33125,39.4473214,Ac2,3.529
169,Diabetes,768,768,8,2,0,0,1.0377,0.1439,0.5507,?,1.0,?,1.0586,5.827000000000001,0.9331,4.5301,0.11199999999999999,8.33125,39.4473214,Alloc80,5.193
170,Diabetes,768,768,8,2,0,0,1.0377,0.1439,0.5507,?,1.0,?,1.0586,5.827000000000001,0.9331,4.5301,0.11199999999999999,8.33125,39.4473214,BackProp,1.6640000000000001
171,Diabetes,768,768,8,2,0,0,1.0377,0.1439,0.5507,?,1.0,?,1.0586,5.827000000000001,0.9331,4.5301,0.11199999999999999,8.33125,39.4473214,Bayes,2.596
172,Diabetes,768,768,8,2,0,0,1.0377,0.1439,0.5507,?,1.0,?,1.0586,5.827000000000001,0.9331,4.5301,0.11199999999999999,8.33125,39.4473214,BayesTree,3.196
173,Diabetes,768,768,8,2,0,0,1.0377,0.1439,0.5507,?,1.0,?,1.0586,5.827000000000001,0.9331,4.5301,0.11199999999999999,8.33125,39.4473214,C4.5,3.1289999999999996
174,Diabetes,768,768,8,2,0,0,1.0377,0.1439,0.5507,?,1.0,?,1.0586,5.827000000000001,0.9331,4.5301,0.11199999999999999,8.33125,39.4473214,CART,2.13
175,Diabetes,768,768,8,2,0,0,1.0377,0.1439,0.5507,?,1.0,?,1.0586,5.827000000000001,0.9331,4.5301,0.11199999999999999,8.33125,39.4473214,Cal5,1.798
176,Diabetes,768,768,8,2,0,0,1.0377,0.1439,0.5507,?,1.0,?,1.0586,5.827000000000001,0.9331,4.5301,0.11199999999999999,8.33125,39.4473214,Cascade,51.73
177,Diabetes,768,768,8,2,0,0,1.0377,0.1439,0.5507,?,1.0,?,1.0586,5.827000000000001,0.9331,4.5301,0.11199999999999999,8.33125,39.4473214,Castle,2.33
178,Diabetes,768,768,8,2,0,0,1.0377,0.1439,0.5507,?,1.0,?,1.0586,5.827000000000001,0.9331,4.5301,0.11199999999999999,8.33125,39.4473214,Cn2,4.394
179,Diabetes,768,768,8,2,0,0,1.0377,0.1439,0.5507,?,1.0,?,1.0586,5.827000000000001,0.9331,4.5301,0.11199999999999999,8.33125,39.4473214,Default,8.455
180,Diabetes,768,768,8,2,0,0,1.0377,0.1439,0.5507,?,1.0,?,1.0586,5.827000000000001,0.9331,4.5301,0.11199999999999999,8.33125,39.4473214,Dipol92,0.067
181,Diabetes,768,768,8,2,0,0,1.0377,0.1439,0.5507,?,1.0,?,1.0586,5.827000000000001,0.9331,4.5301,0.11199999999999999,8.33125,39.4473214,Discrim,0.133
182,Diabetes,768,768,8,2,0,0,1.0377,0.1439,0.5507,?,1.0,?,1.0586,5.827000000000001,0.9331,4.5301,0.11199999999999999,8.33125,39.4473214,ITrule,1.465
183,Diabetes,768,768,8,2,0,0,1.0377,0.1439,0.5507,?,1.0,?,1.0586,5.827000000000001,0.9331,4.5301,0.11199999999999999,8.33125,39.4473214,IndCART,3.196
184,Diabetes,768,768,8,2,0,0,1.0377,0.1439,0.5507,?,1.0,?,1.0586,5.827000000000001,0.9331,4.5301,0.11199999999999999,8.33125,39.4473214,KNN,6.724
185,Diabetes,768,768,8,2,0,0,1.0377,0.1439,0.5507,?,1.0,?,1.0586,5.827000000000001,0.9331,4.5301,0.11199999999999999,8.33125,39.4473214,Kohonen,3.3289999999999997
186,Diabetes,768,768,8,2,0,0,1.0377,0.1439,0.5507,?,1.0,?,1.0586,5.827000000000001,0.9331,4.5301,0.11199999999999999,8.33125,39.4473214,LVQ,3.262
187,Diabetes,768,768,8,2,0,0,1.0377,0.1439,0.5507,?,1.0,?,1.0586,5.827000000000001,0.9331,4.5301,0.11199999999999999,8.33125,39.4473214,LogDisc,0.0
188,Diabetes,768,768,8,2,0,0,1.0377,0.1439,0.5507,?,1.0,?,1.0586,5.827000000000001,0.9331,4.5301,0.11199999999999999,8.33125,39.4473214,NewId,4.394
189,Diabetes,768,768,8,2,0,0,1.0377,0.1439,0.5507,?,1.0,?,1.0586,5.827000000000001,0.9331,4.5301,0.11199999999999999,8.33125,39.4473214,QuaDisc,2.596
190,Diabetes,768,768,8,2,0,0,1.0377,0.1439,0.5507,?,1.0,?,1.0586,5.827000000000001,0.9331,4.5301,0.11199999999999999,8.33125,39.4473214,RBF,1.3319999999999999
191,Diabetes,768,768,8,2,0,0,1.0377,0.1439,0.5507,?,1.0,?,1.0586,5.827000000000001,0.9331,4.5301,0.11199999999999999,8.33125,39.4473214,Smart,0.599
192,Digits,9000,18000,16,10,0,0,1.5673,0.2119,0.8929,0.8902,0.2031,0.4049,0.8562,5.1256,3.3219,6.5452,0.5049,6.57932264,11.9633591,Ac2,48.412
193,Digits,9000,18000,16,10,0,0,1.5673,0.2119,0.8929,0.8902,0.2031,0.4049,0.8562,5.1256,3.3219,6.5452,0.5049,6.57932264,11.9633591,Alloc80,9.413
194,Digits,9000,18000,16,10,0,0,1.5673,0.2119,0.8929,0.8902,0.2031,0.4049,0.8562,5.1256,3.3219,6.5452,0.5049,6.57932264,11.9633591,BackProp,14.792
195,Digits,9000,18000,16,10,0,0,1.5673,0.2119,0.8929,0.8902,0.2031,0.4049,0.8562,5.1256,3.3219,6.5452,0.5049,6.57932264,11.9633591,Bayes,83.376
196,Digits,9000,18000,16,10,0,0,1.5673,0.2119,0.8929,0.8902,0.2031,0.4049,0.8562,5.1256,3.3219,6.5452,0.5049,6.57932264,11.9633591,BayesTree,41.688
197,Digits,9000,18000,16,10,0,0,1.5673,0.2119,0.8929,0.8902,0.2031,0.4049,0.8562,5.1256,3.3219,6.5452,0.5049,6.57932264,11.9633591,C4.5,45.722
198,Digits,9000,18000,16,10,0,0,1.5673,0.2119,0.8929,0.8902,0.2031,0.4049,0.8562,5.1256,3.3219,6.5452,0.5049,6.57932264,11.9633591,CART,50.653
199,Digits,9000,18000,16,10,0,0,1.5673,0.2119,0.8929,0.8902,0.2031,0.4049,0.8562,5.1256,3.3219,6.5452,0.5049,6.57932264,11.9633591,Cal5,77.548
200,Digits,9000,18000,16,10,0,0,1.5673,0.2119,0.8929,0.8902,0.2031,0.4049,0.8562,5.1256,3.3219,6.5452,0.5049,6.57932264,11.9633591,Cascade,8.068999999999999
201,Digits,9000,18000,16,10,0,0,1.5673,0.2119,0.8929,0.8902,0.2031,0.4049,0.8562,5.1256,3.3219,6.5452,0.5049,6.57932264,11.9633591,Castle,55.135
202,Digits,9000,18000,16,10,0,0,1.5673,0.2119,0.8929,0.8902,0.2031,0.4049,0.8562,5.1256,3.3219,6.5452,0.5049,6.57932264,11.9633591,Cn2,38.998000000000005
203,Digits,9000,18000,16,10,0,0,1.5673,0.2119,0.8929,0.8902,0.2031,0.4049,0.8562,5.1256,3.3219,6.5452,0.5049,6.57932264,11.9633591,Default,382.36199999999997
204,Digits,9000,18000,16,10,0,0,1.5673,0.2119,0.8929,0.8902,0.2031,0.4049,0.8562,5.1256,3.3219,6.5452,0.5049,6.57932264,11.9633591,Dipol92,11.206
205,Digits,9000,18000,16,10,0,0,1.5673,0.2119,0.8929,0.8902,0.2031,0.4049,0.8562,5.1256,3.3219,6.5452,0.5049,6.57932264,11.9633591,Discrim,30.033
206,Digits,9000,18000,16,10,0,0,1.5673,0.2119,0.8929,0.8902,0.2031,0.4049,0.8562,5.1256,3.3219,6.5452,0.5049,6.57932264,11.9633591,ITrule,78.445
207,Digits,9000,18000,16,10,0,0,1.5673,0.2119,0.8929,0.8902,0.2031,0.4049,0.8562,5.1256,3.3219,6.5452,0.5049,6.57932264,11.9633591,IndCART,47.963
208,Digits,9000,18000,16,10,0,0,1.5673,0.2119,0.8929,0.8902,0.2031,0.4049,0.8562,5.1256,3.3219,6.5452,0.5049,6.57932264,11.9633591,KNN,0.0
209,Digits,9000,18000,16,10,0,0,1.5673,0.2119,0.8929,0.8902,0.2031,0.4049,0.8562,5.1256,3.3219,6.5452,0.5049,6.57932264,11.9633591,Kohonen,12.550999999999998
210,Digits,9000,18000,16,10,0,0,1.5673,0.2119,0.8929,0.8902,0.2031,0.4049,0.8562,5.1256,3.3219,6.5452,0.5049,6.57932264,11.9633591,LVQ,6.276
211,Digits,9000,18000,16,10,0,0,1.5673,0.2119,0.8929,0.8902,0.2031,0.4049,0.8562,5.1256,3.3219,6.5452,0.5049,6.57932264,11.9633591,LogDisc,17.482
212,Digits,9000,18000,16,10,0,0,1.5673,0.2119,0.8929,0.8902,0.2031,0.4049,0.8562,5.1256,3.3219,6.5452,0.5049,6.57932264,11.9633591,NewId,46.17
213,Digits,9000,18000,16,10,0,0,1.5673,0.2119,0.8929,0.8902,0.2031,0.4049,0.8562,5.1256,3.3219,6.5452,0.5049,6.57932264,11.9633591,QuaDisc,3.138
214,Digits,9000,18000,16,10,0,0,1.5673,0.2119,0.8929,0.8902,0.2031,0.4049,0.8562,5.1256,3.3219,6.5452,0.5049,6.57932264,11.9633591,RBF,16.137
215,Digits,9000,18000,16,10,0,0,1.5673,0.2119,0.8929,0.8902,0.2031,0.4049,0.8562,5.1256,3.3219,6.5452,0.5049,6.57932264,11.9633591,Smart,25.551
216,Faults,570,570,45,3,43,0,1.1909999999999998,0.751,0.8842,0.3002,0.8966,1,1.8972,0.9866,1.5749,0.8717,0.0366,43.0300546,22.816939899999998,Ac2,0.0
217,Faults,570,570,45,3,43,0,1.1909999999999998,0.751,0.8842,0.3002,0.8966,1,1.8972,0.9866,1.5749,0.8717,0.0366,43.0300546,22.816939899999998,Alloc80,10.390999999999998
218,Faults,570,570,45,3,43,0,1.1909999999999998,0.751,0.8842,0.3002,0.8966,1,1.8972,0.9866,1.5749,0.8717,0.0366,43.0300546,22.816939899999998,BackProp,3.4010000000000002
219,Faults,570,570,45,3,43,0,1.1909999999999998,0.751,0.8842,0.3002,0.8966,1,1.8972,0.9866,1.5749,0.8717,0.0366,43.0300546,22.816939899999998,Bayes,6.297999999999999
220,Faults,570,570,45,3,43,0,1.1909999999999998,0.751,0.8842,0.3002,0.8966,1,1.8972,0.9866,1.5749,0.8717,0.0366,43.0300546,22.816939899999998,BayesTree,6.864
221,Faults,570,570,45,3,43,0,1.1909999999999998,0.751,0.8842,0.3002,0.8966,1,1.8972,0.9866,1.5749,0.8717,0.0366,43.0300546,22.816939899999998,C4.5,8.25
222,Faults,570,570,45,3,43,0,1.1909999999999998,0.751,0.8842,0.3002,0.8966,1,1.8972,0.9866,1.5749,0.8717,0.0366,43.0300546,22.816939899999998,CART,9.068
223,Faults,570,570,45,3,43,0,1.1909999999999998,0.751,0.8842,0.3002,0.8966,1,1.8972,0.9866,1.5749,0.8717,0.0366,43.0300546,22.816939899999998,Cal5,7.746
224,Faults,570,570,45,3,43,0,1.1909999999999998,0.751,0.8842,0.3002,0.8966,1,1.8972,0.9866,1.5749,0.8717,0.0366,43.0300546,22.816939899999998,Cascade,52.018
225,Faults,570,570,45,3,43,0,1.1909999999999998,0.751,0.8842,0.3002,0.8966,1,1.8972,0.9866,1.5749,0.8717,0.0366,43.0300546,22.816939899999998,Castle,9.068
226,Faults,570,570,45,3,43,0,1.1909999999999998,0.751,0.8842,0.3002,0.8966,1,1.8972,0.9866,1.5749,0.8717,0.0366,43.0300546,22.816939899999998,Cn2,11.335999999999999
227,Faults,570,570,45,3,43,0,1.1909999999999998,0.751,0.8842,0.3002,0.8966,1,1.8972,0.9866,1.5749,0.8717,0.0366,43.0300546,22.816939899999998,Default,27.456999999999997
228,Faults,570,570,45,3,43,0,1.1909999999999998,0.751,0.8842,0.3002,0.8966,1,1.8972,0.9866,1.5749,0.8717,0.0366,43.0300546,22.816939899999998,Dipol92,1.071
229,Faults,570,570,45,3,43,0,1.1909999999999998,0.751,0.8842,0.3002,0.8966,1,1.8972,0.9866,1.5749,0.8717,0.0366,43.0300546,22.816939899999998,Discrim,1.889
230,Faults,570,570,45,3,43,0,1.1909999999999998,0.751,0.8842,0.3002,0.8966,1,1.8972,0.9866,1.5749,0.8717,0.0366,43.0300546,22.816939899999998,ITrule,9.824
231,Faults,570,570,45,3,43,0,1.1909999999999998,0.751,0.8842,0.3002,0.8966,1,1.8972,0.9866,1.5749,0.8717,0.0366,43.0300546,22.816939899999998,IndCART,10.139
232,Faults,570,570,45,3,43,0,1.1909999999999998,0.751,0.8842,0.3002,0.8966,1,1.8972,0.9866,1.5749,0.8717,0.0366,43.0300546,22.816939899999998,KNN,12.658
233,Faults,570,570,45,3,43,0,1.1909999999999998,0.751,0.8842,0.3002,0.8966,1,1.8972,0.9866,1.5749,0.8717,0.0366,43.0300546,22.816939899999998,Kohonen,18.767
234,Faults,570,570,45,3,43,0,1.1909999999999998,0.751,0.8842,0.3002,0.8966,1,1.8972,0.9866,1.5749,0.8717,0.0366,43.0300546,22.816939899999998,LVQ,17.003
235,Faults,570,570,45,3,43,0,1.1909999999999998,0.751,0.8842,0.3002,0.8966,1,1.8972,0.9866,1.5749,0.8717,0.0366,43.0300546,22.816939899999998,LogDisc,2.96
236,Faults,570,570,45,3,43,0,1.1909999999999998,0.751,0.8842,0.3002,0.8966,1,1.8972,0.9866,1.5749,0.8717,0.0366,43.0300546,22.816939899999998,NewId,8.187000000000001
237,Faults,570,570,45,3,43,0,1.1909999999999998,0.751,0.8842,0.3002,0.8966,1,1.8972,0.9866,1.5749,0.8717,0.0366,43.0300546,22.816939899999998,QuaDisc,7.494
238,Faults,570,570,45,3,43,0,1.1909999999999998,0.751,0.8842,0.3002,0.8966,1,1.8972,0.9866,1.5749,0.8717,0.0366,43.0300546,22.816939899999998,RBF,9.193999999999999
239,Faults,570,570,45,3,43,0,1.1909999999999998,0.751,0.8842,0.3002,0.8966,1,1.8972,0.9866,1.5749,0.8717,0.0366,43.0300546,22.816939899999998,Smart,10.390999999999998
240,German_Credit,1000,1000,24,2,9,1,1.0369,0.0848,0.5044,?,1.0,?,1.6986,7.7943,0.8813,1.5031,0.0187,47.1283422,79.37967909999999,Ac2,10.489
241,German_Credit,1000,1000,24,2,9,1,1.0369,0.0848,0.5044,?,1.0,?,1.6986,7.7943,0.8813,1.5031,0.0187,47.1283422,79.37967909999999,Alloc80,1.4980000000000002
242,German_Credit,1000,1000,24,2,9,1,1.0369,0.0848,0.5044,?,1.0,?,1.6986,7.7943,0.8813,1.5031,0.0187,47.1283422,79.37967909999999,BackProp,7.247999999999999
243,German_Credit,1000,1000,24,2,9,1,1.0369,0.0848,0.5044,?,1.0,?,1.6986,7.7943,0.8813,1.5031,0.0187,47.1283422,79.37967909999999,Bayes,5.138
244,German_Credit,1000,1000,24,2,9,1,1.0369,0.0848,0.5044,?,1.0,?,1.6986,7.7943,0.8813,1.5031,0.0187,47.1283422,79.37967909999999,BayesTree,7.431
245,German_Credit,1000,1000,24,2,9,1,1.0369,0.0848,0.5044,?,1.0,?,1.6986,7.7943,0.8813,1.5031,0.0187,47.1283422,79.37967909999999,C4.5,13.761
246,German_Credit,1000,1000,24,2,9,1,1.0369,0.0848,0.5044,?,1.0,?,1.6986,7.7943,0.8813,1.5031,0.0187,47.1283422,79.37967909999999,CART,2.385
247,German_Credit,1000,1000,24,2,9,1,1.0369,0.0848,0.5044,?,1.0,?,1.6986,7.7943,0.8813,1.5031,0.0187,47.1283422,79.37967909999999,Cal5,2.08
248,German_Credit,1000,1000,24,2,9,1,1.0369,0.0848,0.5044,?,1.0,?,1.6986,7.7943,0.8813,1.5031,0.0187,47.1283422,79.37967909999999,Cascade,3041.743
249,German_Credit,1000,1000,24,2,9,1,1.0369,0.0848,0.5044,?,1.0,?,1.6986,7.7943,0.8813,1.5031,0.0187,47.1283422,79.37967909999999,Castle,1.4680000000000002
250,German_Credit,1000,1000,24,2,9,1,1.0369,0.0848,0.5044,?,1.0,?,1.6986,7.7943,0.8813,1.5031,0.0187,47.1283422,79.37967909999999,Cn2,9.817
251,German_Credit,1000,1000,24,2,9,1,1.0369,0.0848,0.5044,?,1.0,?,1.6986,7.7943,0.8813,1.5031,0.0187,47.1283422,79.37967909999999,Default,5.046
252,German_Credit,1000,1000,24,2,9,1,1.0369,0.0848,0.5044,?,1.0,?,1.6986,7.7943,0.8813,1.5031,0.0187,47.1283422,79.37967909999999,Dipol92,1.9569999999999999
253,German_Credit,1000,1000,24,2,9,1,1.0369,0.0848,0.5044,?,1.0,?,1.6986,7.7943,0.8813,1.5031,0.0187,47.1283422,79.37967909999999,Discrim,0.0
254,German_Credit,1000,1000,24,2,9,1,1.0369,0.0848,0.5044,?,1.0,?,1.6986,7.7943,0.8813,1.5031,0.0187,47.1283422,79.37967909999999,ITrule,10.52
255,German_Credit,1000,1000,24,2,9,1,1.0369,0.0848,0.5044,?,1.0,?,1.6986,7.7943,0.8813,1.5031,0.0187,47.1283422,79.37967909999999,IndCART,6.9110000000000005
256,German_Credit,1000,1000,24,2,9,1,1.0369,0.0848,0.5044,?,1.0,?,1.6986,7.7943,0.8813,1.5031,0.0187,47.1283422,79.37967909999999,KNN,4.862
257,German_Credit,1000,1000,24,2,9,1,1.0369,0.0848,0.5044,?,1.0,?,1.6986,7.7943,0.8813,1.5031,0.0187,47.1283422,79.37967909999999,Kohonen,19.113
258,German_Credit,1000,1000,24,2,9,1,1.0369,0.0848,0.5044,?,1.0,?,1.6986,7.7943,0.8813,1.5031,0.0187,47.1283422,79.37967909999999,LVQ,13.089
259,German_Credit,1000,1000,24,2,9,1,1.0369,0.0848,0.5044,?,1.0,?,1.6986,7.7943,0.8813,1.5031,0.0187,47.1283422,79.37967909999999,LogDisc,0.092
260,German_Credit,1000,1000,24,2,9,1,1.0369,0.0848,0.5044,?,1.0,?,1.6986,7.7943,0.8813,1.5031,0.0187,47.1283422,79.37967909999999,NewId,11.927
261,German_Credit,1000,1000,24,2,9,1,1.0369,0.0848,0.5044,?,1.0,?,1.6986,7.7943,0.8813,1.5031,0.0187,47.1283422,79.37967909999999,QuaDisc,2.569
262,German_Credit,1000,1000,24,2,9,1,1.0369,0.0848,0.5044,?,1.0,?,1.6986,7.7943,0.8813,1.5031,0.0187,47.1283422,79.37967909999999,RBF,13.333
263,German_Credit,1000,1000,24,2,9,1,1.0369,0.0848,0.5044,?,1.0,?,1.6986,7.7943,0.8813,1.5031,0.0187,47.1283422,79.37967909999999,Smart,2.0180000000000002
264,Head,900,900,6,3,1,1,1.1231,0.1217,0.7176,0.1057,0.9787,1,1.0071,5.0408,1.3574,1.9786,0.1929,7.03680664,9.25712805,Ac2,28.78
265,Head,900,900,6,3,1,1,1.1231,0.1217,0.7176,0.1057,0.9787,1,1.0071,5.0408,1.3574,1.9786,0.1929,7.03680664,9.25712805,Alloc80,10.311
266,Head,900,900,6,3,1,1,1.1231,0.1217,0.7176,0.1057,0.9787,1,1.0071,5.0408,1.3574,1.9786,0.1929,7.03680664,9.25712805,BackProp,2.641
267,Head,900,900,6,3,1,1,1.1231,0.1217,0.7176,0.1057,0.9787,1,1.0071,5.0408,1.3574,1.9786,0.1929,7.03680664,9.25712805,Bayes,4.43
268,Head,900,900,6,3,1,1,1.1231,0.1217,0.7176,0.1057,0.9787,1,1.0071,5.0408,1.3574,1.9786,0.1929,7.03680664,9.25712805,BayesTree,3.4989999999999997
269,Head,900,900,6,3,1,1,1.1231,0.1217,0.7176,0.1057,0.9787,1,1.0071,5.0408,1.3574,1.9786,0.1929,7.03680664,9.25712805,C4.5,47.81100000000001
270,Head,900,900,6,3,1,1,1.1231,0.1217,0.7176,0.1057,0.9787,1,1.0071,5.0408,1.3574,1.9786,0.1929,7.03680664,9.25712805,CART,1.79
271,Head,900,900,6,3,1,1,1.1231,0.1217,0.7176,0.1057,0.9787,1,1.0071,5.0408,1.3574,1.9786,0.1929,7.03680664,9.25712805,Cal5,11.317
272,Head,900,900,6,3,1,1,1.1231,0.1217,0.7176,0.1057,0.9787,1,1.0071,5.0408,1.3574,1.9786,0.1929,7.03680664,9.25712805,Cascade,1.139
273,Head,900,900,6,3,1,1,1.1231,0.1217,0.7176,0.1057,0.9787,1,1.0071,5.0408,1.3574,1.9786,0.1929,7.03680664,9.25712805,Castle,2.1519999999999997
274,Head,900,900,6,3,1,1,1.1231,0.1217,0.7176,0.1057,0.9787,1,1.0071,5.0408,1.3574,1.9786,0.1929,7.03680664,9.25712805,Cn2,26.324
275,Head,900,900,6,3,1,1,1.1231,0.1217,0.7176,0.1057,0.9787,1,1.0071,5.0408,1.3574,1.9786,0.1929,7.03680664,9.25712805,Default,19.334
276,Head,900,900,6,3,1,1,1.1231,0.1217,0.7176,0.1057,0.9787,1,1.0071,5.0408,1.3574,1.9786,0.1929,7.03680664,9.25712805,Dipol92,6.331
277,Head,900,900,6,3,1,1,1.1231,0.1217,0.7176,0.1057,0.9787,1,1.0071,5.0408,1.3574,1.9786,0.1929,7.03680664,9.25712805,Discrim,1.4280000000000002
278,Head,900,900,6,3,1,1,1.1231,0.1217,0.7176,0.1057,0.9787,1,1.0071,5.0408,1.3574,1.9786,0.1929,7.03680664,9.25712805,ITrule,14.534
279,Head,900,900,6,3,1,1,1.1231,0.1217,0.7176,0.1057,0.9787,1,1.0071,5.0408,1.3574,1.9786,0.1929,7.03680664,9.25712805,IndCART,5.5920000000000005
280,Head,900,900,6,3,1,1,1.1231,0.1217,0.7176,0.1057,0.9787,1,1.0071,5.0408,1.3574,1.9786,0.1929,7.03680664,9.25712805,KNN,12.825
281,Head,900,900,6,3,1,1,1.1231,0.1217,0.7176,0.1057,0.9787,1,1.0071,5.0408,1.3574,1.9786,0.1929,7.03680664,9.25712805,Kohonen,60.68
282,Head,900,900,6,3,1,1,1.1231,0.1217,0.7176,0.1057,0.9787,1,1.0071,5.0408,1.3574,1.9786,0.1929,7.03680664,9.25712805,LVQ,21.169
283,Head,900,900,6,3,1,1,1.1231,0.1217,0.7176,0.1057,0.9787,1,1.0071,5.0408,1.3574,1.9786,0.1929,7.03680664,9.25712805,LogDisc,0.0
284,Head,900,900,6,3,1,1,1.1231,0.1217,0.7176,0.1057,0.9787,1,1.0071,5.0408,1.3574,1.9786,0.1929,7.03680664,9.25712805,NewId,26.391
285,Head,900,900,6,3,1,1,1.1231,0.1217,0.7176,0.1057,0.9787,1,1.0071,5.0408,1.3574,1.9786,0.1929,7.03680664,9.25712805,QuaDisc,1.5530000000000002
286,Head,900,900,6,3,1,1,1.1231,0.1217,0.7176,0.1057,0.9787,1,1.0071,5.0408,1.3574,1.9786,0.1929,7.03680664,9.25712805,RBF,33.388000000000005
287,Head,900,900,6,3,1,1,1.1231,0.1217,0.7176,0.1057,0.9787,1,1.0071,5.0408,1.3574,1.9786,0.1929,7.03680664,9.25712805,Smart,2.8480000000000003
288,Heart,270,270,13,2,5,1,1.0612,0.1236,0.7384,?,1.0,?,0.956,3.6494,0.9902,1.6386,0.0876,11.303653,17.705479500000003,Ac2,5.377999999999999
289,Heart,270,270,13,2,5,1,1.0612,0.1236,0.7384,?,1.0,?,0.956,3.6494,0.9902,1.6386,0.0876,11.303653,17.705479500000003,Alloc80,0.48
290,Heart,270,270,13,2,5,1,1.0612,0.1236,0.7384,?,1.0,?,0.956,3.6494,0.9902,1.6386,0.0876,11.303653,17.705479500000003,BackProp,2.907
291,Heart,270,270,13,2,5,1,1.0612,0.1236,0.7384,?,1.0,?,0.956,3.6494,0.9902,1.6386,0.0876,11.303653,17.705479500000003,Bayes,0.0
292,Heart,270,270,13,2,5,1,1.0612,0.1236,0.7384,?,1.0,?,0.956,3.6494,0.9902,1.6386,0.0876,11.303653,17.705479500000003,BayesTree,2.209
293,Heart,270,270,13,2,5,1,1.0612,0.1236,0.7384,?,1.0,?,0.956,3.6494,0.9902,1.6386,0.0876,11.303653,17.705479500000003,C4.5,5.916
294,Heart,270,270,13,2,5,1,1.0612,0.1236,0.7384,?,1.0,?,0.956,3.6494,0.9902,1.6386,0.0876,11.303653,17.705479500000003,CART,1.1340000000000001
295,Heart,270,270,13,2,5,1,1.0612,0.1236,0.7384,?,1.0,?,0.956,3.6494,0.9902,1.6386,0.0876,11.303653,17.705479500000003,Cal5,1.0170000000000001
296,Heart,270,270,13,2,5,1,1.0612,0.1236,0.7384,?,1.0,?,0.956,3.6494,0.9902,1.6386,0.0876,11.303653,17.705479500000003,Cascade,1.3519999999999999
297,Heart,270,270,13,2,5,1,1.0612,0.1236,0.7384,?,1.0,?,0.956,3.6494,0.9902,1.6386,0.0876,11.303653,17.705479500000003,Castle,0.9740000000000001
298,Heart,270,270,13,2,5,1,1.0612,0.1236,0.7384,?,1.0,?,0.956,3.6494,0.9902,1.6386,0.0876,11.303653,17.705479500000003,Cn2,5.712000000000001
299,Heart,270,270,13,2,5,1,1.0612,0.1236,0.7384,?,1.0,?,0.956,3.6494,0.9902,1.6386,0.0876,11.303653,17.705479500000003,Default,2.7030000000000003
300,Heart,270,270,13,2,5,1,1.0612,0.1236,0.7384,?,1.0,?,0.956,3.6494,0.9902,1.6386,0.0876,11.303653,17.705479500000003,Dipol92,1.933
301,Heart,270,270,13,2,5,1,1.0612,0.1236,0.7384,?,1.0,?,0.956,3.6494,0.9902,1.6386,0.0876,11.303653,17.705479500000003,Discrim,0.276
302,Heart,270,270,13,2,5,1,1.0612,0.1236,0.7384,?,1.0,?,0.956,3.6494,0.9902,1.6386,0.0876,11.303653,17.705479500000003,ITrule,2.049
303,Heart,270,270,13,2,5,1,1.0612,0.1236,0.7384,?,1.0,?,0.956,3.6494,0.9902,1.6386,0.0876,11.303653,17.705479500000003,IndCART,3.721
304,Heart,270,270,13,2,5,1,1.0612,0.1236,0.7384,?,1.0,?,0.956,3.6494,0.9902,1.6386,0.0876,11.303653,17.705479500000003,KNN,1.5119999999999998
305,Heart,270,270,13,2,5,1,1.0612,0.1236,0.7384,?,1.0,?,0.956,3.6494,0.9902,1.6386,0.0876,11.303653,17.705479500000003,Kohonen,4.637
306,Heart,270,270,13,2,5,1,1.0612,0.1236,0.7384,?,1.0,?,0.956,3.6494,0.9902,1.6386,0.0876,11.303653,17.705479500000003,LVQ,3.285
307,Heart,270,270,13,2,5,1,1.0612,0.1236,0.7384,?,1.0,?,0.956,3.6494,0.9902,1.6386,0.0876,11.303653,17.705479500000003,LogDisc,0.32
308,Heart,270,270,13,2,5,1,1.0612,0.1236,0.7384,?,1.0,?,0.956,3.6494,0.9902,1.6386,0.0876,11.303653,17.705479500000003,NewId,6.831
309,Heart,270,270,13,2,5,1,1.0612,0.1236,0.7384,?,1.0,?,0.956,3.6494,0.9902,1.6386,0.0876,11.303653,17.705479500000003,QuaDisc,0.698
310,Heart,270,270,13,2,5,1,1.0612,0.1236,0.7384,?,1.0,?,0.956,3.6494,0.9902,1.6386,0.0876,11.303653,17.705479500000003,RBF,5.916
311,Heart,270,270,13,2,5,1,1.0612,0.1236,0.7384,?,1.0,?,0.956,3.6494,0.9902,1.6386,0.0876,11.303653,17.705479500000003,Smart,1.5119999999999998
312,KlDigits,9000,18000,40,10,0,0,1.9657,0.1093,0.9207,0.9056,0.172,0.3385,0.1802,2.92,3.3219,5.5903,0.2029,16.372104500000003,26.5519961,Ac2,100.289
313,KlDigits,9000,18000,40,10,0,0,1.9657,0.1093,0.9207,0.9056,0.172,0.3385,0.1802,2.92,3.3219,5.5903,0.2029,16.372104500000003,26.5519961,Alloc80,2.7110000000000003
314,KlDigits,9000,18000,40,10,0,0,1.9657,0.1093,0.9207,0.9056,0.172,0.3385,0.1802,2.92,3.3219,5.5903,0.2029,16.372104500000003,26.5519961,BackProp,19.651
315,KlDigits,9000,18000,40,10,0,0,1.9657,0.1093,0.9207,0.9056,0.172,0.3385,0.1802,2.92,3.3219,5.5903,0.2029,16.372104500000003,26.5519961,Bayes,137.559
316,KlDigits,9000,18000,40,10,0,0,1.9657,0.1093,0.9207,0.9056,0.172,0.3385,0.1802,2.92,3.3219,5.5903,0.2029,16.372104500000003,26.5519961,BayesTree,96.90100000000001
317,KlDigits,9000,18000,40,10,0,0,1.9657,0.1093,0.9207,0.9056,0.172,0.3385,0.1802,2.92,3.3219,5.5903,0.2029,16.372104500000003,26.5519961,C4.5,108.421
318,KlDigits,9000,18000,40,10,0,0,1.9657,0.1093,0.9207,0.9056,0.172,0.3385,0.1802,2.92,3.3219,5.5903,0.2029,16.372104500000003,26.5519961,CART,664.078
319,KlDigits,9000,18000,40,10,0,0,1.9657,0.1093,0.9207,0.9056,0.172,0.3385,0.1802,2.92,3.3219,5.5903,0.2029,16.372104500000003,26.5519961,Cal5,169.408
320,KlDigits,9000,18000,40,10,0,0,1.9657,0.1093,0.9207,0.9056,0.172,0.3385,0.1802,2.92,3.3219,5.5903,0.2029,16.372104500000003,26.5519961,Cascade,37.27
321,KlDigits,9000,18000,40,10,0,0,1.9657,0.1093,0.9207,0.9056,0.172,0.3385,0.1802,2.92,3.3219,5.5903,0.2029,16.372104500000003,26.5519961,Castle,77.928
322,KlDigits,9000,18000,40,10,0,0,1.9657,0.1093,0.9207,0.9056,0.172,0.3385,0.1802,2.92,3.3219,5.5903,0.2029,16.372104500000003,26.5519961,Cn2,108.421
323,KlDigits,9000,18000,40,10,0,0,1.9657,0.1093,0.9207,0.9056,0.172,0.3385,0.1802,2.92,3.3219,5.5903,0.2029,16.372104500000003,26.5519961,Default,596.315
324,KlDigits,9000,18000,40,10,0,0,1.9657,0.1093,0.9207,0.9056,0.172,0.3385,0.1802,2.92,3.3219,5.5903,0.2029,16.372104500000003,26.5519961,Dipol92,12.875
325,KlDigits,9000,18000,40,10,0,0,1.9657,0.1093,0.9207,0.9056,0.172,0.3385,0.1802,2.92,3.3219,5.5903,0.2029,16.372104500000003,26.5519961,Discrim,37.27
326,KlDigits,9000,18000,40,10,0,0,1.9657,0.1093,0.9207,0.9056,0.172,0.3385,0.1802,2.92,3.3219,5.5903,0.2029,16.372104500000003,26.5519961,ITrule,132.816
327,KlDigits,9000,18000,40,10,0,0,1.9657,0.1093,0.9207,0.9056,0.172,0.3385,0.1802,2.92,3.3219,5.5903,0.2029,16.372104500000003,26.5519961,IndCART,101.645
328,KlDigits,9000,18000,40,10,0,0,1.9657,0.1093,0.9207,0.9056,0.172,0.3385,0.1802,2.92,3.3219,5.5903,0.2029,16.372104500000003,26.5519961,KNN,0.0
329,KlDigits,9000,18000,40,10,0,0,1.9657,0.1093,0.9207,0.9056,0.172,0.3385,0.1802,2.92,3.3219,5.5903,0.2029,16.372104500000003,26.5519961,Kohonen,664.078
330,KlDigits,9000,18000,40,10,0,0,1.9657,0.1093,0.9207,0.9056,0.172,0.3385,0.1802,2.92,3.3219,5.5903,0.2029,16.372104500000003,26.5519961,LVQ,4.066
331,KlDigits,9000,18000,40,10,0,0,1.9657,0.1093,0.9207,0.9056,0.172,0.3385,0.1802,2.92,3.3219,5.5903,0.2029,16.372104500000003,26.5519961,LogDisc,21.006999999999998
332,KlDigits,9000,18000,40,10,0,0,1.9657,0.1093,0.9207,0.9056,0.172,0.3385,0.1802,2.92,3.3219,5.5903,0.2029,16.372104500000003,26.5519961,NewId,96.22399999999999
333,KlDigits,9000,18000,40,10,0,0,1.9657,0.1093,0.9207,0.9056,0.172,0.3385,0.1802,2.92,3.3219,5.5903,0.2029,16.372104500000003,26.5519961,QuaDisc,3.388
334,KlDigits,9000,18000,40,10,0,0,1.9657,0.1093,0.9207,0.9056,0.172,0.3385,0.1802,2.92,3.3219,5.5903,0.2029,16.372104500000003,26.5519961,RBF,23.717
335,KlDigits,9000,18000,40,10,0,0,1.9657,0.1093,0.9207,0.9056,0.172,0.3385,0.1802,2.92,3.3219,5.5903,0.2029,16.372104500000003,26.5519961,Smart,25.072
336,Letters,5000,20000,16,26,0,0,1.8795,0.2577,0.8896,0.8489,0.168,0.321,0.5698,3.5385,4.6996,3.094,0.5189,9.05685103,4.96261322,Ac2,52.292
337,Letters,5000,20000,16,26,0,0,1.8795,0.2577,0.8896,0.8489,0.168,0.321,0.5698,3.5385,4.6996,3.094,0.5189,9.05685103,4.96261322,Alloc80,0.0
338,Letters,5000,20000,16,26,0,0,1.8795,0.2577,0.8896,0.8489,0.168,0.321,0.5698,3.5385,4.6996,3.094,0.5189,9.05685103,4.96261322,BackProp,75.982
339,Letters,5000,20000,16,26,0,0,1.8795,0.2577,0.8896,0.8489,0.168,0.321,0.5698,3.5385,4.6996,3.094,0.5189,9.05685103,4.96261322,Bayes,134.341
340,Letters,5000,20000,16,26,0,0,1.8795,0.2577,0.8896,0.8489,0.168,0.321,0.5698,3.5385,4.6996,3.094,0.5189,9.05685103,4.96261322,BayesTree,17.334
341,Letters,5000,20000,16,26,0,0,1.8795,0.2577,0.8896,0.8489,0.168,0.321,0.5698,3.5385,4.6996,3.094,0.5189,9.05685103,4.96261322,C4.5,19.646
342,Letters,5000,20000,16,26,0,0,1.8795,0.2577,0.8896,0.8489,0.168,0.321,0.5698,3.5385,4.6996,3.094,0.5189,9.05685103,4.96261322,CART,270.416
343,Letters,5000,20000,16,26,0,0,1.8795,0.2577,0.8896,0.8489,0.168,0.321,0.5698,3.5385,4.6996,3.094,0.5189,9.05685103,4.96261322,Cal5,54.603
344,Letters,5000,20000,16,26,0,0,1.8795,0.2577,0.8896,0.8489,0.168,0.321,0.5698,3.5385,4.6996,3.094,0.5189,9.05685103,4.96261322,Cascade,270.416
345,Letters,5000,20000,16,26,0,0,1.8795,0.2577,0.8896,0.8489,0.168,0.321,0.5698,3.5385,4.6996,3.094,0.5189,9.05685103,4.96261322,Castle,52.292
346,Letters,5000,20000,16,26,0,0,1.8795,0.2577,0.8896,0.8489,0.168,0.321,0.5698,3.5385,4.6996,3.094,0.5189,9.05685103,4.96261322,Cn2,14.734000000000002
347,Letters,5000,20000,16,26,0,0,1.8795,0.2577,0.8896,0.8489,0.168,0.321,0.5698,3.5385,4.6996,3.094,0.5189,9.05685103,4.96261322,Default,258.86
348,Letters,5000,20000,16,26,0,0,1.8795,0.2577,0.8896,0.8489,0.168,0.321,0.5698,3.5385,4.6996,3.094,0.5189,9.05685103,4.96261322,Dipol92,32.358000000000004
349,Letters,5000,20000,16,26,0,0,1.8795,0.2577,0.8896,0.8489,0.168,0.321,0.5698,3.5385,4.6996,3.094,0.5189,9.05685103,4.96261322,Discrim,68.76
350,Letters,5000,20000,16,26,0,0,1.8795,0.2577,0.8896,0.8489,0.168,0.321,0.5698,3.5385,4.6996,3.094,0.5189,9.05685103,4.96261322,ITrule,153.12
351,Letters,5000,20000,16,26,0,0,1.8795,0.2577,0.8896,0.8489,0.168,0.321,0.5698,3.5385,4.6996,3.094,0.5189,9.05685103,4.96261322,IndCART,19.067999999999998
352,Letters,5000,20000,16,26,0,0,1.8795,0.2577,0.8896,0.8489,0.168,0.321,0.5698,3.5385,4.6996,3.094,0.5189,9.05685103,4.96261322,KNN,1.733
353,Letters,5000,20000,16,26,0,0,1.8795,0.2577,0.8896,0.8489,0.168,0.321,0.5698,3.5385,4.6996,3.094,0.5189,9.05685103,4.96261322,Kohonen,54.31399999999999
354,Letters,5000,20000,16,26,0,0,1.8795,0.2577,0.8896,0.8489,0.168,0.321,0.5698,3.5385,4.6996,3.094,0.5189,9.05685103,4.96261322,LVQ,4.334
355,Letters,5000,20000,16,26,0,0,1.8795,0.2577,0.8896,0.8489,0.168,0.321,0.5698,3.5385,4.6996,3.094,0.5189,9.05685103,4.96261322,LogDisc,49.114
356,Letters,5000,20000,16,26,0,0,1.8795,0.2577,0.8896,0.8489,0.168,0.321,0.5698,3.5385,4.6996,3.094,0.5189,9.05685103,4.96261322,NewId,18.49
357,Letters,5000,20000,16,26,0,0,1.8795,0.2577,0.8896,0.8489,0.168,0.321,0.5698,3.5385,4.6996,3.094,0.5189,9.05685103,4.96261322,QuaDisc,14.155999999999999
358,Letters,5000,20000,16,26,0,0,1.8795,0.2577,0.8896,0.8489,0.168,0.321,0.5698,3.5385,4.6996,3.094,0.5189,9.05685103,4.96261322,RBF,48.825
359,Letters,5000,20000,16,26,0,0,1.8795,0.2577,0.8896,0.8489,0.168,0.321,0.5698,3.5385,4.6996,3.094,0.5189,9.05685103,4.96261322,Smart,66.737
360,NewBelgian,1000,3000,57,2,0,0,1.0638,0.1216,0.5286,?,1.0,?,1.1179999999999999,6.7738,0.3879,3.83,0.0421,9.21377672,89.9738717,Ac2,1.675
361,NewBelgian,1000,3000,57,2,0,0,1.0638,0.1216,0.5286,?,1.0,?,1.1179999999999999,6.7738,0.3879,3.83,0.0421,9.21377672,89.9738717,Alloc80,8.933
362,NewBelgian,1000,3000,57,2,0,0,1.0638,0.1216,0.5286,?,1.0,?,1.1179999999999999,6.7738,0.3879,3.83,0.0421,9.21377672,89.9738717,BackProp,2.513
363,NewBelgian,1000,3000,57,2,0,0,1.0638,0.1216,0.5286,?,1.0,?,1.1179999999999999,6.7738,0.3879,3.83,0.0421,9.21377672,89.9738717,Bayes,21.217
364,NewBelgian,1000,3000,57,2,0,0,1.0638,0.1216,0.5286,?,1.0,?,1.1179999999999999,6.7738,0.3879,3.83,0.0421,9.21377672,89.9738717,BayesTree,0.27899999999999997
365,NewBelgian,1000,3000,57,2,0,0,1.0638,0.1216,0.5286,?,1.0,?,1.1179999999999999,6.7738,0.3879,3.83,0.0421,9.21377672,89.9738717,C4.5,1.396
366,NewBelgian,1000,3000,57,2,0,0,1.0638,0.1216,0.5286,?,1.0,?,1.1179999999999999,6.7738,0.3879,3.83,0.0421,9.21377672,89.9738717,CART,2.513
367,NewBelgian,1000,3000,57,2,0,0,1.0638,0.1216,0.5286,?,1.0,?,1.1179999999999999,6.7738,0.3879,3.83,0.0421,9.21377672,89.9738717,Cal5,3.6289999999999996
368,NewBelgian,1000,3000,57,2,0,0,1.0638,0.1216,0.5286,?,1.0,?,1.1179999999999999,6.7738,0.3879,3.83,0.0421,9.21377672,89.9738717,Cascade,275.541
369,NewBelgian,1000,3000,57,2,0,0,1.0638,0.1216,0.5286,?,1.0,?,1.1179999999999999,6.7738,0.3879,3.83,0.0421,9.21377672,89.9738717,Castle,14.238
370,NewBelgian,1000,3000,57,2,0,0,1.0638,0.1216,0.5286,?,1.0,?,1.1179999999999999,6.7738,0.3879,3.83,0.0421,9.21377672,89.9738717,Cn2,3.35
371,NewBelgian,1000,3000,57,2,0,0,1.0638,0.1216,0.5286,?,1.0,?,1.1179999999999999,6.7738,0.3879,3.83,0.0421,9.21377672,89.9738717,Default,17.029
372,NewBelgian,1000,3000,57,2,0,0,1.0638,0.1216,0.5286,?,1.0,?,1.1179999999999999,6.7738,0.3879,3.83,0.0421,9.21377672,89.9738717,Dipol92,3.6289999999999996
373,NewBelgian,1000,3000,57,2,0,0,1.0638,0.1216,0.5286,?,1.0,?,1.1179999999999999,6.7738,0.3879,3.83,0.0421,9.21377672,89.9738717,Discrim,7.817
374,NewBelgian,1000,3000,57,2,0,0,1.0638,0.1216,0.5286,?,1.0,?,1.1179999999999999,6.7738,0.3879,3.83,0.0421,9.21377672,89.9738717,ITrule,18.984
375,NewBelgian,1000,3000,57,2,0,0,1.0638,0.1216,0.5286,?,1.0,?,1.1179999999999999,6.7738,0.3879,3.83,0.0421,9.21377672,89.9738717,IndCART,0.27899999999999997
376,NewBelgian,1000,3000,57,2,0,0,1.0638,0.1216,0.5286,?,1.0,?,1.1179999999999999,6.7738,0.3879,3.83,0.0421,9.21377672,89.9738717,KNN,10.888
377,NewBelgian,1000,3000,57,2,0,0,1.0638,0.1216,0.5286,?,1.0,?,1.1179999999999999,6.7738,0.3879,3.83,0.0421,9.21377672,89.9738717,Kohonen,19.820999999999998
378,NewBelgian,1000,3000,57,2,0,0,1.0638,0.1216,0.5286,?,1.0,?,1.1179999999999999,6.7738,0.3879,3.83,0.0421,9.21377672,89.9738717,LVQ,14.517000000000001
379,NewBelgian,1000,3000,57,2,0,0,1.0638,0.1216,0.5286,?,1.0,?,1.1179999999999999,6.7738,0.3879,3.83,0.0421,9.21377672,89.9738717,LogDisc,4.188
380,NewBelgian,1000,3000,57,2,0,0,1.0638,0.1216,0.5286,?,1.0,?,1.1179999999999999,6.7738,0.3879,3.83,0.0421,9.21377672,89.9738717,NewId,1.117
381,NewBelgian,1000,3000,57,2,0,0,1.0638,0.1216,0.5286,?,1.0,?,1.1179999999999999,6.7738,0.3879,3.83,0.0421,9.21377672,89.9738717,QuaDisc,6.142
382,NewBelgian,1000,3000,57,2,0,0,1.0638,0.1216,0.5286,?,1.0,?,1.1179999999999999,6.7738,0.3879,3.83,0.0421,9.21377672,89.9738717,RBF,6.142
383,NewBelgian,1000,3000,57,2,0,0,1.0638,0.1216,0.5286,?,1.0,?,1.1179999999999999,6.7738,0.3879,3.83,0.0421,9.21377672,89.9738717,Smart,0.0
384,SatImage,2000,6435,36,6,0,0,1.297,0.5977,0.9366,0.9332,0.3586,0.7146,0.7316,4.1737,2.4734,5.5759,0.9443,2.61929472,4.9047972,Ac2,9.654
385,SatImage,2000,6435,36,6,0,0,1.297,0.5977,0.9366,0.9332,0.3586,0.7146,0.7316,4.1737,2.4734,5.5759,0.9443,2.61929472,4.9047972,Alloc80,5.8229999999999995
386,SatImage,2000,6435,36,6,0,0,1.297,0.5977,0.9366,0.9332,0.3586,0.7146,0.7316,4.1737,2.4734,5.5759,0.9443,2.61929472,4.9047972,BackProp,6.896
387,SatImage,2000,6435,36,6,0,0,1.297,0.5977,0.9366,0.9332,0.3586,0.7146,0.7316,4.1737,2.4734,5.5759,0.9443,2.61929472,4.9047972,Bayes,29.576
388,SatImage,2000,6435,36,6,0,0,1.297,0.5977,0.9366,0.9332,0.3586,0.7146,0.7316,4.1737,2.4734,5.5759,0.9443,2.61929472,4.9047972,BayesTree,8.122
389,SatImage,2000,6435,36,6,0,0,1.297,0.5977,0.9366,0.9332,0.3586,0.7146,0.7316,4.1737,2.4734,5.5759,0.9443,2.61929472,4.9047972,C4.5,8.582
390,SatImage,2000,6435,36,6,0,0,1.297,0.5977,0.9366,0.9332,0.3586,0.7146,0.7316,4.1737,2.4734,5.5759,0.9443,2.61929472,4.9047972,CART,6.742999999999999
391,SatImage,2000,6435,36,6,0,0,1.297,0.5977,0.9366,0.9332,0.3586,0.7146,0.7316,4.1737,2.4734,5.5759,0.9443,2.61929472,4.9047972,Cal5,8.735
392,SatImage,2000,6435,36,6,0,0,1.297,0.5977,0.9366,0.9332,0.3586,0.7146,0.7316,4.1737,2.4734,5.5759,0.9443,2.61929472,4.9047972,Cascade,10.574000000000002
393,SatImage,2000,6435,36,6,0,0,1.297,0.5977,0.9366,0.9332,0.3586,0.7146,0.7316,4.1737,2.4734,5.5759,0.9443,2.61929472,4.9047972,Castle,15.325
394,SatImage,2000,6435,36,6,0,0,1.297,0.5977,0.9366,0.9332,0.3586,0.7146,0.7316,4.1737,2.4734,5.5759,0.9443,2.61929472,4.9047972,Cn2,8.582
395,SatImage,2000,6435,36,6,0,0,1.297,0.5977,0.9366,0.9332,0.3586,0.7146,0.7316,4.1737,2.4734,5.5759,0.9443,2.61929472,4.9047972,Default,102.061
396,SatImage,2000,6435,36,6,0,0,1.297,0.5977,0.9366,0.9332,0.3586,0.7146,0.7316,4.1737,2.4734,5.5759,0.9443,2.61929472,4.9047972,Dipol92,2.605
397,SatImage,2000,6435,36,6,0,0,1.297,0.5977,0.9366,0.9332,0.3586,0.7146,0.7316,4.1737,2.4734,5.5759,0.9443,2.61929472,4.9047972,Discrim,11.8
398,SatImage,2000,6435,36,6,0,0,1.297,0.5977,0.9366,0.9332,0.3586,0.7146,0.7316,4.1737,2.4734,5.5759,0.9443,2.61929472,4.9047972,ITrule,138.84
399,SatImage,2000,6435,36,6,0,0,1.297,0.5977,0.9366,0.9332,0.3586,0.7146,0.7316,4.1737,2.4734,5.5759,0.9443,2.61929472,4.9047972,IndCART,6.742999999999999
400,SatImage,2000,6435,36,6,0,0,1.297,0.5977,0.9366,0.9332,0.3586,0.7146,0.7316,4.1737,2.4734,5.5759,0.9443,2.61929472,4.9047972,KNN,0.0
401,SatImage,2000,6435,36,6,0,0,1.297,0.5977,0.9366,0.9332,0.3586,0.7146,0.7316,4.1737,2.4734,5.5759,0.9443,2.61929472,4.9047972,Kohonen,13.026
402,SatImage,2000,6435,36,6,0,0,1.297,0.5977,0.9366,0.9332,0.3586,0.7146,0.7316,4.1737,2.4734,5.5759,0.9443,2.61929472,4.9047972,LVQ,1.686
403,SatImage,2000,6435,36,6,0,0,1.297,0.5977,0.9366,0.9332,0.3586,0.7146,0.7316,4.1737,2.4734,5.5759,0.9443,2.61929472,4.9047972,LogDisc,10.574000000000002
404,SatImage,2000,6435,36,6,0,0,1.297,0.5977,0.9366,0.9332,0.3586,0.7146,0.7316,4.1737,2.4734,5.5759,0.9443,2.61929472,4.9047972,NewId,8.582
405,SatImage,2000,6435,36,6,0,0,1.297,0.5977,0.9366,0.9332,0.3586,0.7146,0.7316,4.1737,2.4734,5.5759,0.9443,2.61929472,4.9047972,QuaDisc,9.347999999999999
406,SatImage,2000,6435,36,6,0,0,1.297,0.5977,0.9366,0.9332,0.3586,0.7146,0.7316,4.1737,2.4734,5.5759,0.9443,2.61929472,4.9047972,RBF,4.138
407,SatImage,2000,6435,36,6,0,0,1.297,0.5977,0.9366,0.9332,0.3586,0.7146,0.7316,4.1737,2.4734,5.5759,0.9443,2.61929472,4.9047972,Smart,9.961
408,Segment,2310,2310,11,7,0,0,4.0014,0.1425,0.976,0.9623,0.3098,0.611,2.958,24.4813,2.8072,3.0787,0.6672,4.20743405,3.61435851,Ac2,0.282
409,Segment,2310,2310,11,7,0,0,4.0014,0.1425,0.976,0.9623,0.3098,0.611,2.958,24.4813,2.8072,3.0787,0.6672,4.20743405,3.61435851,Alloc80,0.0
410,Segment,2310,2310,11,7,0,0,4.0014,0.1425,0.976,0.9623,0.3098,0.611,2.958,24.4813,2.8072,3.0787,0.6672,4.20743405,3.61435851,BackProp,6.7620000000000005
411,Segment,2310,2310,11,7,0,0,4.0014,0.1425,0.976,0.9623,0.3098,0.611,2.958,24.4813,2.8072,3.0787,0.6672,4.20743405,3.61435851,Bayes,66.211
412,Segment,2310,2310,11,7,0,0,4.0014,0.1425,0.976,0.9623,0.3098,0.611,2.958,24.4813,2.8072,3.0787,0.6672,4.20743405,3.61435851,BayesTree,0.845
413,Segment,2310,2310,11,7,0,0,4.0014,0.1425,0.976,0.9623,0.3098,0.611,2.958,24.4813,2.8072,3.0787,0.6672,4.20743405,3.61435851,C4.5,2.8169999999999997
414,Segment,2310,2310,11,7,0,0,4.0014,0.1425,0.976,0.9623,0.3098,0.611,2.958,24.4813,2.8072,3.0787,0.6672,4.20743405,3.61435851,CART,2.8169999999999997
415,Segment,2310,2310,11,7,0,0,4.0014,0.1425,0.976,0.9623,0.3098,0.611,2.958,24.4813,2.8072,3.0787,0.6672,4.20743405,3.61435851,Cal5,9.016
416,Segment,2310,2310,11,7,0,0,4.0014,0.1425,0.976,0.9623,0.3098,0.611,2.958,24.4813,2.8072,3.0787,0.6672,4.20743405,3.61435851,Cascade,273.295
417,Segment,2310,2310,11,7,0,0,4.0014,0.1425,0.976,0.9623,0.3098,0.611,2.958,24.4813,2.8072,3.0787,0.6672,4.20743405,3.61435851,Castle,23.103
418,Segment,2310,2310,11,7,0,0,4.0014,0.1425,0.976,0.9623,0.3098,0.611,2.958,24.4813,2.8072,3.0787,0.6672,4.20743405,3.61435851,Cn2,3.6630000000000003
419,Segment,2310,2310,11,7,0,0,4.0014,0.1425,0.976,0.9623,0.3098,0.611,2.958,24.4813,2.8072,3.0787,0.6672,4.20743405,3.61435851,Default,245.12
420,Segment,2310,2310,11,7,0,0,4.0014,0.1425,0.976,0.9623,0.3098,0.611,2.958,24.4813,2.8072,3.0787,0.6672,4.20743405,3.61435851,Dipol92,0.282
421,Segment,2310,2310,11,7,0,0,4.0014,0.1425,0.976,0.9623,0.3098,0.611,2.958,24.4813,2.8072,3.0787,0.6672,4.20743405,3.61435851,Discrim,24.23
422,Segment,2310,2310,11,7,0,0,4.0014,0.1425,0.976,0.9623,0.3098,0.611,2.958,24.4813,2.8072,3.0787,0.6672,4.20743405,3.61435851,ITrule,119.743
423,Segment,2310,2310,11,7,0,0,4.0014,0.1425,0.976,0.9623,0.3098,0.611,2.958,24.4813,2.8072,3.0787,0.6672,4.20743405,3.61435851,IndCART,4.226
424,Segment,2310,2310,11,7,0,0,4.0014,0.1425,0.976,0.9623,0.3098,0.611,2.958,24.4813,2.8072,3.0787,0.6672,4.20743405,3.61435851,KNN,13.242
425,Segment,2310,2310,11,7,0,0,4.0014,0.1425,0.976,0.9623,0.3098,0.611,2.958,24.4813,2.8072,3.0787,0.6672,4.20743405,3.61435851,Kohonen,10.425
426,Segment,2310,2310,11,7,0,0,4.0014,0.1425,0.976,0.9623,0.3098,0.611,2.958,24.4813,2.8072,3.0787,0.6672,4.20743405,3.61435851,LVQ,4.508
427,Segment,2310,2310,11,7,0,0,4.0014,0.1425,0.976,0.9623,0.3098,0.611,2.958,24.4813,2.8072,3.0787,0.6672,4.20743405,3.61435851,LogDisc,22.258000000000003
428,Segment,2310,2310,11,7,0,0,4.0014,0.1425,0.976,0.9623,0.3098,0.611,2.958,24.4813,2.8072,3.0787,0.6672,4.20743405,3.61435851,NewId,1.127
429,Segment,2310,2310,11,7,0,0,4.0014,0.1425,0.976,0.9623,0.3098,0.611,2.958,24.4813,2.8072,3.0787,0.6672,4.20743405,3.61435851,QuaDisc,35.782
430,Segment,2310,2310,11,7,0,0,4.0014,0.1425,0.976,0.9623,0.3098,0.611,2.958,24.4813,2.8072,3.0787,0.6672,4.20743405,3.61435851,RBF,10.988
431,Segment,2310,2310,11,7,0,0,4.0014,0.1425,0.976,0.9623,0.3098,0.611,2.958,24.4813,2.8072,3.0787,0.6672,4.20743405,3.61435851,Smart,6.1979999999999995
432,Shuttle,14500,58000,9,7,0,0,1.6067,0.3558,0.9668,0.6968,0.6252,0.9499,4.4371,160.3108,0.9653,3.4271,0.3348,2.88321386,9.23626045,Ac2,37.330999999999996
433,Shuttle,14500,58000,9,7,0,0,1.6067,0.3558,0.9668,0.6968,0.6252,0.9499,4.4371,160.3108,0.9653,3.4271,0.3348,2.88321386,9.23626045,Alloc80,98.74600000000001
434,Shuttle,14500,58000,9,7,0,0,1.6067,0.3558,0.9668,0.6968,0.6252,0.9499,4.4371,160.3108,0.9653,3.4271,0.3348,2.88321386,9.23626045,BackProp,50.577
435,Shuttle,14500,58000,9,7,0,0,1.6067,0.3558,0.9668,0.6968,0.6252,0.9499,4.4371,160.3108,0.9653,3.4271,0.3348,2.88321386,9.23626045,Bayes,540.695
436,Shuttle,14500,58000,9,7,0,0,1.6067,0.3558,0.9668,0.6968,0.6252,0.9499,4.4371,160.3108,0.9653,3.4271,0.3348,2.88321386,9.23626045,BayesTree,1.204
437,Shuttle,14500,58000,9,7,0,0,1.6067,0.3558,0.9668,0.6968,0.6252,0.9499,4.4371,160.3108,0.9653,3.4271,0.3348,2.88321386,9.23626045,C4.5,10.838
438,Shuttle,14500,58000,9,7,0,0,1.6067,0.3558,0.9668,0.6968,0.6252,0.9499,4.4371,160.3108,0.9653,3.4271,0.3348,2.88321386,9.23626045,CART,8.43
439,Shuttle,14500,58000,9,7,0,0,1.6067,0.3558,0.9668,0.6968,0.6252,0.9499,4.4371,160.3108,0.9653,3.4271,0.3348,2.88321386,9.23626045,Cal5,2.408
440,Shuttle,14500,58000,9,7,0,0,1.6067,0.3558,0.9668,0.6968,0.6252,0.9499,4.4371,160.3108,0.9653,3.4271,0.3348,2.88321386,9.23626045,Cascade,12040.992
441,Shuttle,14500,58000,9,7,0,0,1.6067,0.3558,0.9668,0.6968,0.6252,0.9499,4.4371,160.3108,0.9653,3.4271,0.3348,2.88321386,9.23626045,Castle,456.399
442,Shuttle,14500,58000,9,7,0,0,1.6067,0.3558,0.9668,0.6968,0.6252,0.9499,4.4371,160.3108,0.9653,3.4271,0.3348,2.88321386,9.23626045,Cn2,2.408
443,Shuttle,14500,58000,9,7,0,0,1.6067,0.3558,0.9668,0.6968,0.6252,0.9499,4.4371,160.3108,0.9653,3.4271,0.3348,2.88321386,9.23626045,Default,2575.826
444,Shuttle,14500,58000,9,7,0,0,1.6067,0.3558,0.9668,0.6968,0.6252,0.9499,4.4371,160.3108,0.9653,3.4271,0.3348,2.88321386,9.23626045,Dipol92,56.598
445,Shuttle,14500,58000,9,7,0,0,1.6067,0.3558,0.9668,0.6968,0.6252,0.9499,4.4371,160.3108,0.9653,3.4271,0.3348,2.88321386,9.23626045,Discrim,580.434
446,Shuttle,14500,58000,9,7,0,0,1.6067,0.3558,0.9668,0.6968,0.6252,0.9499,4.4371,160.3108,0.9653,3.4271,0.3348,2.88321386,9.23626045,ITrule,48.169
447,Shuttle,14500,58000,9,7,0,0,1.6067,0.3558,0.9668,0.6968,0.6252,0.9499,4.4371,160.3108,0.9653,3.4271,0.3348,2.88321386,9.23626045,IndCART,9.634
448,Shuttle,14500,58000,9,7,0,0,1.6067,0.3558,0.9668,0.6968,0.6252,0.9499,4.4371,160.3108,0.9653,3.4271,0.3348,2.88321386,9.23626045,KNN,51.781000000000006
449,Shuttle,14500,58000,9,7,0,0,1.6067,0.3558,0.9668,0.6968,0.6252,0.9499,4.4371,160.3108,0.9653,3.4271,0.3348,2.88321386,9.23626045,Kohonen,12040.992
450,Shuttle,14500,58000,9,7,0,0,1.6067,0.3558,0.9668,0.6968,0.6252,0.9499,4.4371,160.3108,0.9653,3.4271,0.3348,2.88321386,9.23626045,LVQ,51.781000000000006
451,Shuttle,14500,58000,9,7,0,0,1.6067,0.3558,0.9668,0.6968,0.6252,0.9499,4.4371,160.3108,0.9653,3.4271,0.3348,2.88321386,9.23626045,LogDisc,460.01199999999994
452,Shuttle,14500,58000,9,7,0,0,1.6067,0.3558,0.9668,0.6968,0.6252,0.9499,4.4371,160.3108,0.9653,3.4271,0.3348,2.88321386,9.23626045,NewId,0.0
453,Shuttle,14500,58000,9,7,0,0,1.6067,0.3558,0.9668,0.6968,0.6252,0.9499,4.4371,160.3108,0.9653,3.4271,0.3348,2.88321386,9.23626045,QuaDisc,808.0310000000001
454,Shuttle,14500,58000,9,7,0,0,1.6067,0.3558,0.9668,0.6968,0.6252,0.9499,4.4371,160.3108,0.9653,3.4271,0.3348,2.88321386,9.23626045,RBF,167.387
455,Shuttle,14500,58000,9,7,0,0,1.6067,0.3558,0.9668,0.6968,0.6252,0.9499,4.4371,160.3108,0.9653,3.4271,0.3348,2.88321386,9.23626045,Smart,69.845
456,Technical,2580,7078,56,91,0,0,2.2442,?,0.9165,0.6818,0.5575,0.866,6.7156,108.2963,4.8787,0.3672,0.1815,26.879889799999997,1.0231405,Ac2,2.13
457,Technical,2580,7078,56,91,0,0,2.2442,?,0.9165,0.6818,0.5575,0.866,6.7156,108.2963,4.8787,0.3672,0.1815,26.879889799999997,1.0231405,Alloc80,161.514
458,Technical,2580,7078,56,91,0,0,2.2442,?,0.9165,0.6818,0.5575,0.866,6.7156,108.2963,4.8787,0.3672,0.1815,26.879889799999997,1.0231405,BackProp,161.514
459,Technical,2580,7078,56,91,0,0,2.2442,?,0.9165,0.6818,0.5575,0.866,6.7156,108.2963,4.8787,0.3672,0.1815,26.879889799999997,1.0231405,Bayes,46.857
460,Technical,2580,7078,56,91,0,0,2.2442,?,0.9165,0.6818,0.5575,0.866,6.7156,108.2963,4.8787,0.3672,0.1815,26.879889799999997,1.0231405,BayesTree,14.909
461,Technical,2580,7078,56,91,0,0,2.2442,?,0.9165,0.6818,0.5575,0.866,6.7156,108.2963,4.8787,0.3672,0.1815,26.879889799999997,1.0231405,C4.5,5.325
462,Technical,2580,7078,56,91,0,0,2.2442,?,0.9165,0.6818,0.5575,0.866,6.7156,108.2963,4.8787,0.3672,0.1815,26.879889799999997,1.0231405,CART,161.514
463,Technical,2580,7078,56,91,0,0,2.2442,?,0.9165,0.6818,0.5575,0.866,6.7156,108.2963,4.8787,0.3672,0.1815,26.879889799999997,1.0231405,Cal5,16.506
464,Technical,2580,7078,56,91,0,0,2.2442,?,0.9165,0.6818,0.5575,0.866,6.7156,108.2963,4.8787,0.3672,0.1815,26.879889799999997,1.0231405,Cascade,161.514
465,Technical,2580,7078,56,91,0,0,2.2442,?,0.9165,0.6818,0.5575,0.866,6.7156,108.2963,4.8787,0.3672,0.1815,26.879889799999997,1.0231405,Castle,161.514
466,Technical,2580,7078,56,91,0,0,2.2442,?,0.9165,0.6818,0.5575,0.866,6.7156,108.2963,4.8787,0.3672,0.1815,26.879889799999997,1.0231405,Cn2,5.857
467,Technical,2580,7078,56,91,0,0,2.2442,?,0.9165,0.6818,0.5575,0.866,6.7156,108.2963,4.8787,0.3672,0.1815,26.879889799999997,1.0231405,Default,120.69200000000001
468,Technical,2580,7078,56,91,0,0,2.2442,?,0.9165,0.6818,0.5575,0.866,6.7156,108.2963,4.8787,0.3672,0.1815,26.879889799999997,1.0231405,Dipol92,18.104
469,Technical,2580,7078,56,91,0,0,2.2442,?,0.9165,0.6818,0.5575,0.866,6.7156,108.2963,4.8787,0.3672,0.1815,26.879889799999997,1.0231405,Discrim,53.424
470,Technical,2580,7078,56,91,0,0,2.2442,?,0.9165,0.6818,0.5575,0.866,6.7156,108.2963,4.8787,0.3672,0.1815,26.879889799999997,1.0231405,ITrule,161.514
471,Technical,2580,7078,56,91,0,0,2.2442,?,0.9165,0.6818,0.5575,0.866,6.7156,108.2963,4.8787,0.3672,0.1815,26.879889799999997,1.0231405,IndCART,0.887
472,Technical,2580,7078,56,91,0,0,2.2442,?,0.9165,0.6818,0.5575,0.866,6.7156,108.2963,4.8787,0.3672,0.1815,26.879889799999997,1.0231405,KNN,20.234
473,Technical,2580,7078,56,91,0,0,2.2442,?,0.9165,0.6818,0.5575,0.866,6.7156,108.2963,4.8787,0.3672,0.1815,26.879889799999997,1.0231405,Kohonen,47.388999999999996
474,Technical,2580,7078,56,91,0,0,2.2442,?,0.9165,0.6818,0.5575,0.866,6.7156,108.2963,4.8787,0.3672,0.1815,26.879889799999997,1.0231405,LVQ,30.35
475,Technical,2580,7078,56,91,0,0,2.2442,?,0.9165,0.6818,0.5575,0.866,6.7156,108.2963,4.8787,0.3672,0.1815,26.879889799999997,1.0231405,LogDisc,55.199
476,Technical,2580,7078,56,91,0,0,2.2442,?,0.9165,0.6818,0.5575,0.866,6.7156,108.2963,4.8787,0.3672,0.1815,26.879889799999997,1.0231405,NewId,0.0
477,Technical,2580,7078,56,91,0,0,2.2442,?,0.9165,0.6818,0.5575,0.866,6.7156,108.2963,4.8787,0.3672,0.1815,26.879889799999997,1.0231405,QuaDisc,71.882
478,Technical,2580,7078,56,91,0,0,2.2442,?,0.9165,0.6818,0.5575,0.866,6.7156,108.2963,4.8787,0.3672,0.1815,26.879889799999997,1.0231405,RBF,41.532
479,Technical,2580,7078,56,91,0,0,2.2442,?,0.9165,0.6818,0.5575,0.866,6.7156,108.2963,4.8787,0.3672,0.1815,26.879889799999997,1.0231405,Smart,48.986999999999995
480,TseTse,1499,4999,14,2,0,0,1.1316,0.3676,0.7792,?,1.0,?,0.6483,4.3322,0.9998,3.8755,0.285,3.50807018,12.598245599999998,Ac2,2.286
481,TseTse,1499,4999,14,2,0,0,1.1316,0.3676,0.7792,?,1.0,?,0.6483,4.3322,0.9998,3.8755,0.285,3.50807018,12.598245599999998,Alloc80,4.364
482,TseTse,1499,4999,14,2,0,0,1.1316,0.3676,0.7792,?,1.0,?,0.6483,4.3322,0.9998,3.8755,0.285,3.50807018,12.598245599999998,BackProp,6.027
483,TseTse,1499,4999,14,2,0,0,1.1316,0.3676,0.7792,?,1.0,?,0.6483,4.3322,0.9998,3.8755,0.285,3.50807018,12.598245599999998,Bayes,17.458
484,TseTse,1499,4999,14,2,0,0,1.1316,0.3676,0.7792,?,1.0,?,0.6483,4.3322,0.9998,3.8755,0.285,3.50807018,12.598245599999998,BayesTree,0.20800000000000002
485,TseTse,1499,4999,14,2,0,0,1.1316,0.3676,0.7792,?,1.0,?,0.6483,4.3322,0.9998,3.8755,0.285,3.50807018,12.598245599999998,C4.5,2.702
486,TseTse,1499,4999,14,2,0,0,1.1316,0.3676,0.7792,?,1.0,?,0.6483,4.3322,0.9998,3.8755,0.285,3.50807018,12.598245599999998,CART,1.0390000000000001
487,TseTse,1499,4999,14,2,0,0,1.1316,0.3676,0.7792,?,1.0,?,0.6483,4.3322,0.9998,3.8755,0.285,3.50807018,12.598245599999998,Cal5,3.949
488,TseTse,1499,4999,14,2,0,0,1.1316,0.3676,0.7792,?,1.0,?,0.6483,4.3322,0.9998,3.8755,0.285,3.50807018,12.598245599999998,Cascade,200.34900000000002
489,TseTse,1499,4999,14,2,0,0,1.1316,0.3676,0.7792,?,1.0,?,0.6483,4.3322,0.9998,3.8755,0.285,3.50807018,12.598245599999998,Castle,20.991
490,TseTse,1499,4999,14,2,0,0,1.1316,0.3676,0.7792,?,1.0,?,0.6483,4.3322,0.9998,3.8755,0.285,3.50807018,12.598245599999998,Cn2,0.0
491,TseTse,1499,4999,14,2,0,0,1.1316,0.3676,0.7792,?,1.0,?,0.6483,4.3322,0.9998,3.8755,0.285,3.50807018,12.598245599999998,Default,94.355
492,TseTse,1499,4999,14,2,0,0,1.1316,0.3676,0.7792,?,1.0,?,0.6483,4.3322,0.9998,3.8755,0.285,3.50807018,12.598245599999998,Dipol92,3.533
493,TseTse,1499,4999,14,2,0,0,1.1316,0.3676,0.7792,?,1.0,?,0.6483,4.3322,0.9998,3.8755,0.285,3.50807018,12.598245599999998,Discrim,17.873
494,TseTse,1499,4999,14,2,0,0,1.1316,0.3676,0.7792,?,1.0,?,0.6483,4.3322,0.9998,3.8755,0.285,3.50807018,12.598245599999998,ITrule,39.904
495,TseTse,1499,4999,14,2,0,0,1.1316,0.3676,0.7792,?,1.0,?,0.6483,4.3322,0.9998,3.8755,0.285,3.50807018,12.598245599999998,IndCART,0.623
496,TseTse,1499,4999,14,2,0,0,1.1316,0.3676,0.7792,?,1.0,?,0.6483,4.3322,0.9998,3.8755,0.285,3.50807018,12.598245599999998,KNN,4.364
497,TseTse,1499,4999,14,2,0,0,1.1316,0.3676,0.7792,?,1.0,?,0.6483,4.3322,0.9998,3.8755,0.285,3.50807018,12.598245599999998,Kohonen,8.105
498,TseTse,1499,4999,14,2,0,0,1.1316,0.3676,0.7792,?,1.0,?,0.6483,4.3322,0.9998,3.8755,0.285,3.50807018,12.598245599999998,LVQ,6.027
499,TseTse,1499,4999,14,2,0,0,1.1316,0.3676,0.7792,?,1.0,?,0.6483,4.3322,0.9998,3.8755,0.285,3.50807018,12.598245599999998,LogDisc,16.834
500,TseTse,1499,4999,14,2,0,0,1.1316,0.3676,0.7792,?,1.0,?,0.6483,4.3322,0.9998,3.8755,0.285,3.50807018,12.598245599999998,NewId,0.831
501,TseTse,1499,4999,14,2,0,0,1.1316,0.3676,0.7792,?,1.0,?,0.6483,4.3322,0.9998,3.8755,0.285,3.50807018,12.598245599999998,QuaDisc,12.886
502,TseTse,1499,4999,14,2,0,0,1.1316,0.3676,0.7792,?,1.0,?,0.6483,4.3322,0.9998,3.8755,0.285,3.50807018,12.598245599999998,RBF,3.325
503,TseTse,1499,4999,14,2,0,0,1.1316,0.3676,0.7792,?,1.0,?,0.6483,4.3322,0.9998,3.8755,0.285,3.50807018,12.598245599999998,Smart,2.286
504,Vehicle,846,846,18,4,0,0,1.5392,0.4828,0.8420000000000001,0.8189,0.4696,0.9139,0.8282,5.18,1.9979,4.2472,0.3538,5.64697569,11.004522300000001,Ac2,11.892999999999999
505,Vehicle,846,846,18,4,0,0,1.5392,0.4828,0.8420000000000001,0.8189,0.4696,0.9139,0.8282,5.18,1.9979,4.2472,0.3538,5.64697569,11.004522300000001,Alloc80,1.874
506,Vehicle,846,846,18,4,0,0,1.5392,0.4828,0.8420000000000001,0.8189,0.4696,0.9139,0.8282,5.18,1.9979,4.2472,0.3538,5.64697569,11.004522300000001,BackProp,4.643
507,Vehicle,846,846,18,4,0,0,1.5392,0.4828,0.8420000000000001,0.8189,0.4696,0.9139,0.8282,5.18,1.9979,4.2472,0.3538,5.64697569,11.004522300000001,Bayes,33.235
508,Vehicle,846,846,18,4,0,0,1.5392,0.4828,0.8420000000000001,0.8189,0.4696,0.9139,0.8282,5.18,1.9979,4.2472,0.3538,5.64697569,11.004522300000001,BayesTree,9.856
509,Vehicle,846,846,18,4,0,0,1.5392,0.4828,0.8420000000000001,0.8189,0.4696,0.9139,0.8282,5.18,1.9979,4.2472,0.3538,5.64697569,11.004522300000001,C4.5,9.449
510,Vehicle,846,846,18,4,0,0,1.5392,0.4828,0.8420000000000001,0.8189,0.4696,0.9139,0.8282,5.18,1.9979,4.2472,0.3538,5.64697569,11.004522300000001,CART,6.9239999999999995
511,Vehicle,846,846,18,4,0,0,1.5392,0.4828,0.8420000000000001,0.8189,0.4696,0.9139,0.8282,5.18,1.9979,4.2472,0.3538,5.64697569,11.004522300000001,Cal5,10.508
512,Vehicle,846,846,18,4,0,0,1.5392,0.4828,0.8420000000000001,0.8189,0.4696,0.9139,0.8282,5.18,1.9979,4.2472,0.3538,5.64697569,11.004522300000001,Cascade,10.589
513,Vehicle,846,846,18,4,0,0,1.5392,0.4828,0.8420000000000001,0.8189,0.4696,0.9139,0.8282,5.18,1.9979,4.2472,0.3538,5.64697569,11.004522300000001,Castle,28.916999999999998
514,Vehicle,846,846,18,4,0,0,1.5392,0.4828,0.8420000000000001,0.8189,0.4696,0.9139,0.8282,5.18,1.9979,4.2472,0.3538,5.64697569,11.004522300000001,Cn2,13.359000000000002
515,Vehicle,846,846,18,4,0,0,1.5392,0.4828,0.8420000000000001,0.8189,0.4696,0.9139,0.8282,5.18,1.9979,4.2472,0.3538,5.64697569,11.004522300000001,Default,48.873999999999995
516,Vehicle,846,846,18,4,0,0,1.5392,0.4828,0.8420000000000001,0.8189,0.4696,0.9139,0.8282,5.18,1.9979,4.2472,0.3538,5.64697569,11.004522300000001,Dipol92,0.081
517,Vehicle,846,846,18,4,0,0,1.5392,0.4828,0.8420000000000001,0.8189,0.4696,0.9139,0.8282,5.18,1.9979,4.2472,0.3538,5.64697569,11.004522300000001,Discrim,5.376
518,Vehicle,846,846,18,4,0,0,1.5392,0.4828,0.8420000000000001,0.8189,0.4696,0.9139,0.8282,5.18,1.9979,4.2472,0.3538,5.64697569,11.004522300000001,ITrule,14.174000000000001
519,Vehicle,846,846,18,4,0,0,1.5392,0.4828,0.8420000000000001,0.8189,0.4696,0.9139,0.8282,5.18,1.9979,4.2472,0.3538,5.64697569,11.004522300000001,IndCART,12.056
520,Vehicle,846,846,18,4,0,0,1.5392,0.4828,0.8420000000000001,0.8189,0.4696,0.9139,0.8282,5.18,1.9979,4.2472,0.3538,5.64697569,11.004522300000001,KNN,10.182
521,Vehicle,846,846,18,4,0,0,1.5392,0.4828,0.8420000000000001,0.8189,0.4696,0.9139,0.8282,5.18,1.9979,4.2472,0.3538,5.64697569,11.004522300000001,Kohonen,15.477
522,Vehicle,846,846,18,4,0,0,1.5392,0.4828,0.8420000000000001,0.8189,0.4696,0.9139,0.8282,5.18,1.9979,4.2472,0.3538,5.64697569,11.004522300000001,LVQ,11.16
523,Vehicle,846,846,18,4,0,0,1.5392,0.4828,0.8420000000000001,0.8189,0.4696,0.9139,0.8282,5.18,1.9979,4.2472,0.3538,5.64697569,11.004522300000001,LogDisc,3.4210000000000003
524,Vehicle,846,846,18,4,0,0,1.5392,0.4828,0.8420000000000001,0.8189,0.4696,0.9139,0.8282,5.18,1.9979,4.2472,0.3538,5.64697569,11.004522300000001,NewId,12.056
525,Vehicle,846,846,18,4,0,0,1.5392,0.4828,0.8420000000000001,0.8189,0.4696,0.9139,0.8282,5.18,1.9979,4.2472,0.3538,5.64697569,11.004522300000001,QuaDisc,0.0
526,Vehicle,846,846,18,4,0,0,1.5392,0.4828,0.8420000000000001,0.8189,0.4696,0.9139,0.8282,5.18,1.9979,4.2472,0.3538,5.64697569,11.004522300000001,RBF,12.789000000000001
527,Vehicle,846,846,18,4,0,0,1.5392,0.4828,0.8420000000000001,0.8189,0.4696,0.9139,0.8282,5.18,1.9979,4.2472,0.3538,5.64697569,11.004522300000001,Smart,5.457999999999999
