Node Number;Thread Number;Spatial Distribution;Temporal Distribution;T/R;Processor Utilization ;Channel Waiting Time;Input Waiting Time;Network Response Time;Channel Utilization;;;;;
64;4;UN;Client-Server;0,1;0,839546;1,974686;308,491814;700,514102;0,352431;;;;;
64;4;UN;Client-Server;0,2;0,827412;9,556437;291,037663;864,599227;0,506302;;;;;
64;4;UN;Client-Server;0,3;0,802605;27,027618;264,928002;839,372851;0,638516;;;;;
64;4;UN;Client-Server;0,4;0,723403;61,848511;235,776888;1256,053108;0,767051;;;;;
64;4;UN;Client-Server;0,5;0,72121;121,085884;189,680044;1343,875577;0,807812;;;;;
64;4;UN;Client-Server;0,6;0,647035;205,881088;145,988097;1574,366301;0,841771;;;;;
64;4;UN;Client-Server;0,7;0,567402;284,999115;118,323674;1974,853192;0,85033;;;;;
64;4;UN;Client-Server;0,8;0,511627;368,157288;92,003542;1845,521914;0,865625;;;;;
64;4;UN;Client-Server;0,9;0,47056;431,169037;80,43286;2605,196106;0,888828;;;;;
64;4;UN;Client-Server;1;0,421877;505,119598;68,518468;2586,130982;0,882552;;;;;
64;6;UN;Client-Server;0,1;0,901173;2,153823;495,533336;866,002265;0,370026;;;;;
64;6;UN;Client-Server;0,2;0,897863;11,002777;469,872618;1188,628365;0,53691;;;;;
64;6;UN;Client-Server;0,3;0,871957;31,924433;447,158333;1351,075304;0,65737;;;;;
64;6;UN;Client-Server;0,4;0,853846;84,117371;395,848075;1413,081946;0,772778;;;;;
64;6;UN;Client-Server;0,5;0,796428;194,432526;311,877373;1804,085211;0,852561;;;;;
64;6;UN;Client-Server;0,6;0,731779;341,365112;217,600589;2114,035099;0,910729;;;;;
64;6;UN;Client-Server;0,7;0,640211;495,164948;157,213968;2275,428465;0,916259;;;;;
64;6;UN;Client-Server;0,8;0,568923;626,139282;121,870069;3297,253072;0,924583;;;;;
64;6;UN;Client-Server;0,9;0,514046;741,330261;101,696076;2923,876773;0,931484;;;;;
64;6;UN;Client-Server;1;0,463145;851,930115;86,442861;3808,98919;0,931076;;;;;
64;8;UN;Client-Server;0,1;0,923706;2,222387;688,57719;1141,277162;0,346441;;;;;
64;8;UN;Client-Server;0,2;0,922138;11,448802;664,122822;1192,856244;0,518889;;;;;
64;8;UN;Client-Server;0,3;0,928869;36,851643;622,974259;1456,320301;0,683047;;;;;
64;8;UN;Client-Server;0,4;0,911611;97,074905;559,575905;1949,797805;0,809028;;;;;
64;8;UN;Client-Server;0,5;0,850776;260,288574;438,777004;2531,21942;0,888976;;;;;
64;8;UN;Client-Server;0,6;0,768916;498,907104;281,908378;2677,461345;0,933802;;;;;
64;8;UN;Client-Server;0,7;0,673281;703,671875;202,216033;3430,493664;0,940807;;;;;
64;8;UN;Client-Server;0,8;0,601595;886,009094;147,831672;3378,167663;0,951667;;;;;
64;8;UN;Client-Server;0,9;0,538158;1042,865601;123,761679;4793,187737;0,955781;;;;;
64;8;UN;Client-Server;1;0,488247;1182,806885;108,13343;5033,174441;0,960156;;;;;
64;10;UN;Client-Server;0,1;0,961658;2,323333;865,229508;1212,364504;0,359453;;;;;
64;10;UN;Client-Server;0,2;0,950974;12,018917;845,739986;1818,518585;0,52724;;;;;
64;10;UN;Client-Server;0,3;0,938148;36,704994;814,701175;1860,231397;0,677891;;;;;
64;10;UN;Client-Server;0,4;0,934972;106,477081;726,08212;1910,845894;0,817049;;;;;
64;10;UN;Client-Server;0,5;0,911155;289,791046;561,201404;2968,873768;0,883964;;;;;
64;10;UN;Client-Server;0,6;0,954375;569,042358;328,673091;3327,975791;0,794956;;;;;
64;10;UN;Client-Server;0,7;0,960799;770,286499;237,074701;4402,212045;0,697823;;;;;
64;10;UN;Client-Server;0,8;0,626211;943,934143;176,311116;4042,570405;0,972709;;;;;
64;10;UN;Client-Server;0,9;0,557324;1112,935791;137,785534;5117,790831;0,972031;;;;;
64;10;UN;Client-Server;1;0,504446;1258,460205;125,978201;6065,736672;0,973524;;;;;
64;4;HR;Client-Server;0,1;0,549508;1,222985;327,044772;1327,334659;0,297951;;;;;
64;4;HR;Client-Server;0,2;0,509507;5,670937;328,113813;1501,504698;0,357118;;;;;
64;4;HR;Client-Server;0,3;0,531845;16,238094;303,152729;1517,024022;0,479036;;;;;
64;4;HR;Client-Server;0,4;0,519655;45,07972;279,317307;1455,789406;0,543299;;;;;
64;4;HR;Client-Server;0,5;0,515341;129,721649;198,615324;1881,893315;0,636632;;;;;
64;4;HR;Client-Server;0,6;0,452565;262,34314;117,981682;2090,345171;0,649635;;;;;
64;4;HR;Client-Server;0,7;0,381618;347,487946;96,904514;2511,787943;0,633707;;;;;
64;4;HR;Client-Server;0,8;0,355369;424,036957;72,491967;3071,20543;0,672917;;;;;
64;4;HR;Client-Server;0,9;0,32818;495,345062;64,535954;3621,956835;0,681484;;;;;
64;4;HR;Client-Server;1;0,282082;575,525146;51,514464;3681,474413;0,655035;;;;;
64;6;HR;Client-Server;0,1;0,572224;1,282619;500,454189;1708,165016;0,310929;;;;;
64;6;HR;Client-Server;0,2;0,557274;6,012516;479,164027;2103,200338;0,393715;;;;;
64;6;HR;Client-Server;0,3;0,585218;19,425623;458,150123;1875,405626;0,500182;;;;;
64;6;HR;Client-Server;0,4;0,591425;45,844761;455,109135;2280,018142;0,620903;;;;;
64;6;HR;Client-Server;0,5;0,557459;180,532654;342,885502;2637,788002;0,678125;;;;;
64;6;HR;Client-Server;0,6;0,517327;358,594482;230,493497;2629,292325;0,721146;;;;;
64;6;HR;Client-Server;0,7;0,458381;558,683594;126,359342;3158,973789;0,728741;;;;;
64;6;HR;Client-Server;0,8;0,401393;662,153564;109,862502;3844,868921;0,728264;;;;;
64;6;HR;Client-Server;0,9;0,365252;781,969604;86,830904;4843,121879;0,725547;;;;;
64;6;HR;Client-Server;1;0,338053;868,8797;86,709082;5131,942593;0,738628;;;;;
64;8;HR;Client-Server;0,1;0,567314;1,354892;662,928251;2119,201174;0,265434;;;;;
64;8;HR;Client-Server;0,2;0,601986;7,1774;656,473887;2342,016821;0,407031;;;;;
64;8;HR;Client-Server;0,3;0,649676;21,905952;619,675549;2655,360904;0,548307;;;;;
64;8;HR;Client-Server;0,4;0,627225;53,570431;601,248564;2517,612877;0,638264;;;;;
64;8;HR;Client-Server;0,5;0,609125;193,282196;507,519015;2658,641154;0,71276;;;;;
64;8;HR;Client-Server;0,6;0,564138;472,804352;322,66365;3926,536213;0,757448;;;;;
64;8;HR;Client-Server;0,7;0,49258;717,856323;189,742882;4291,11536;0,75645;;;;;
64;8;HR;Client-Server;0,8;0,440587;889,111389;139,782762;4418,932026;0,76625;;;;;
64;8;HR;Client-Server;0,9;0,409357;966,465942;144,69665;4776,873467;0,785234;;;;;
64;8;HR;Client-Server;1;0,375879;1121,980713;108,468607;4901,47212;0,784288;;;;;
64;10;HR;Client-Server;0,1;0,63489;1,522023;805,937932;2383,059193;0,308611;;;;;
64;10;HR;Client-Server;0,2;0,625327;7,723398;799,71602;2440,137766;0,40151;;;;;
64;10;HR;Client-Server;0,3;0,654058;22,386116;792,572565;3084,570291;0,559245;;;;;
64;10;HR;Client-Server;0,4;0,66297;63,343914;750,52034;3079,737616;0,664514;;;;;
64;10;HR;Client-Server;0,5;0,645673;200,854584;644,088642;3821,53383;0,742057;;;;;
64;10;HR;Client-Server;0,6;0,591505;456,956177;447,4156;3767,82198;0,776667;;;;;
64;10;HR;Client-Server;0,7;0,521848;689,914368;272,809553;4885,31403;0,774557;;;;;
64;10;HR;Client-Server;0,8;0,490651;834,243164;202,79287;4445,629398;0,820486;;;;;
64;10;HR;Client-Server;0,9;0,452518;974,687012;166,741261;5406,725208;0,846172;;;;;
64;10;HR;Client-Server;1;0,41892;1099,184082;141,082172;5578,782966;0,849566;;;;;
64;4;BR;Client-Server;0,1;0,905039;2,064371;312,112215;421,877284;0,2023;;;;;
64;4;BR;Client-Server;0,2;0,900025;10,150197;286,822622;470,197916;0,384201;;;;;
64;4;BR;Client-Server;0,3;0,883719;27,690582;257,634588;525,910576;0,549167;;;;;
64;4;BR;Client-Server;0,4;0,853155;63,448967;217,084157;608,76642;0,693715;;;;;
64;4;BR;Client-Server;0,5;0,81232;118,239517;167,018717;742,125137;0,816536;;;;;
64;4;BR;Client-Server;0,6;0,749235;183,529724;124,98469;826,143227;0,895417;;;;;
64;4;BR;Client-Server;0,7;0,675295;253,750458;94,723194;961,642973;0,936189;;;;;
64;4;BR;Client-Server;0,8;0,605546;326,512787;70,481463;1201,631933;0,956806;;;;;
64;4;BR;Client-Server;0,9;0,543298;397,394623;53,208525;1230,205126;0,967266;;;;;
64;4;BR;Client-Server;1;0,491761;463,621521;43,59645;1493,745104;0,971528;;;;;
64;6;BR;Client-Server;0,1;0,9375;2,221174;505,996723;614,630123;0,209783;;;;;
64;6;BR;Client-Server;0,2;0,935522;11,598482;474,580111;705,468587;0,400017;;;;;
64;6;BR;Client-Server;0,3;0,922333;33,815647;443,284879;698,256515;0,573151;;;;;
64;6;BR;Client-Server;0,4;0,915624;87,285263;378,630739;836,310509;0,739653;;;;;
64;6;BR;Client-Server;0,5;0,870269;201,725983;274,904992;1072,239243;0,875431;;;;;
64;6;BR;Client-Server;0,6;0,796469;349,786835;177,205979;1196,322911;0,944792;;;;;
64;6;BR;Client-Server;0,7;0,703475;491,681183;117,337618;1469,079664;0,96645;;;;;
64;6;BR;Client-Server;0,8;0,622974;616,168579;85,139828;1717,654857;0,974028;;;;;
64;6;BR;Client-Server;0,9;0,554223;733,769775;64,354544;1995,584056;0,975781;;;;;
64;6;BR;Client-Server;1;0,500716;840,099243;54,225401;2231,332104;0,976563;;;;;
64;8;BR;Client-Server;0,1;0,948599;2,236039;702,994414;770,69059;0,212621;;;;;
64;8;BR;Client-Server;0,2;0,947834;11,946494;671,295779;912,798464;0,405694;;;;;
64;8;BR;Client-Server;0,3;0,937209;36,190128;632,904352;976,231023;0,583672;;;;;
64;8;BR;Client-Server;0,4;0,9347;104,912659;550,705519;1072,740772;0,753958;;;;;
64;8;BR;Client-Server;0,5;0,908685;278,916565;390,322682;1316,231632;0,898741;;;;;
64;8;BR;Client-Server;0,6;0,96125;536,66925;215,844594;1768,407896;0,817017;;;;;
64;8;BR;Client-Server;0,7;0,973316;739,287598;137,888258;1945,345426;0,714026;;;;;
64;8;BR;Client-Server;0,8;0,977292;911,85968;97,604255;2341,989053;0,631147;;;;;
64;8;BR;Client-Server;0,9;0,97836;1062,74292;80,864712;2665,358418;0,561694;;;;;
64;8;BR;Client-Server;1;0,978299;1206,503906;70,630917;2976,70983;0,507582;;;;;
64;10;BR;Client-Server;0,1;0,95829;2,279548;892,852416;1073,734018;0,21375;;;;;
64;10;BR;Client-Server;0,2;0,944783;11,98399;874,462284;1076,528275;0,404392;;;;;
64;10;BR;Client-Server;0,3;0,947848;37,191639;823,85165;1124,130178;0,588906;;;;;
64;10;BR;Client-Server;0,4;0,942199;107,564377;736,207309;1243,009661;0,761146;;;;;
64;10;BR;Client-Server;0,5;0,928141;337,949127;482,476965;1663,612858;0,915278;;;;;
64;10;BR;Client-Server;0,6;0,828573;626,390198;250,496786;2074,953492;0,967448;;;;;
64;10;BR;Client-Server;0,7;0,720587;833,389587;160,824461;2591,180139;0,975929;;;;;
64;10;BR;Client-Server;0,8;0,636664;992,94165;125,042268;2931,702541;0,978125;;;;;
64;10;BR;Client-Server;0,9;0,567883;1148,794189;102,43451;3325,676426;0,979688;;;;;
64;10;BR;Client-Server;1;0,513848;1307,005127;88,266633;3710,484756;0,979774;;;;;
64;4;PS;Client-Server;0,1;0,828573;1,934532;281,991851;0,52921;607,869882;;;;;
64;4;PS;Client-Server;0,2;0,824084;9,5502;262,127869;0,633802;902,966929;;;;;
64;4;PS;Client-Server;0,3;0,795685;26,33913;239,734762;0,718047;1042,409722;;;;;
64;4;PS;Client-Server;0,4;0,739597;56,360073;230,163026;0,778299;1219,612435;;;;;
64;4;PS;Client-Server;0,5;0,695053;126,209816;176,588953;0,822266;1202,936709;;;;;
64;4;PS;Client-Server;0,6;0,62477;203,292633;142,07526;0,846927;1688,953232;;;;;
64;4;PS;Client-Server;0,7;0,541929;287,763733;121,877978;0,84079;1904,053095;;;;;
64;4;PS;Client-Server;0,8;0,487871;351,338531;107,055717;0,857222;2191,738331;;;;;
64;4;PS;Client-Server;0,9;0,43976;420,470581;95,21403;0,86;2752,001151;;;;;
64;4;PS;Client-Server;1;0,400416;500,004944;77,396653;0,865191;2895,323131;;;;;
64;6;PS;Client-Server;0,1;0,927886;2,25691;467,220073;991,654608;0,469149;;;;;
64;6;PS;Client-Server;0,2;0,914674;11,221832;444,583904;1179,806258;0,594844;;;;;
64;6;PS;Client-Server;0,3;0,897633;34,58432;421,810454;1270,946206;0,713385;;;;;
64;6;PS;Client-Server;0,4;0,867957;83,233231;374,280065;1463,837946;0,8075;;;;;
64;6;PS;Client-Server;0,5;0,80322;190,616913;303,249182;1548,167651;0,869141;;;;;
64;6;PS;Client-Server;0,6;0,715007;335,887207;225,88267;2433,831986;0,901146;;;;;
64;6;PS;Client-Server;0,7;0,637811;448,49762;194,370202;2761,361123;0,92033;;;;;
64;6;PS;Client-Server;0,8;0,561209;594,423401;141,776326;2950,973036;0,921806;;;;;
64;6;PS;Client-Server;0,9;0,503471;688,62207;134,938714;3475,612812;0,923828;;;;;
64;6;PS;Client-Server;1;0,460363;792,786804;115,919129;3914,442104;0,933333;;;;;
64;8;PS;Client-Server;0,1;0,94723;2,302593;664,751138;1172,376429;0,407578;;;;;
64;8;PS;Client-Server;0,2;0,936275;11,752433;648,914045;1191,328365;0,558073;;;;;
64;8;PS;Client-Server;0,3;0,938896;37,560291;603,003875;1408,075927;0,701823;;;;;
64;8;PS;Client-Server;0,4;0,916288;98,944687;545,087566;1544,60147;0,82066;;;;;
64;8;PS;Client-Server;0,5;0,863297;255,613998;425,801938;2257,446611;0,901259;;;;;
64;8;PS;Client-Server;0,6;0,771295;458,623169;315,421884;2694,984699;0,938385;;;;;
64;8;PS;Client-Server;0,7;0,680886;664,535339;225,084681;3618,974981;0,952474;;;;;
64;8;PS;Client-Server;0,8;0,606569;826,57782;185,147187;3980,472255;0,95875;;;;;
64;8;PS;Client-Server;0,9;0,538424;999,04895;143,408169;4515,318353;0,956406;;;;;
64;8;PS;Client-Server;1;0,492775;1135,979736;125,056075;4284,404858;0,964583;;;;;
64;10;PS;Client-Server;0,1;0,956543;2,329191;854,506365;1317,539043;0,385946;;;;;
64;10;PS;Client-Server;0,2;0,964797;12,197474;828,237477;1602,749624;0,549549;;;;;
64;10;PS;Client-Server;0,3;0,958799;38,007793;786,852128;1632,929179;0,700755;;;;;
64;10;PS;Client-Server;0,4;0,833681;104,889626;712,104035;2470,414099;0,945997;;;;;
64;10;PS;Client-Server;0,5;0,90626;279,355682;556,958907;2488,393811;0,924262;;;;;
64;10;PS;Client-Server;0,6;0,799148;535,853882;361,84257;3466,244423;0,954688;;;;;
64;10;PS;Client-Server;0,7;0,705812;745,923279;254,808006;3810,631711;0,967908;;;;;
64;10;PS;Client-Server;0,8;0,628214;898,211548;220,939988;4583,919059;0,975486;;;;;
64;10;PS;Client-Server;0,9;0,561943;1053,160522;191,264946;4622,484513;0,978594;;;;;
64;10;PS;Client-Server;1;0,509802;1211,382568;147,265376;5919,152636;0,980382;;;;;
64;4;UN;Asynchronous;0,1;0,816425;1,899652;304,142096;138,918151;0,438524;;;;;
64;4;UN;Asynchronous;0,2;0,802371;9,239443;287,760631;221,239958;0,56026;;;;;
64;4;UN;Asynchronous;0,3;0,77942;26,343061;261,583243;343,33257;0,670156;;;;;
64;4;UN;Asynchronous;0,4;0,731806;61,675339;241,112137;365,704783;0,732153;;;;;
64;4;UN;Asynchronous;0,5;0,681066;122,838882;194,910803;564,244978;0,794358;;;;;
64;4;UN;Asynchronous;0,6;0,624804;207,630569;145,400461;746,187279;0,837708;;;;;
64;4;UN;Asynchronous;0,7;0,560888;285,684875;120,476798;834,650499;0,854826;;;;;
64;4;UN;Asynchronous;0,8;0,484743;380,017151;87,956296;1027,134803;0,837014;;;;;
64;4;UN;Asynchronous;0,9;0,448374;447,772125;77,160614;1160,935215;0,864141;;;;;
64;4;UN;Asynchronous;1;0,404992;524,617188;67,063865;1183,696475;0,858073;;;;;
64;6;UN;Asynchronous;0,1;0,849913;2,062736;498,420073;136,31725;0,392665;;;;;
64;6;UN;Asynchronous;0,2;0,874955;10,711858;471,114584;207,247489;0,570139;;;;;
64;6;UN;Asynchronous;0,3;0,850958;32,423492;452,291306;337,491171;0,663828;;;;;
64;6;UN;Asynchronous;0,4;0,791423;83,810753;393,581999;571,173224;0,843573;;;;;
64;6;UN;Asynchronous;0,5;0,786026;190,786957;311,382721;778,427756;0,863238;;;;;
64;6;UN;Asynchronous;0,6;0,710901;199,974614;365,533325;1001,625231;0,894688;;;;;
64;6;UN;Asynchronous;0,7;0,611163;503,520325;159,535965;1288,482455;0,888915;;;;;
64;6;UN;Asynchronous;0,8;0,539734;638,689331;123,091451;1391,636666;0,890695;;;;;
64;6;UN;Asynchronous;0,9;0,491085;744,496521;98,180394;1614,588983;0,905625;;;;;
64;6;UN;Asynchronous;1;0,443039;857,977722;86,052872;1778,766636;0,90599;;;;;
64;8;UN;Asynchronous;0,1;0,896803;2,195465;691,580927;150,551879;0,408776;;;;;
64;8;UN;Asynchronous;0,2;0,89971;11,211035;658,241134;298,356074;0,552934;;;;;
64;8;UN;Asynchronous;0,3;0,888416;35,185795;636,182197;417,879955;0,676302;;;;;
64;8;UN;Asynchronous;0,4;0,887363;103,991623;556,300537;662,942924;0,799896;;;;;
64;8;UN;Asynchronous;0,5;0,83289;269,960358;429,255853;928,672341;0,882118;;;;;
64;8;UN;Asynchronous;0,6;0,744839;511,700409;278,413418;1280,691436;0,914948;;;;;
64;8;UN;Asynchronous;0,7;0,663184;710,060181;192,790455;1418,79659;0,934853;;;;;
64;8;UN;Asynchronous;0,8;0,584847;884,266846;149,129576;1819,996806;0,933472;;;;;
64;8;UN;Asynchronous;0,9;0,519696;1044,152344;123,914238;2326,923643;0,933203;;;;;
64;8;UN;Asynchronous;1;0,47054;1199,370728;102,923829;2386,83458;0,936372;;;;;
64;10;UN;Asynchronous;0,1;0,914353;2,140482;872,458834;154,900342;0,402378;;;;;
64;10;UN;Asynchronous;0,2;0,910044;11,266356;852,306247;263,461036;0,54651;;;;;
64;10;UN;Asynchronous;0,3;0,915063;36,400436;814,131542;461,111618;0,678776;;;;;
64;10;UN;Asynchronous;0,4;0,805937;101,311462;742,584297;855,129063;0,905039;;;;;
64;10;UN;Asynchronous;0,5;0,8794;295,776855;544,772977;1121,475113;0,909071;;;;;
64;10;UN;Asynchronous;0,6;0,776228;548,018188;356,9093;1589,911663;0,938854;;;;;
64;10;UN;Asynchronous;0,7;0,682158;767,490173;227,405102;1754,958119;0,947917;;;;;
64;10;UN;Asynchronous;0,8;0,604104;939,929688;177,316797;2352,552511;0,950903;;;;;
64;10;UN;Asynchronous;0,9;0,539017;1105,541992;145,25426;2547,77951;0,950547;;;;;
64;10;UN;Asynchronous;1;0,489624;1251,231445;126,660093;3207,772882;0,952865;;;;;
64;4;HR;Asynchronous;0,1;0,418621;0,950721;330,567126;162,560751;0,325694;;;;;
64;4;HR;Asynchronous;0,2;0,414236;4,682868;317,843877;253,825208;0,371337;;;;;
64;4;HR;Asynchronous;0,3;0,393893;12,673223;321,257419;489,94064;0,428255;;;;;
64;4;HR;Asynchronous;0,4;0,380225;33,187843;290,625295;742,056173;0,495729;;;;;
64;4;HR;Asynchronous;0,5;0,341765;122,90625;231,736427;1040,479968;0,489323;;;;;
64;4;HR;Asynchronous;0,6;0,318841;262,651215;138,85743;1264,44738;0,560521;;;;;
64;4;HR;Asynchronous;0,7;0,268535;373,700378;96,498589;1752,237646;0,506832;;;;;
64;4;HR;Asynchronous;0,8;0,242966;439,287231;90,756925;1975,005819;0,524236;;;;;
64;4;HR;Asynchronous;0,9;0,221539;506,213196;75,023394;2368,824948;0,522734;;;;;
64;4;HR;Asynchronous;1;0,202377;602,795288;60,490983;2066,717469;0,509462;;;;;
64;6;HR;Asynchronous;0,1;0,452819;1,078156;521,344889;224,450947;0,335625;;;;;
64;6;HR;Asynchronous;0,2;0,416491;4,814028;512,702741;383,315579;0,400469;;;;;
64;6;HR;Asynchronous;0,3;0,40539;14,149101;494,651719;638,387938;0,426172;;;;;
64;6;HR;Asynchronous;0,4;0,398521;36,513699;469,551196;897,947716;0,516215;;;;;
64;6;HR;Asynchronous;0,5;0,397512;156,048096;383,694759;1466,091771;0,589583;;;;;
64;6;HR;Asynchronous;0,6;0,347587;380,817383;237,431619;1973,63609;0,584635;;;;;
64;6;HR;Asynchronous;0,7;0,324751;504,747375;191,278809;2272,76014;0,603385;;;;;
64;6;HR;Asynchronous;0,8;0,268258;660,401001;146,495822;2652,015506;0,559028;;;;;
64;6;HR;Asynchronous;0,9;0,254752;812,112305;104,067686;3195,861695;0,571719;;;;;
64;6;HR;Asynchronous;1;0,230011;915,025818;93,711371;2541,630367;0,545833;;;;;
64;8;HR;Asynchronous;0,1;0,526524;1,231869;650,631676;163,801348;0,393082;;;;;
64;8;HR;Asynchronous;0,2;0,473054;5,644928;678,861945;347,974872;0,416753;;;;;
64;8;HR;Asynchronous;0,3;0,447295;14,823047;677,316062;571,060156;0,517943;;;;;
64;8;HR;Asynchronous;0,4;0,439256;41,55265;640,455567;921,813348;0,526667;;;;;
64;8;HR;Asynchronous;0,5;0,445936;162,783722;551,62617;1409,149715;0,617231;;;;;
64;8;HR;Asynchronous;0,6;0,371522;497,685699;345,966081;2162,578816;0,578646;;;;;
64;8;HR;Asynchronous;0,7;0,332085;675,931763;284,934711;2620,790918;0,567231;;;;;
64;8;HR;Asynchronous;0,8;0,290999;863,256653;234,321275;2574,649117;0,564792;;;;;
64;8;HR;Asynchronous;0,9;0,282314;996,663574;198,169508;3392,124868;0,604687;;;;;
64;8;HR;Asynchronous;1;0,255619;1158,224731;157,509882;3030,629787;0,611024;;;;;
64;10;HR;Asynchronous;0,1;0,503035;1,196131;821,037681;158,319629;0,382066;;;;;
64;10;HR;Asynchronous;0,2;0,482426;5,792946;832,629849;314,127942;0,435399;;;;;
64;10;HR;Asynchronous;0,3;0,479445;17,800585;836,760791;509,908916;0,49987;;;;;
64;10;HR;Asynchronous;0,4;0,484361;47,390614;825,793428;785,114697;0,577292;;;;;
64;10;HR;Asynchronous;0,5;0,426271;162,10405;762,418444;1418,223088;0,557726;;;;;
64;10;HR;Asynchronous;0,6;0,406267;424,684723;537,662801;1783,194698;0,631094;;;;;
64;10;HR;Asynchronous;0,7;0,365252;615,394104;424,832467;2152,341855;0,631884;;;;;
64;10;HR;Asynchronous;0,8;0,338151;832,63324;284,647089;2949,189101;0,683056;;;;;
64;10;HR;Asynchronous;0,9;0,305455;988,797302;243,685678;3349,417336;0,640625;;;;;
64;10;HR;Asynchronous;1;0,286714;1154,155518;194,823388;3407,799491;0,636458;;;;;
64;4;BR;Asynchronous;0,1;0,590286;1,474199;313,118038;26,502746;0,137726;;;;;
64;4;BR;Asynchronous;0,2;0,570239;6,385164;301,836467;54,064068;0,252205;;;;;
64;4;BR;Asynchronous;0,3;0,54004;16,750683;297,233229;89,413975;0,347969;;;;;
64;4;BR;Asynchronous;0,4;0,530152;37,607037;286,104428;161,584607;0,439653;;;;;
64;4;BR;Asynchronous;0,5;0,517356;98,631683;234,559543;346,177863;0,522092;;;;;
64;4;BR;Asynchronous;0,6;0,464993;241,5065;138,143841;587,624428;0,555313;;;;;
64;4;BR;Asynchronous;0,7;0,412242;355,984772;81,354739;688,446953;0,570269;;;;;
64;4;BR;Asynchronous;0,8;0,365082;439,582275;54,572955;956,721115;0,57632;;;;;
64;4;BR;Asynchronous;0,9;0,330783;516,230347;41,036081;789,555446;0,5825;;;;;
64;4;BR;Asynchronous;1;0,300045;583,544617;33,03613;1230,215474;0,587587;;;;;
64;6;BR;Asynchronous;0,1;0,648118;1,745482;501,62453;21,445301;0,151797;;;;;
64;6;BR;Asynchronous;0,2;0,623425;7,612763;486,995914;63,349039;0,274809;;;;;
64;6;BR;Asynchronous;0,3;0,590987;20,255486;464,868028;125,447427;0,375703;;;;;
64;6;BR;Asynchronous;0,4;0,537327;45,311146;449,813066;307,187608;0,445208;;;;;
64;6;BR;Asynchronous;0,5;0,560995;170,806641;363,487787;572,849075;0,563368;;;;;
64;6;BR;Asynchronous;0,6;0,485852;377,750397;224,77904;832,185981;0,572552;;;;;
64;6;BR;Asynchronous;0,7;0,427971;537,255859;152,560222;861,210192;0,584792;;;;;
64;6;BR;Asynchronous;0,8;0,381173;680,231445;109,199942;1276,382477;0,591875;;;;;
64;6;BR;Asynchronous;0,9;0,346758;823,323486;64,842144;1607,041811;0,602969;;;;;
64;6;BR;Asynchronous;1;0,318419;897,971619;75,311153;1756,065814;0,611111;;;;;
64;8;BR;Asynchronous;0,1;0,706503;1,912839;706,197879;23,996447;0,164679;;;;;
64;8;BR;Asynchronous;0,2;0,652849;8,527907;665,484182;57,535982;0,287014;;;;;
64;8;BR;Asynchronous;0,3;0,604986;22,941246;643,360101;136,146416;0,385208;;;;;
64;8;BR;Asynchronous;0,4;0,578066;54,552902;625,761629;363,675685;0,47691;;;;;
64;8;BR;Asynchronous;0,5;0,567715;215,921051;511,649039;639,629146;0,566536;;;;;
64;8;BR;Asynchronous;0,6;0,501516;485,607819;347,748721;911,954125;0,585833;;;;;
64;8;BR;Asynchronous;0,7;0,446351;748,391968;217,859424;1519,366224;0,604358;;;;;
64;8;BR;Asynchronous;0,8;0,398993;945,257813;138,28172;1694,42824;0,612639;;;;;
64;8;BR;Asynchronous;0,9;0,356831;1100,739502;120,530379;2037,679313;0,612188;;;;;
64;8;BR;Asynchronous;1;0,329844;1262,165771;78,67394;1525,505283;0,622222;;;;;
64;10;BR;Asynchronous;0,1;0,727582;1,930754;873,604169;28,755788;0,170156;;;;;
64;10;BR;Asynchronous;0,2;0,6822;8,784504;844,140732;58,842202;0,299306;;;;;
64;10;BR;Asynchronous;0,3;0,625697;23,825163;816,210705;134,41607;0,39862;;;;;
64;10;BR;Asynchronous;0,4;0,61155;59,21846;779,310592;405,903473;0,502083;;;;;
64;10;BR;Asynchronous;0,5;0,574306;173,637634;689,117984;943,784262;0,571736;;;;;
64;10;BR;Asynchronous;0,6;0,51484;523,096191;455,44;1459,009166;0,595417;;;;;
64;10;BR;Asynchronous;0,7;0,452304;786,126831;305,172719;1425,640396;0,606241;;;;;
64;10;BR;Asynchronous;0,8;0,410658;996,017639;184,80678;2160,995515;0,621597;;;;;
64;10;BR;Asynchronous;0,9;0,372704;1144,733521;178,556087;1831,873466;0,629453;;;;;
64;10;BR;Asynchronous;1;0,346742;1297,879517;123,035292;2296,19935;0,647483;;;;;
64;4;PS;Asynchronous;0,1;0,787703;1,803502;297,272181;145,151796;0,444939;;;;;
64;4;PS;Asynchronous;0,2;0,77177;8,760285;279,965347;206,818555;0,542031;;;;;
64;4;PS;Asynchronous;0,3;0,75457;24,96559;260,250104;324,83453;0,667812;;;;;
64;4;PS;Asynchronous;0,4;0,720497;54,264687;231,015389;384,912161;0,732431;;;;;
64;4;PS;Asynchronous;0,5;0,673265;98,535614;200,816199;538,891334;0,803776;;;;;
64;4;PS;Asynchronous;0,6;0,600602;164,131485;175,197572;677,867406;0,827969;;;;;
64;4;PS;Asynchronous;0,7;0,521786;258,612244;134,413359;834,448158;0,824323;;;;;
64;4;PS;Asynchronous;0,8;0,476747;320,643372;111,161267;972,773241;0,854861;;;;;
64;4;PS;Asynchronous;0,9;0,431657;398,550964;84,187286;915,343493;0,859922;;;;;
64;4;PS;Asynchronous;1;0,397266;452,322357;76,947265;1050,177944;0,872309;;;;;
64;6;PS;Asynchronous;0,1;0,877179;2,101553;475,167884;162,362566;0,421649;;;;;
64;6;PS;Asynchronous;0,2;0,851833;10,140016;463,786026;237,913709;0,533646;;;;;
64;6;PS;Asynchronous;0,3;0,877377;32,558105;416,138883;420,847188;0,686354;;;;;
64;6;PS;Asynchronous;0,4;0,835567;76,65834;380,515425;489,414091;0,780104;;;;;
64;6;PS;Asynchronous;0,5;0,781463;310,095978;314,613922;707,337345;0,853733;;;;;
64;6;PS;Asynchronous;0,6;0,715298;371,66571;229,012375;877,694794;0,902344;;;;;
64;6;PS;Asynchronous;0,7;0,63048;412,371552;200,58859;939,017256;0,912431;;;;;
64;6;PS;Asynchronous;0,8;0,566405;541,182068;150,632315;1273,250027;0,926181;;;;;
64;6;PS;Asynchronous;0,9;0,50749;656,648621;124,408329;1571,410199;0,929844;;;;;
64;6;PS;Asynchronous;1;0,462423;750,842773;106,669307;1494,136836;0,935243;;;;;
64;8;PS;Asynchronous;0,1;0,915108;2,167838;659,665687;188,94189;0,392778;;;;;
64;8;PS;Asynchronous;0,2;0,918623;11,410483;633,454923;265,838034;0,55316;;;;;
64;8;PS;Asynchronous;0,3;0,898435;34,909355;615,454019;460,266911;0,678542;;;;;
64;8;PS;Asynchronous;0,4;0,90209;95,616432;541,620146;542,198431;0,816181;;;;;
64;8;PS;Asynchronous;0,5;0,859304;229,198608;434,18093;854,724177;0,899957;;;;;
64;8;PS;Asynchronous;0,6;0,767585;450,834259;294,302512;1288,185116;0,935104;;;;;
64;8;PS;Asynchronous;0,7;0,671155;603,029236;256,529357;1234,085264;0,939957;;;;;
64;8;PS;Asynchronous;0,8;0,601854;793,640015;177,777102;1769,297096;0,953681;;;;;
64;8;PS;Asynchronous;0,9;0,539759;951,538147;139,549869;2006,590809;0,957344;;;;;
64;8;PS;Asynchronous;1;0,486748;1087,726685;126,184347;1974,496396;0,95651;;;;;
64;10;PS;Asynchronous;0,1;0,930484;2,192356;847,957303;164,755251;0,394523;;;;;
64;10;PS;Asynchronous;0,2;0,942199;12,014284;826,762393;277,98685;0,550712;;;;;
64;10;PS;Asynchronous;0,3;0,941612;36,644043;786,883481;532,570733;0,695234;;;;;
64;10;PS;Asynchronous;0,4;0,927346;105,939613;709,664401;662,714307;0,822292;;;;;
64;10;PS;Asynchronous;0,5;0,888311;274,691742;550,531361;937,078417;0,915582;;;;;
64;10;PS;Asynchronous;0,6;0,797411;512,345947;374,545667;1368,201165;0,955;;;;;
64;10;PS;Asynchronous;0,7;0,706503;725,963135;243,629049;1779,316082;0,969549;;;;;
64;10;PS;Asynchronous;0,8;0,627709;885,104004;210,026391;2193,119031;0,973681;;;;;
64;10;PS;Asynchronous;0,9;0,560011;1040,495117;172,818675;2686,459284;0,974687;;;;;
64;10;PS;Asynchronous;1;0,50823;1180,058472;160,397978;2766,021133;0,978386;;;;;
16;4;UN;Client-Server;0,1;0,837166;2,004246;264,944191;547,570481;0,607049;;;;;
16;4;UN;Client-Server;0,2;0,799354;9,472887;260,322674;571,093509;0,684306;;;;;
16;4;UN;Client-Server;0,3;0,852871;29,294453;209,804258;693,270291;0,779792;;;;;
16;4;UN;Client-Server;0,4;0,763965;66,187737;196,745354;832,28476;0,795;;;;;
16;4;UN;Client-Server;0,5;0,729444;133,006058;157,230179;1194,286232;0,827951;;;;;
16;4;UN;Client-Server;0,6;0,625584;202,418213;128,417501;1261,044228;0,857292;;;;;
16;4;UN;Client-Server;0,7;0,560313;281,745117;98,304158;1657,765373;0,878403;;;;;
16;4;UN;Client-Server;0,8;0,531492;349,288635;85,586606;1827,375029;0,899167;;;;;
16;4;UN;Client-Server;0,9;0,476232;411,124512;75,172233;1999,516709;0,909375;;;;;
16;4;UN;Client-Server;1;0,423975;498,134125;64,562717;1698,50628;0,876389;;;;;
16;6;UN;Client-Server;0,1;0,914756;2,220169;465,308045;652,441763;0,515521;;;;;
16;6;UN;Client-Server;0,2;0,91516;11,093018;432,340411;1003,826707;0,664167;;;;;
16;6;UN;Client-Server;0,3;0,904898;35,288231;396,832563;811,330775;0,762292;;;;;
16;6;UN;Client-Server;0,4;0,861362;86,183983;363,243995;1177,194924;0,829028;;;;;
16;6;UN;Client-Server;0,5;0,792027;218,846512;271,082784;1003,120135;0,867535;;;;;
16;6;UN;Client-Server;0,6;0,705315;362,37619;192,780636;1718,83999;0,892083;;;;;
16;6;UN;Client-Server;0,7;0,637113;494,74469;144,197162;2071,088303;0,918021;;;;;
16;6;UN;Client-Server;0,8;0,565409;620,136169;109,11666;2622,311601;0,920833;;;;;
16;6;UN;Client-Server;0,9;0,505995;746,678711;97,670696;2646,366771;0,90375;;;;;
16;6;UN;Client-Server;1;0,455567;849,864807;86,230127;3239,210381;0,901736;;;;;
16;8;UN;Client-Server;0,1;0,90698;2,27336;665,293585;936,18684;0,484097;;;;;
16;8;UN;Client-Server;0,2;0,919247;11,414202;634,179949;1092,624144;0,631389;;;;;
16;8;UN;Client-Server;0,3;0,923054;35,754356;600,485778;1317,559372;0,741562;;;;;
16;8;UN;Client-Server;0,4;0,907902;105,284363;516,166909;858,284943;0,834861;;;;;
16;8;UN;Client-Server;0,5;0,845062;274,173981;402,508533;1832,015352;0,90191;;;;;
16;8;UN;Client-Server;0,6;0,733655;525,180847;260,326255;2248,767269;0,907083;;;;;
16;8;UN;Client-Server;0,7;0,661952;689,955933;206,797478;2360,612364;0,927986;;;;;
16;8;UN;Client-Server;0,8;0,586487;887,138184;144,352713;3390,422991;0,932778;;;;;
16;8;UN;Client-Server;0,9;0,541788;1026,908203;135,949253;4020,823301;0,945937;;;;;
16;8;UN;Client-Server;1;0,490409;1176,928711;114,291223;4475,082423;0,945486;;;;;
16;10;UN;Client-Server;0,1;0,955848;2,391438;827,54203;870,068191;0,479271;;;;;
16;10;UN;Client-Server;0,2;0,935056;11,377554;810,791833;1582,542014;0,601667;;;;;
16;10;UN;Client-Server;0,3;0,932695;37,361408;784,912542;1680,9416;0,724479;;;;;
16;10;UN;Client-Server;0,4;0,915236;118,756714;700,461831;1727,842054;0,828333;;;;;
16;10;UN;Client-Server;0,5;0,882814;313,291901;507,58366;1396,347726;0,923437;;;;;
16;10;UN;Client-Server;0,6;0,771937;565,769348;336,628744;2956,160892;0,937083;;;;;
16;10;UN;Client-Server;0,7;0,687306;745,52948;264,673434;3774,548086;0,955694;;;;;
16;10;UN;Client-Server;0,8;0,617007;946,430603;178,332365;3667,614018;0,959167;;;;;
16;10;UN;Client-Server;0,9;0,551504;1103,527954;157,680668;4910,532583;0,955625;;;;;
16;10;UN;Client-Server;1;0,503592;1264,407837;128,494491;4559,7941;0,954514;;;;;
16;4;HR;Client-Server;0,1;0,622777;1,424685;311,912393;625,949413;0,458889;;;;;
16;4;HR;Client-Server;0,2;0,714232;7,784738;266,751283;695,613489;0,653055;;;;;
16;4;HR;Client-Server;0,3;0,563058;17,237011;295,00162;868,535961;0,602188;;;;;
16;4;HR;Client-Server;0,4;0,61408;47,139942;248,004784;953,962094;0,7125;;;;;
16;4;HR;Client-Server;0,5;0,58883;129,407547;181,319843;928,606772;0,728646;;;;;
16;4;HR;Client-Server;0,6;0,531492;1627,330246;124,036349;224,875168;0,797917;;;;;
16;4;HR;Client-Server;0,7;0,475336;323,723724;85,539297;1737,167893;0,795035;;;;;
16;4;HR;Client-Server;0,8;0,413104;392,275299;75,917551;2154,044741;0,798333;;;;;
16;4;HR;Client-Server;0,9;0,361952;473,47699;70,346343;2543,927978;0,770938;;;;;
16;4;HR;Client-Server;1;0,335961;549,021851;59,854221;2655,729283;0,735069;;;;;
16;6;HR;Client-Server;0,1;0,793967;1,854915;474,078984;952,678288;0,503472;;;;;
16;6;HR;Client-Server;0,2;0,779392;9,595086;459,408864;1027,855103;0,575347;;;;;
16;6;HR;Client-Server;0,3;0,771373;26,096712;431,734106;1096,862164;0,758229;;;;;
16;6;HR;Client-Server;0,4;0,737937;71,482933;382,593795;1295,636006;0,771528;;;;;
16;6;HR;Client-Server;0,5;0,649532;185,400986;321,164792;1653,366;0,800521;;;;;
16;6;HR;Client-Server;0,6;0,580466;420,417145;161,651698;1992,715915;0,786875;;;;;
16;6;HR;Client-Server;0,7;0,546245;518,351929;137,385957;2644,567425;0,867951;;;;;
16;6;HR;Client-Server;0,8;0,493581;663,640259;97,337675;2587,353042;0,835833;;;;;
16;6;HR;Client-Server;0,9;0,427316;777,911072;84,124586;3509,19345;0,806562;;;;;
16;6;HR;Client-Server;1;0,407034;874,560791;82,302762;3916,523672;0,830556;;;;;
16;8;HR;Client-Server;0,1;0,788644;1,7672;632,892659;904,356536;0,46625;;;;;
16;8;HR;Client-Server;0,2;0,8471;10,156638;636,190081;1319,209855;0,626042;;;;;
16;8;HR;Client-Server;0,3;0,796617;29,106882;628,544874;1445,395821;0,669583;;;;;
16;8;HR;Client-Server;0,4;0,787135;67,76693;592,618135;1403,904639;0,792361;;;;;
16;8;HR;Client-Server;0,5;0,752581;212,689209;472,946322;1815,336111;0,826563;;;;;
16;8;HR;Client-Server;0,6;0,686232;520,065125;254,090024;2731,8835;0,895833;;;;;
16;8;HR;Client-Server;0,7;0,556637;736,940674;194,68858;3389,835282;0,818854;;;;;
16;8;HR;Client-Server;0,8;0,533445;887,897278;144,084164;2778,215451;0,872222;;;;;
16;8;HR;Client-Server;0,9;0,470176;1066,175171;119,098713;4555,877628;0,867813;;;;;
16;8;HR;Client-Server;1;0,436457;1211,93335;107,372065;3816,021591;0,862847;;;;;
16;10;HR;Client-Server;0,1;0,849374;1,980331;820,621205;1440,760876;0,495833;;;;;
16;10;HR;Client-Server;0,2;0,853076;10,2187;801,114926;1783,877387;0,591667;;;;;
16;10;HR;Client-Server;0,3;0,85156;30,706835;761,209416;1738,892586;0,696979;;;;;
16;10;HR;Client-Server;0,4;0,805596;78,206543;747,394023;2299,360993;0,7575;;;;;
16;10;HR;Client-Server;0,5;0,79196;221,464294;630,708725;2401,750804;0,859722;;;;;
16;10;HR;Client-Server;0,6;0,638244;537,422058;395,293799;1925,507111;0,815833;;;;;
16;10;HR;Client-Server;0,7;0,622735;761,577026;225,412774;3768,54491;0,892743;;;;;
16;10;HR;Client-Server;0,8;0,553766;928,661072;188,420577;3922,378045;0,890556;;;;;
16;10;HR;Client-Server;0,9;0,489242;1075,117432;157,60558;5365,009141;0,87875;;;;;
16;10;HR;Client-Server;1;0,477834;1217,886597;136,838134;4530,380751;0,921875;;;;;
16;4;BR;Client-Server;0,1;0,88365;1,921418;305,277775;250,716906;0,238472;;;;;
16;4;BR;Client-Server;0,2;0,860418;9,29508;286,311814;488,081072;0,405417;;;;;
16;4;BR;Client-Server;0,3;0,843287;27,243357;256,627682;307,441712;0,556979;;;;;
16;4;BR;Client-Server;0,4;0,832914;61,148876;211,636713;587,814337;0,701389;;;;;
16;4;BR;Client-Server;0,5;0,7821;111,845444;174,542099;495,701487;0,801562;;;;;
16;4;BR;Client-Server;0,6;0,714232;189,958618;125,603599;545,004812;0,863125;;;;;
16;4;BR;Client-Server;0,7;0,647217;268,578033;87,902292;775,542157;0,900278;;;;;
16;4;BR;Client-Server;0,8;0,581954;339,456268;68,747484;754,715206;0,913611;;;;;
16;4;BR;Client-Server;0,9;0,527778;408,526337;54,547726;1159,859915;0,922188;;;;;
16;4;BR;Client-Server;1;0,480408;471,786499;46,118236;1484,799775;0,929167;;;;;
16;6;BR;Client-Server;0,1;0,908802;2,134946;496,436634;399,020319;0,244687;;;;;
16;6;BR;Client-Server;0,2;0,90698;10,394992;471,799576;490,268575;0,424653;;;;;
16;6;BR;Client-Server;0,3;0,896247;30,655106;436,696046;503,392515;0,587396;;;;;
16;6;BR;Client-Server;0,4;0,880803;84,361443;377,865241;583,281742;0,739306;;;;;
16;6;BR;Client-Server;0,5;0,843151;204,702072;271,474592;990,952492;0,854861;;;;;
16;6;BR;Client-Server;0,6;0,755583;369,789307;169,425549;812,773944;0,900833;;;;;
16;6;BR;Client-Server;0,7;0,671474;510,915802;111,033113;976,441463;0,922882;;;;;
16;6;BR;Client-Server;0,8;0,600924;626,10022;89,194322;1535,476028;0,931389;;;;;
16;6;BR;Client-Server;0,9;0,539897;738,934143;68,914483;2112,035842;0,935625;;;;;
16;6;BR;Client-Server;1;0,490711;839,243652;63,710844;2353,144075;0,936458;;;;;
16;8;BR;Client-Server;0,1;0,908662;2,093968;694,530209;731,390336;0,241944;;;;;
16;8;BR;Client-Server;0,2;0,916754;10,831274;663,907475;639,486244;0,430347;;;;;
16;8;BR;Client-Server;0,3;0,914468;35,075058;623,925842;754,063759;0,599896;;;;;
16;8;BR;Client-Server;0,4;0,923701;103,896408;537,369656;582,75072;0,770833;;;;;
16;8;BR;Client-Server;0,5;0,86701;300,255798;369,500912;1279,921264;0,874132;;;;;
16;8;BR;Client-Server;0,6;0,781098;555,305237;207,147214;1086,897059;0,922083;;;;;
16;8;BR;Client-Server;0,7;0,684499;748,928955;138,909547;1298,358239;0,932361;;;;;
16;8;BR;Client-Server;0,8;0,610051;902,59436;118,079647;2054,4057;0,935833;;;;;
16;8;BR;Client-Server;0,9;0,548603;1062,911255;89,018931;2671,651809;0,939687;;;;;
16;8;BR;Client-Server;1;0,498233;1201,908813;81,294476;2101,883654;0,940625;;;;;
16;10;BR;Client-Server;0,1;0,940461;2,086331;877,635199;905,729476;0,246562;;;;;
16;10;BR;Client-Server;0,2;0,902923;10,837634;863,513897;665,273676;0,422361;;;;;
16;10;BR;Client-Server;0,3;0,908622;33,603893;817,815971;767,296404;0,601042;;;;;
16;10;BR;Client-Server;0,4;0,902704;91,781967;759,858006;1343,881897;0,755694;;;;;
16;10;BR;Client-Server;0,5;0,888585;328,355347;485,458241;1210,30457;0,888194;;;;;
16;10;BR;Client-Server;0,6;0,789;601,244873;279,231626;1927,057396;0,927708;;;;;
16;10;BR;Client-Server;0,7;0,694901;830,786377;166,135699;1766,06318;0,939653;;;;;
16;10;BR;Client-Server;0,8;0,618812;975,618347;153,678378;2053,676488;0,943056;;;;;
16;10;BR;Client-Server;0,9;0,555489;1142,917725;119,934979;3501,850233;0,94375;;;;;
16;10;BR;Client-Server;1;0,505846;1286,25415;103,926322;2146,969058;0,944097;;;;;
16;4;PS;Client-Server;0,1;0,86733;2,044179;246,261255;367,493895;0,64684;;;;;
16;4;PS;Client-Server;0,2;0,840152;10,14529;235,461691;626,860874;0,702569;;;;;
16;4;PS;Client-Server;0,3;0,824914;30,322653;217,819531;713,864201;0,768854;;;;;
16;4;PS;Client-Server;0,4;0,75785;58,60265;204,534258;796,514082;0,785833;;;;;
16;4;PS;Client-Server;0,5;0,714316;123,017624;158,143149;982,481297;0,832118;;;;;
16;4;PS;Client-Server;0,6;0,632461;214,452255;116,240102;1135,886412;0,844583;;;;;
16;4;PS;Client-Server;0,7;0,551504;278,491974;113,595496;1418,882864;0,839028;;;;;
16;4;PS;Client-Server;0,8;0,49651;364,986053;81,290563;1501,070594;0,860556;;;;;
16;4;PS;Client-Server;0,9;0,452939;425,249847;83,883106;1577,887682;0,860937;;;;;
16;4;PS;Client-Server;1;0,420933;483,833649;87,548434;2065,619811;0,865972;;;;;
16;6;PS;Client-Server;0,1;0,936473;2,227537;440,568794;702,425075;0,588333;;;;;
16;6;PS;Client-Server;0,2;0,900764;10,88244;425,003658;802,773783;0,662917;;;;;
16;6;PS;Client-Server;0,3;0,90722;33,936623;396,412708;789,924743;0,76625;;;;;
16;6;PS;Client-Server;0,4;0,862785;94,348297;347,883212;1036,468694;0,83375;;;;;
16;6;PS;Client-Server;0,5;0,807842;179,849548;291,412257;1389,333044;0,895833;;;;;
16;6;PS;Client-Server;0,6;0,701786;374,583313;179,632006;1570,51253;0,895417;;;;;
16;6;PS;Client-Server;0,7;0,639351;490,504761;145,010342;2252,575091;0,929931;;;;;
16;6;PS;Client-Server;0,8;0,573968;603,130981;124,17505;2400,1869;0,931944;;;;;
16;6;PS;Client-Server;0,9;0,511543;715,827026;113,861094;2904,991727;0,918437;;;;;
16;6;PS;Client-Server;1;0,47255;830,844727;89,16558;2394,23185;0,929167;;;;;
16;8;PS;Client-Server;0,1;0,9513;2,314414;636,497807;949,857036;0,498715;;;;;
16;8;PS;Client-Server;0,2;0,936808;11,713354;620,951115;1170,297092;0,639167;;;;;
16;8;PS;Client-Server;0,3;0,931204;36,626431;587,482683;760,049126;0,720729;;;;;
16;8;PS;Client-Server;0,4;0,937835;102,300987;509,674402;1314,509873;0,859583;;;;;
16;8;PS;Client-Server;0,5;0,864236;306,522491;354,147836;1676,812651;0,919097;;;;;
16;8;PS;Client-Server;0,6;0,780074;497,36142;264,85216;2381,463659;0,944792;;;;;
16;8;PS;Client-Server;0,7;0,687981;681,090576;199,986105;2149,237046;0,965174;;;;;
16;8;PS;Client-Server;0,8;0,61379;845,246582;166,875076;2470,214123;0,9625;;;;;
16;8;PS;Client-Server;0,9;0,549407;1007,446472;131,749403;3485,25522;0,96375;;;;;
16;8;PS;Client-Server;1;0,50007;1151,877319;120,57513;4123,286673;0,961111;;;;;
16;10;PS;Client-Server;0,1;0,974802;2,351146;822,921127;968,314249;0,46934;;;;;
16;10;PS;Client-Server;0,2;0,980224;12,150679;809,186312;1142,913841;0,638125;;;;;
16;10;PS;Client-Server;0,3;0,971452;40,07254;755,084983;1483,32136;0,748021;;;;;
16;10;PS;Client-Server;0,4;0,948199;106,190559;686,45432;1635,900805;0,86;;;;;
16;10;PS;Client-Server;0,5;0,909553;295,415222;522,214254;2016,290249;0,944792;;;;;
16;10;PS;Client-Server;0,6;0,806512;553,938843;313,497466;2373,16626;0,968958;;;;;
16;10;PS;Client-Server;0,7;0,703002;755,845886;236,531664;1934,740695;0,964201;;;;;
16;10;PS;Client-Server;0,8;0,635748;928,996765;176,748269;2980,861045;0,982778;;;;;
16;10;PS;Client-Server;0,9;0,574563;1072,681763;152,513064;3372,189353;0,990312;;;;;
16;10;PS;Client-Server;1;0,510356;1226,546875;135,151713;5015,644768;0,965972;;;;;
16;4;UN;Asynchronous;0,1;0,805631;1,942182;270,747872;97,039249;0,669375;;;;;
16;4;UN;Asynchronous;0,2;0,711402;8,758454;285,337517;189,728209;0,63875;;;;;
16;4;UN;Asynchronous;0,3;0,764771;27,745926;235,742445;278,035569;0,779375;;;;;
16;4;UN;Asynchronous;0,4;0,714662;61,134068;226,975478;313,655513;0,784306;;;;;
16;4;UN;Asynchronous;0,5;0,702304;126,200226;169,986024;478,87206;0,838368;;;;;
16;4;UN;Asynchronous;0,6;0,625735;208,140411;133,539131;527,958591;0,853958;;;;;
16;4;UN;Asynchronous;0,7;0,567802;277,625092;105,518029;799,296875;0,910729;;;;;
16;4;UN;Asynchronous;0,8;0,495292;364,442078;87,992509;962,201487;0,869167;;;;;
16;4;UN;Asynchronous;0,9;0,470201;421,035217;77,335651;1060,153725;0,9;;;;;
16;4;UN;Asynchronous;1;0,416087;499,487244;81,015041;1212,852502;0,853819;;;;;
16;6;UN;Asynchronous;0,1;0,898346;2,169365;458,073357;135,013123;0,617708;;;;;
16;6;UN;Asynchronous;0,2;0,834869;10,44451;473,602198;217,297108;0,639236;;;;;
16;6;UN;Asynchronous;0,3;0,884136;34,631821;399,531575;309,237367;0,786042;;;;;
16;6;UN;Asynchronous;0,4;0,81023;445,018668;372,234784;84,688896;0,806806;;;;;
16;6;UN;Asynchronous;0,5;0,762009;215,162201;272,973696;619,696092;0,851389;;;;;
16;6;UN;Asynchronous;0,6;0,690723;373,463867;193,323326;707,930583;0,89375;;;;;
16;6;UN;Asynchronous;0,7;0,599696;509,8172;150,016862;1193,248324;0,889097;;;;;
16;6;UN;Asynchronous;0,8;0,506488;666,255615;123,97509;1271,03947;0,831111;;;;;
16;6;UN;Asynchronous;0,9;0,491041;747,157043;102,805916;1189,9045;0,890938;;;;;
16;6;UN;Asynchronous;1;0,456873;835,229004;94,498951;1811,012822;0,916667;;;;;
16;8;UN;Asynchronous;0,1;0,895793;2,181244;659,521851;125,438472;0,559549;;;;;
16;8;UN;Asynchronous;0,2;0,917185;11,909069;622,913749;218,046743;0,667986;;;;;
16;8;UN;Asynchronous;0,3;0,896828;36,004375;599,416001;258,929993;0,753542;;;;;
16;8;UN;Asynchronous;0,4;0,862535;102,455956;537,88127;513,782316;0,837778;;;;;
16;8;UN;Asynchronous;0,5;0,803943;286,08728;399,242048;738,685759;0,873785;;;;;
16;8;UN;Asynchronous;0,6;0,739532;509,905884;274,537311;1144,697168;0,916042;;;;;
16;8;UN;Asynchronous;0,7;0,638247;743,187683;167,733261;1549,619758;0,921424;;;;;
16;8;UN;Asynchronous;0,8;0,546533;874,141541;185,060726;1762,429191;0,911111;;;;;
16;8;UN;Asynchronous;0,9;0,497897;1055,804199;132,752413;2124,122474;0,906563;;;;;
16;8;UN;Asynchronous;1;0,457959;1188,806396;137,567342;1800,665678;0,905556;;;;;
16;10;UN;Asynchronous;0,1;0,933178;2,268084;851,836871;178,716605;0,547396;;;;;
16;10;UN;Asynchronous;0,2;0,901664;11,165421;837,913631;266,863225;0,626042;;;;;
16;10;UN;Asynchronous;0,3;0,878836;35,783009;819,288729;400,380958;0,71125;;;;;
16;10;UN;Asynchronous;0,4;0,886027;105,661499;726,71872;464,618315;0,830139;;;;;
16;10;UN;Asynchronous;0,5;0,846923;289,955444;556,42145;859,177814;0,899479;;;;;
16;10;UN;Asynchronous;0,6;0,755375;598,604126;299,191908;1386,292707;0,926458;;;;;
16;10;UN;Asynchronous;0,7;0,643968;769,585083;265,510606;1808,262657;0,909271;;;;;
16;10;UN;Asynchronous;0,8;0,586142;932,586914;197,369362;1289,923936;0,930278;;;;;
16;10;UN;Asynchronous;0,9;0,538516;1065,520996;172,631985;2473,733856;0,936562;;;;;
16;10;UN;Asynchronous;1;0,491613;1233,783325;147,869615;2828,767953;0,940972;;;;;
16;4;HR;Asynchronous;0,1;0,572178;1,393413;344,412678;208,202647;0,476319;;;;;
16;4;HR;Asynchronous;0,2;0,558476;6,146375;319,720534;224,008272;0,619861;;;;;
16;4;HR;Asynchronous;0,3;0,604414;19,377216;298,515323;339,373784;0,651146;;;;;
16;4;HR;Asynchronous;0,4;0,639143;42,881931;243,422381;454,336136;0,819167;;;;;
16;4;HR;Asynchronous;0,5;0,547472;110,907822;206,067076;553,155326;0,789063;;;;;
16;4;HR;Asynchronous;0,6;0,448119;158,804123;225,488963;808,222372;0,709583;;;;;
16;4;HR;Asynchronous;0,7;0,38111;314,990753;125,631665;1113,299692;0,705833;;;;;
16;4;HR;Asynchronous;0,8;0,37793;400,346375;87,270384;1345,570771;0,749167;;;;;
16;4;HR;Asynchronous;0,9;0,311804;490,02179;87,705551;1570,581512;0,677188;;;;;
16;4;HR;Asynchronous;1;0,305073;550,135315;59,292463;1773,611828;0,723958;;;;;
16;6;HR;Asynchronous;0,1;0,679129;1,496446;508,002074;157,891728;0,555486;;;;;
16;6;HR;Asynchronous;0,2;0,707956;8,302955;480,132066;516,439638;0,727222;;;;;
16;6;HR;Asynchronous;0,3;0,683511;23,719973;454,797569;488,64161;0,710833;;;;;
16;6;HR;Asynchronous;0,4;0,690876;62,65062;411,688018;531,356966;0,744583;;;;;
16;6;HR;Asynchronous;0,5;0,64273;182,825714;334,347245;871,053275;0,826389;;;;;
16;6;HR;Asynchronous;0,6;0,5458;402,114136;190,350066;1352,484214;0,779375;;;;;
16;6;HR;Asynchronous;0,7;0,432759;485,1474;204,971539;1555,443767;0,72941;;;;;
16;6;HR;Asynchronous;0,8;0,420722;667,30658;141,801921;1620,412515;0,757778;;;;;
16;6;HR;Asynchronous;0,9;0,422564;728,156982;132,294159;1464,219174;0,799062;;;;;
16;6;HR;Asynchronous;1;0,347239;821,218018;110,316602;2495,585069;0,863194;;;;;
16;8;HR;Asynchronous;0,1;0,803096;2,026069;690,208567;290,712404;0,549826;;;;;
16;8;HR;Asynchronous;0,2;0,769347;8,922665;642,837882;543,234636;0,675208;;;;;
16;8;HR;Asynchronous;0,3;0,761153;26,240793;619,51453;625,048774;0,730521;;;;;
16;8;HR;Asynchronous;0,4;0,683967;58,573162;624,406642;751,235356;0,775556;;;;;
16;8;HR;Asynchronous;0,5;0,709455;221,735184;472,98318;1025,620714;0,842535;;;;;
16;8;HR;Asynchronous;0,6;0,604509;423,436707;371,598935;1559,892031;0,868958;;;;;
16;8;HR;Asynchronous;0,7;0,505288;679,681152;217,553375;2156,154352;0,875;;;;;
16;8;HR;Asynchronous;0,8;0,463521;870,919556;193,512634;2071,026508;0,774444;;;;;
16;8;HR;Asynchronous;0,9;0,408886;972,338074;184,823285;2532,130972;0,78375;;;;;
16;8;HR;Asynchronous;1;0,364302;1125,519653;157,423829;1987,508899;0,798264;;;;;
16;10;HR;Asynchronous;0,1;0,731229;1,8182;861,776137;388,940989;0,498819;;;;;
16;10;HR;Asynchronous;0,2;0,781164;9,258657;834,790991;492,393833;0,641042;;;;;
16;10;HR;Asynchronous;0,3;0,675502;25,449713;821,138662;566,652085;0,604583;;;;;
16;10;HR;Asynchronous;0,4;0,733372;67,158897;817,520328;599,358071;0,772083;;;;;
16;10;HR;Asynchronous;0,5;0,634559;185,278748;705,750487;1211,646463;0,819271;;;;;
16;10;HR;Asynchronous;0,6;0,615881;506,056;427,56895;1896,395789;0,823125;;;;;
16;10;HR;Asynchronous;0,7;0,550544;668,805542;361,920132;2418,757984;0,829792;;;;;
16;10;HR;Asynchronous;0,8;0,430889;859,233643;300,175428;2690,80746;0,756389;;;;;
16;10;HR;Asynchronous;0,9;0,470719;958,309814;216,179762;2859,921799;0,904687;;;;;
16;10;HR;Asynchronous;1;0,409884;1194,435669;183,762009;3444,731968;0,828472;;;;;
16;4;BR;Asynchronous;0,1;0,442501;1,013195;381,615554;19,110126;0,136979;;;;;
16;4;BR;Asynchronous;0,2;0,443607;3,981061;359,07301;34,452089;0,229861;;;;;
16;4;BR;Asynchronous;0,3;0,460454;9,462865;336,131204;109,222768;0,323437;;;;;
16;4;BR;Asynchronous;0,4;0,458123;22,943092;317,289503;133,728978;0,406389;;;;;
16;4;BR;Asynchronous;0,5;0,490711;67,113464;269,75649;156,050398;0,510938;;;;;
16;4;BR;Asynchronous;0,6;0,500619;251,171982;133,817155;301,014182;0,597708;;;;;
16;4;BR;Asynchronous;0,7;0,453512;328,706573;100,252963;305,420849;0,614201;;;;;
16;4;BR;Asynchronous;0,8;0,406964;396,323639;85,430627;454,557929;0,623889;;;;;
16;4;BR;Asynchronous;0,9;0,368315;484,105438;55,990098;574,452631;0,631563;;;;;
16;4;BR;Asynchronous;1;0,332298;545,141968;53,772597;719,461548;0,634028;;;;;
16;6;BR;Asynchronous;0,1;0,487785;1,119696;498,820922;19,484081;0,149965;;;;;
16;6;BR;Asynchronous;0,2;0,460979;4,844061;523,303737;56,253503;0,239375;;;;;
16;6;BR;Asynchronous;0,3;0,506713;13,533961;476,584253;83,709148;0,356563;;;;;
16;6;BR;Asynchronous;0,4;0,492925;33,58577;461,969537;195,577372;0,434167;;;;;
16;6;BR;Asynchronous;0,5;0,474015;61,682014;446,820517;200,586964;0,501215;;;;;
16;6;BR;Asynchronous;0,6;0,532269;179,855214;415,380127;470,830639;0,622708;;;;;
16;6;BR;Asynchronous;0,7;0,468575;543,321716;140,80299;1069,873863;0,628785;;;;;
16;6;BR;Asynchronous;0,8;0,422222;653,907227;125,902747;1263,494341;0,637778;;;;;
16;6;BR;Asynchronous;0,9;0,3822;784,053589;88,886586;1468,299448;0,646562;;;;;
16;6;BR;Asynchronous;1;0,348186;898,097229;73,066224;1679,285594;0,647222;;;;;
16;8;BR;Asynchronous;0,1;0,508909;1,348418;652,238802;18,983249;0,153542;;;;;
16;8;BR;Asynchronous;0,2;0,503872;5,645099;653,732879;70,357942;0,254306;;;;;
16;8;BR;Asynchronous;0,3;0,531937;15,225128;617,541676;113,300356;0,370625;;;;;
16;8;BR;Asynchronous;0,4;0,507399;46,924644;596,548855;262,79635;0,4425;;;;;
16;8;BR;Asynchronous;0,5;0,528152;119,316422;551,801733;390,451218;0,546181;;;;;
16;8;BR;Asynchronous;0,6;0,535232;476,424927;323,176361;600,515833;0,621875;;;;;
16;8;BR;Asynchronous;0,7;0,480331;644,258728;275,567272;881,48296;0,637049;;;;;
16;8;BR;Asynchronous;0,8;0,435503;918,558167;149,863613;884,867818;0,649722;;;;;
16;8;BR;Asynchronous;0,9;0,389167;1085,429932;130,566104;1295,182846;0,649375;;;;;
16;8;BR;Asynchronous;1;0,359547;1212,562012;114,470506;1537,658973;0,657639;;;;;
16;10;BR;Asynchronous;0,1;0,537593;1,361603;788,311656;21,925482;0,161979;;;;;
16;10;BR;Asynchronous;0,2;0,575784;6,146961;718,154923;64,7016;0,287083;;;;;
16;10;BR;Asynchronous;0,3;0,505995;16,159618;809,522351;104,128664;0,354271;;;;;
16;10;BR;Asynchronous;0,4;0,552845;40,650211;756,011389;314,63874;0,476667;;;;;
16;10;BR;Asynchronous;0,5;0,531937;127,536873;704,662768;571,212667;0,546354;;;;;
16;10;BR;Asynchronous;0,6;0,536095;394,76413;593,208144;682,280142;0,622292;;;;;
16;10;BR;Asynchronous;0,7;0,492379;718,662415;322,470207;918,415437;0,646285;;;;;
16;10;BR;Asynchronous;0,8;0,441288;916,20813;268,419502;1446,767732;0,650833;;;;;
16;10;BR;Asynchronous;0,9;0,403188;1111,200439;208,053061;1615,034325;0,658125;;;;;
16;10;BR;Asynchronous;1;0,369813;1268,63562;139,778284;1918,226261;0,669444;;;;;
16;4;PS;Asynchronous;0,1;0,787135;1,870605;270,589738;125,582387;0,608993;;;;;
16;4;PS;Asynchronous;0,2;0,781164;9,179881;245,813397;186,819899;0,680347;;;;;
16;4;PS;Asynchronous;0,3;0,765629;25,114941;224,150588;283,319397;0,784479;;;;;
16;4;PS;Asynchronous;0,4;0,721782;55,607788;204,244054;350,483928;0,852083;;;;;
16;4;PS;Asynchronous;0,5;0,609036;149,28801;147,14324;512,272546;0,79375;;;;;
16;4;PS;Asynchronous;0,6;0,600147;202,291977;127,218886;584,690104;0,86;;;;;
16;4;PS;Asynchronous;0,7;0,545556;285,707153;91,945013;771,946701;0,872326;;;;;
16;4;PS;Asynchronous;0,8;0,487692;365,927063;72,64524;636,779001;0,856944;;;;;
16;4;PS;Asynchronous;0,9;0,450406;392,787323;77,53762;1058,35527;0,941562;;;;;
16;4;PS;Asynchronous;1;0,388274;483,779236;72,486585;981,808492;0,869792;;;;;
16;6;PS;Asynchronous;0,1;0,904261;2,169803;416,99405;157,505141;0,713958;;;;;
16;6;PS;Asynchronous;0,2;0,903137;10,854911;419,513506;245,594209;0,740208;;;;;
16;6;PS;Asynchronous;0,3;0,888765;33,627537;392,270923;323,700479;0,798229;;;;;
16;6;PS;Asynchronous;0,4;0,854246;85,455521;342,517993;419,35944;0,85125;;;;;
16;6;PS;Asynchronous;0,5;0,791902;200,680069;264,207476;641,749697;0,907639;;;;;
16;6;PS;Asynchronous;0,6;0,708413;362,55365;177,957505;841,086602;0,937083;;;;;
16;6;PS;Asynchronous;0,7;0,612917;493,587738;147,050534;926,740294;0,914618;;;;;
16;6;PS;Asynchronous;0,8;0,57831;574,596436;132,983807;846,435531;0,953333;;;;;
16;6;PS;Asynchronous;0,9;0,508989;701,366394;109,738298;1491,317415;0,933125;;;;;
16;6;PS;Asynchronous;1;0,467505;808,651123;93,370477;1718,163415;0,939583;;;;;
16;8;PS;Asynchronous;0,1;0,965042;2,384536;630,808059;194,963345;0,566181;;;;;
16;8;PS;Asynchronous;0,2;0,97462;12,422179;594,851999;267,928247;0,704028;;;;;
16;8;PS;Asynchronous;0,3;0,965674;37,241966;564,654284;387,492337;0,808437;;;;;
16;8;PS;Asynchronous;0,4;0,923701;104,177879;497,096637;341,501226;0,865694;;;;;
16;8;PS;Asynchronous;0,5;0,845989;340,443665;324,235594;855,57456;0,918403;;;;;
16;8;PS;Asynchronous;0,6;0,764771;504,08136;256,389778;1049,175562;0,941667;;;;;
16;8;PS;Asynchronous;0,7;0,672547;689,887268;194,248624;1416,449231;0,938194;;;;;
16;8;PS;Asynchronous;0,8;0,605648;832,789551;162,886466;940,794155;0,966667;;;;;
16;8;PS;Asynchronous;0,9;0,547097;978,88269;129,470496;1923,328176;0,964062;;;;;
16;8;PS;Asynchronous;1;0,499688;1105,590332;122,442908;2126,55381;0,963194;;;;;
16;10;PS;Asynchronous;0,1;0,977722;2,383884;819,691756;212,784185;0,556563;;;;;
16;10;PS;Asynchronous;0,2;0,986516;12,676008;793,754257;337,634981;0,672708;;;;;
16;10;PS;Asynchronous;0,3;0,980612;39,742607;757,774533;451,19667;0,785104;;;;;
16;10;PS;Asynchronous;0,4;0,965674;118,184151;662,787576;351,184393;0,881111;;;;;
16;10;PS;Asynchronous;0,5;0,906607;970,432438;485,592935;307,792664;0,941146;;;;;
16;10;PS;Asynchronous;0,6;0,79234;532,737732;363,094043;1214,057768;0,961042;;;;;
16;10;PS;Asynchronous;0,7;0,707199;751,67511;224,638088;1653,736882;0,981944;;;;;
16;10;PS;Asynchronous;0,8;0,61823;905,326843;206,922631;1421,304936;0,9625;;;;;
16;10;PS;Asynchronous;0,9;0,564482;1048,269897;154,713952;2371,043062;0,979375;;;;;
16;10;PS;Asynchronous;1;0,515257;1184,647461;136,375081;2592,966463;0,980903;;;;;
