user_id,category1,category2,category3,category4,category5,category6,category7,category8,category9,category10
1,0.93,1.8,2.29,0.62,0.8,2.42,3.19,2.79,1.82,2.42
2,1.02,2.2,2.66,0.64,1.42,3.18,3.21,2.63,1.86,2.32
3,1.22,0.8,0.54,0.53,0.24,1.54,3.18,2.8,1.31,2.5
4,0.45,1.8,0.29,0.57,0.46,1.52,3.18,2.96,1.57,2.86
5,0.51,1.2,1.18,0.57,1.54,2.02,3.18,2.78,1.18,2.54
6,0.99,1.28,0.72,0.27,0.74,1.26,3.17,2.89,1.66,3.66
7,0.9,1.36,0.26,0.32,0.86,1.58,3.17,2.66,1.22,3.22
8,0.74,1.4,0.22,0.41,0.82,1.5,3.17,2.81,1.54,2.88
9,1.12,1.76,1.04,0.64,0.82,2.14,3.18,2.79,1.41,2.54
10,0.7,1.36,0.22,0.26,1.5,1.54,3.17,2.82,2.24,3.12
11,1.47,1,0.7,0.75,1.66,2.76,3.18,2.89,1.66,2.62
12,0.96,2.96,0.29,0.38,0.88,2.08,3.17,2.93,1.66,3.42
13,0.74,1.44,2.75,0.45,0.98,1.74,3.2,2.87,1.38,2.34
14,0.58,1.64,2.27,0.45,1.26,1.72,3.19,2.91,2.3,2.74
15,0.96,1.68,2.29,0.51,1.2,2.84,3.2,2.82,2.02,2.46
16,1.25,2.52,1.76,0.5,1.46,2.08,3.19,2.74,1.41,2.32
17,0.86,1.04,1.76,0.34,0.06,1.1,3.18,2.73,1.15,2.98
18,0.61,1.96,2.49,0.66,1.34,1.78,3.2,3.04,1.15,2.42
19,0.67,1.36,1.36,0.38,0.82,3.38,3.18,2.86,1.79,2.8
20,0.8,1.04,2.1,0.58,1.18,1.98,3.19,2.93,1.22,2.48
21,0.86,1.44,1.12,0.41,1.2,2.18,3.18,2.7,1.06,2.94
22,0.96,1.44,0.14,0.42,1.06,2.08,3.17,2.74,1.15,3.22
23,0.93,1.16,0.29,0.41,1.02,1.36,3.16,2.74,1.34,3.66
24,0.54,1.44,0.3,0.41,1.02,1.46,3.17,2.71,1.73,3.04
25,1.22,0.96,1.15,0.54,1.1,2.02,3.18,2.77,1.92,2.46
26,0.61,2.84,2.8,0.48,0.56,1.52,3.19,2.54,1.6,2.54
27,0.77,1.68,2.24,0.75,1.28,2.64,3.19,2.57,1.34,2.38
28,0.99,1.28,1.22,0.59,0.94,1.9,3.18,2.79,1.22,2.4
29,0.58,1.2,0.18,0.38,0.54,0.76,3.17,2.69,1.63,2.94
30,0.64,1.16,3.12,0.45,1.84,3.16,3.2,2.75,1.54,2.46
31,0.74,1.28,2.14,0.5,0.94,2.26,3.2,2.78,1.5,2.34
32,0.7,2.24,2.32,0.63,0.72,2.12,3.19,2.65,1.28,2.42
33,0.64,2,1.6,0.41,2.08,2.22,3.19,2.8,1.76,2.72
34,1.06,1.12,0.21,0.58,0.98,2.5,3.18,2.9,1.92,2.74
35,0.96,1.16,0.45,0.29,0.98,1.42,3.18,2.94,2.02,3.02
36,0.88,0.96,1.18,0.43,0.74,1.52,3.18,3.01,1.63,2.94
37,0.7,1.28,1.15,0.32,0.4,1.1,3.18,2.78,1.76,2.9
38,1.02,1.36,0.91,0.5,0.72,1.22,3.18,2.91,1.92,3.2
39,0.7,1.52,2.37,0.62,0.86,1.68,3.2,2.86,1.6,2.58
40,1.38,1.08,0.18,0.62,0.14,1.46,3.18,2.88,1.66,2.42
41,0.99,1.24,0.15,0.24,1.38,1.98,3.17,2.61,1.02,3.06
42,0.58,1.48,0.19,0.41,0.5,0.98,3.16,2.74,1.57,3.38
43,0.67,1.24,0.61,0.24,1.06,1.9,3.18,2.82,1.25,2.88
44,1.02,2,0.42,0.56,0.46,2.06,3.18,2.86,2.05,2.66
45,0.64,1.64,0.34,0.62,0.64,2.22,3.18,3.1,1.98,2.8
46,1.7,1.4,0.61,0.39,0.7,1.46,3.17,2.9,1.82,3.38
47,0.38,1.08,0.77,0.34,1.06,1.46,3.18,3.15,2.18,3.22
48,0.9,1.2,1.24,0.35,0.88,1.86,3.18,2.86,1.47,2.94
49,0.45,2.96,0.26,0.4,0.56,1.68,3.18,2.9,1.44,2.72
50,0.61,1.08,2.22,0.65,1.2,2.06,3.19,2.62,1.31,2.34
51,1.02,1.2,0.3,0.38,1.1,1.9,3.17,2.93,1.34,3.42
52,0.42,1.48,2.06,0.48,0.96,1.4,3.18,2.71,1.76,2.86
53,0.8,1.88,0.66,0.47,2.54,2.18,3.18,2.59,1.89,3.02
54,1.02,0.64,1.12,0.51,0.8,1.82,3.18,2.82,1.5,2.56
55,1.02,1.2,0.37,0.58,0.54,1.7,3.17,2.78,1.66,3.42
56,0.61,1.68,0.46,0.37,0.86,1.1,3.17,2.94,1.31,3.12
57,0.8,1.16,2.43,0.54,1.06,2.28,3.19,2.86,1.44,2.48
58,0.93,1.48,0.78,0.39,0.7,1.7,3.18,2.82,1.41,2.88
59,0.64,1.2,2.27,0.64,1.42,2.83,3.2,2.79,1.47,2.38
60,0.83,1.4,1.23,0.64,1.2,2.54,3.18,2.81,1.6,2.54
61,1.06,1.92,3.11,0.55,1.46,3.24,3.2,2.62,1.28,2.34
62,1.98,0.96,0.18,0.45,0.16,0.82,3.18,3.03,1.02,2.78
63,0.9,1.12,0.22,0.45,0.32,1.1,3.18,2.82,2.08,2.96
64,0.51,1.6,0.37,0.42,0.48,1.36,3.18,3.1,1.34,3.04
65,1.41,1.12,0.68,0.37,1.14,1.76,3.18,2.9,1.5,3.01
66,1.47,0.72,0.53,0.62,0.48,1.9,3.18,2.78,1.63,2.88
67,0.99,1.28,2.32,0.43,0.16,1.06,3.18,2.79,1.09,3.34
68,0.93,1,0.61,0.5,0.8,1.52,3.18,2.77,1.28,2.94
69,0.51,1.08,1.92,0.34,1.04,1.3,3.18,2.8,1.09,2.88
70,0.54,1.44,0.72,0.48,0.7,1.36,3.18,2.74,1.5,2.54
71,1.6,0.8,0.38,0.67,0.5,1.5,3.18,2.82,1.28,2.46
72,0.83,1.04,2.94,0.96,0.88,1.86,3.2,2.82,1.25,2.34
73,0.74,2.24,0.14,0.47,1.22,1.88,3.17,2.81,1.98,2.58
74,0.9,1.08,2.48,0.41,0.82,1.78,3.18,2.83,1.41,3.46
75,1.31,1.36,1.47,0.56,0.78,2,3.19,2.86,1.63,2.42
76,0.99,2.96,1.71,0.45,1.36,1.96,3.19,2.69,1.38,2.32
77,1.28,1.12,1.04,0.42,0.7,1.3,3.18,2.81,1.86,3.36
78,0.8,1.76,2.53,0.65,1.04,2.22,3.19,2.79,1.63,2.46
79,0.83,1.08,0.67,0.35,0.54,1.06,3.17,2.78,1.25,3.06
80,0.7,1.04,0.19,0.47,0.78,2.42,3.17,2.7,1.12,2.98
81,2.08,0.92,0.8,0.4,0.54,1.7,3.17,3.07,1.54,3.42
82,0.74,1.32,0.93,0.46,0.66,1.82,3.18,2.83,1.86,2.54
83,0.7,1.52,0.45,1.65,0.32,0.86,3.17,2.62,2.05,3.04
84,1.25,0.92,0.86,0.58,0.66,1.98,3.18,2.88,1.12,2.66
85,1.92,0.28,1.12,0.5,0.88,1.96,3.18,2.96,1.86,2.58
86,0.74,1.84,0.24,0.34,0.8,1.66,3.17,2.87,1.5,3.34
87,0.7,0.76,0.72,1.1,0.42,1.54,3.18,2.69,1.41,2.56
88,0.64,1.08,0.19,0.39,0.5,0.9,3.17,2.79,1.18,3.12
89,0.64,2.36,0.14,1.68,1.02,1.76,3.18,2.71,1.22,2.42
90,0.67,2.08,1.04,0.54,0.74,1.64,3.18,2.86,1.57,2.64
91,1.38,1.12,0.72,0.53,0.88,1.36,3.18,2.81,1.79,3.26
92,0.56,1.16,0.13,0.49,0.54,0.9,3.17,2.91,1.54,2.64
93,1.1,2.04,2.45,0.54,1.44,2.28,3.19,2.74,1.63,2.42
94,0.64,1.2,2.27,0.64,1.42,2.83,3.2,2.79,1.47,2.38
95,0.99,2,2.13,0.64,1.82,2.6,3.19,2.67,1.5,2.46
96,1.12,0.96,0.3,0.46,0.56,1.92,3.18,2.98,1.22,2.94
97,0.9,1.44,2.34,0.55,0.94,2.14,3.19,2.79,1.79,2.82
98,0.9,0.56,1.38,0.37,0.8,1.9,3.18,2.91,1.41,2.54
99,1.02,0.88,2.67,0.53,1.02,1.78,3.19,2.86,2.14,2.78
100,0.67,1.6,0.21,0.47,2.16,1.96,3.17,2.86,3.04,3.1
101,0.9,0.96,0.38,0.5,0.78,2.1,3.18,2.9,1.79,2.82
102,0.64,1.12,0.4,0.37,0.64,1.12,3.18,2.94,1.76,3.06
103,0.99,2.12,1.41,0.65,0.96,2.94,3.19,2.82,1.41,2.42
104,0.88,1.2,0.16,0.45,0.5,1,3.18,2.67,1.79,2.86
105,1.47,0.84,0.64,0.39,0.32,1.18,3.17,2.9,1.73,3.46
106,0.86,0.88,2.85,0.39,0.42,1.54,3.2,2.73,1.7,2.46
107,1.07,0.56,0.93,0.53,1.3,2.62,3.18,2.94,2.27,2.74
108,0.99,1.2,0.38,0.43,0.8,1.1,3.16,2.74,1.15,3.42
109,1.76,0.04,0.43,0.39,1.5,1.62,3.17,2.8,0.96,3.18
110,0.8,2.16,1.12,0.53,1.54,2.34,3.18,2.83,2.24,2.78
111,0.9,1.8,1.25,0.67,0.86,1.86,3.19,2.96,2.46,2.98
112,0.9,1.08,1.65,0.34,0.7,1.44,3.18,2.85,1.15,2.86
113,0.9,1.84,0.51,0.66,1.04,1.78,3.18,2.79,1.86,2.54
114,0.35,1.36,1.41,0.49,1.1,1.5,3.18,3.04,1.28,2.48
115,0.83,1.04,2.94,0.96,0.88,1.86,3.2,2.82,1.25,2.34
116,1.15,1.28,0.18,0.61,0.7,2.3,3.18,3.01,1.73,2.34
117,0.64,1.72,1.25,0.51,0.72,2.04,3.19,2.83,1.76,2.4
118,0.61,1.32,0.78,0.54,1.12,1.74,3.18,2.78,1.79,2.94
119,0.54,1.2,1.17,0.45,1.04,1.38,3.18,2.58,1.82,2.94
120,1.06,1.6,1.1,0.43,0.86,1.84,3.18,2.7,0.96,3.18
121,0.86,1.96,1.25,0.56,1.66,2.9,3.18,2.82,1.44,2.5
122,0.77,1.04,0.26,0.66,1.42,2,3.18,2.82,1.6,2.64
123,0.93,2.68,1.3,0.42,1.42,2.22,3.19,2.58,1.31,2.38
124,1.98,0.48,0.75,0.69,0.88,2.62,3.18,2.86,1.54,2.38
125,0.74,1.52,1.38,0.59,1.1,2,3.18,2.72,1.47,2.74
126,0.64,1.36,0.19,0.46,0.78,1.58,3.18,2.79,1.31,2.82
127,0.51,1.44,0.42,0.33,0.74,1.3,3.18,2.77,1.18,2.98
128,1.06,1.68,1.02,0.66,0.72,2.02,3.18,2.81,1.41,2.56
129,1.09,1.48,0.99,0.35,1.12,1.78,3.17,2.89,1.31,3.34
130,0.54,1.2,0.45,0.39,0.88,1.66,3.18,2.7,1.57,2.78
131,0.9,0.88,1.52,0.46,0.8,1.48,3.18,2.71,0.99,2.88
132,0.83,1.68,1.14,0.51,1.66,2.78,3.18,2.85,1.7,2.54
133,0.93,1.64,1.73,0.55,1.46,1.98,3.18,2.74,1.89,2.94
134,0.38,1.28,1.54,0.62,1.7,2.16,3.18,3.02,1.31,2.5
135,0.51,1.64,0.27,0.3,0.78,1.86,3.17,2.69,2.5,3.34
136,0.8,0.96,0.73,0.61,1.1,2.82,3.18,2.99,2.14,2.54
137,1.15,1.72,1.62,0.61,0.78,1.94,3.19,3.02,1.47,2.54
138,0.51,1.16,1.66,0.53,1.58,1.9,3.18,2.85,1.28,2.88
139,0.96,1.4,0.74,0.37,0.86,1.98,3.18,2.8,1.44,3.06
140,1.09,1.32,0.74,0.39,0.5,1.06,3.18,3.01,1.86,3.2
141,0.74,1.28,0.26,0.3,1.14,1.96,3.17,2.93,1.73,3.34
142,0.8,1.12,0.19,0.46,0.82,1.48,3.18,2.82,1.7,2.96
143,0.86,1.96,0.61,0.42,1.22,1.86,3.17,2.7,1.22,3.1
144,0.61,1.04,0.34,0.45,0.22,1.9,3.18,2.71,2.37,2.62
145,0.9,1.4,0.19,0.59,1.04,1.88,3.17,3.06,2.21,3.02
146,0.96,2.96,0.29,0.38,0.88,2.08,3.17,2.93,1.66,3.42
147,1.09,0.6,0.19,0.61,1.62,2.44,3.18,2.74,1.38,2.46
148,0.8,1.24,1.98,0.67,1.38,2.42,3.19,3.12,1.5,2.62
149,0.86,1.28,1.01,0.55,1.26,2.12,3.18,2.86,1.92,2.94
150,0.77,1.52,1.33,0.51,1.34,2.46,3.18,2.8,1.6,2.54
151,1.18,1.12,1.01,0.39,1.2,2.02,3.18,2.93,1.47,3.1
152,0.74,1.64,0.18,0.55,0.94,2,3.18,2.74,1.5,2.98
153,0.64,1.6,0.21,0.54,0.62,1.22,3.18,2.85,1.44,2.66
154,0.64,1.56,0.22,0.57,0.5,2.02,3.18,2.66,1.34,2.78
155,1.09,1.44,0.22,0.37,0.34,1.94,3.18,2.73,1.66,2.62
156,1.02,1.16,1.22,0.29,0.94,1.66,3.18,2.8,2.08,3.42
157,0.9,1.64,0.32,0.5,1.34,2.02,3.18,3.06,1.57,2.86
158,2.05,1.12,0.7,0.37,0.5,1.04,3.17,2.77,1.98,3.44
159,1.18,2.04,1.89,0.5,1.66,2.18,3.19,2.83,1.41,2.34
160,1.06,1.76,1.02,0.27,0.24,1.16,3.18,2.63,1.28,3.36
161,0.58,1.12,1.57,0.45,0.78,1.5,3.18,2.77,1.44,2.9
162,1.15,1.08,0.51,0.37,0.34,0.98,3.17,2.58,2.21,3.36
163,0.9,1.84,0.51,0.66,1.04,1.78,3.18,2.79,1.86,2.54
164,0.7,1.28,0.93,0.47,0.54,1.58,3.18,2.82,1.76,2.98
165,0.8,1.16,1.09,0.23,0.82,1.5,3.18,2.78,0.93,2.88
166,0.9,1.64,0.21,0.5,0.3,1.68,3.18,2.91,1.44,2.74
167,0.7,0.8,2.56,0.5,1.1,1.5,3.19,2.86,1.47,2.38
168,0.61,1.04,0.83,0.46,0.82,1.86,3.18,2.9,2.18,2.54
169,0.67,2.04,2.82,0.51,0.9,1.66,3.2,2.85,1.5,2.34
170,0.7,1.28,1.49,0.46,0.58,1.46,3.18,2.97,1.73,2.86
171,0.93,1.16,0.26,0.51,1.42,2.4,3.18,2.97,2.18,2.8
172,1.9,0.4,0.45,0.48,0.7,1.06,3.18,2.98,1.22,2.48
173,0.74,1.96,0.14,0.65,0.4,0.98,3.18,2.73,1.22,2.78
174,1.06,1.28,0.22,0.49,0.74,1.24,3.17,2.94,1.6,3.28
175,0.96,1.08,0.8,0.66,0.72,2.02,3.18,2.86,1.57,3.26
176,0.42,1.88,0.26,1.05,1.06,2.1,3.18,2.86,1.15,2.62
177,1.02,1.16,0.78,0.41,1.1,2,3.18,3.01,1.38,3.26
178,0.99,1.08,0.93,0.41,0.62,1.46,3.18,2.97,1.73,2.94
179,0.7,0.96,0.22,0.47,0.46,2.12,3.18,2.89,1.7,2.98
180,0.77,1.24,0.21,0.54,0.88,1.42,3.18,2.86,1.76,2.88
181,0.58,1.44,0.19,0.53,0.24,0.94,3.18,3.29,2.18,2.9
182,0.8,1.2,1.25,0.43,1.78,2.62,3.18,2.75,1.6,2.7
183,1.28,1.48,1.42,0.61,0.96,1.98,3.18,2.81,1.6,2.48
184,1.38,1.12,1.8,0.37,0.82,1.16,3.18,2.69,1.22,3.3
185,1.06,1.04,2.5,0.56,1.78,2.8,3.2,2.72,2.18,2.54
186,0.96,1.2,0.36,0.43,0.22,2.8,3.18,2.85,1.98,2.64
187,0.58,1.12,0.27,0.47,1.42,2.14,3.18,2.78,1.44,2.72
188,1.41,1.32,0.19,0.56,0.32,1.56,3.18,3.07,1.41,3.06
189,1.02,1.04,1.33,0.61,0.86,2.4,3.19,2.89,1.63,2.46
190,0.93,0.6,0.18,0.33,0.32,1.1,3.17,2.94,1.28,3.04
191,0.51,1.08,2.48,0.57,0.66,1.8,3.19,2.58,1.38,2.32
192,0.83,1.32,1.89,0.65,1.28,1.7,3.19,2.75,1.76,2.66
193,1.7,0.64,0.43,0.41,0.9,1.7,3.16,2.85,1.7,3.52
194,0.9,1.56,0.22,0.35,1.26,1.96,3.16,2.74,2.05,3.44
195,0.34,1.16,0.18,0.4,1.18,1.86,3.18,2.82,1.76,2.86
196,0.8,1,0.22,0.34,0.94,1.4,3.17,2.94,1.41,2.96
197,0.7,1.04,1.41,0.31,0.62,1.5,3.18,2.65,1.31,3.04
198,1.28,0.68,2.06,0.38,1.58,2.48,3.19,2.74,1.57,2.5
199,0.64,1.48,0.99,0.31,0.64,1.3,3.18,3.01,1.57,3.26
200,1.25,2.16,0.22,1.79,0.9,1.76,3.18,2.77,1.7,2.4
201,1.06,1.28,2.5,0.62,1.66,3.02,3.19,2.89,1.79,2.78
202,1.12,1.56,0.38,0.55,0.66,2.1,3.18,2.85,1.73,2.96
203,0.7,0.92,2.77,0.54,0.98,1.58,3.2,2.74,1.47,2.34
204,1.06,1.12,0.22,0.39,0.7,1.46,3.18,2.91,1.82,2.82
205,0.83,0.88,0.82,0.42,0.62,1.74,3.18,2.93,1.02,2.7
206,0.99,2.08,0.27,0.33,0.14,0.82,3.18,2.73,1.38,2.78
207,0.99,1.28,0.19,0.27,0.54,2.22,3.18,2.71,1.73,2.62
208,0.8,0.84,0.24,0.5,0.56,1.44,3.18,2.94,1.89,2.94
209,0.77,0.88,1.71,0.48,0.7,1.08,3.18,2.54,1.15,2.58
210,1.06,1.12,0.98,0.21,1.1,1.38,3.17,2.88,1.02,3.26
211,0.54,1.44,1.31,0.32,1.18,1.48,3.18,2.79,1.31,3.3
212,0.93,1.36,1.94,0.34,0.9,2.36,3.19,2.78,1.5,2.82
213,0.83,2.04,0.42,0.51,0.7,2.12,3.18,2.66,1.6,2.98
214,0.51,1.32,0.24,0.38,0.42,1.3,3.18,2.79,1.34,2.58
215,0.61,1.56,0.16,0.37,0.38,0.94,3.17,2.94,1.22,3.46
216,0.7,1.28,1.66,0.49,1.68,2.68,3.19,2.77,1.7,2.54
217,0.61,1.52,0.18,0.26,0.8,1.4,3.17,2.77,1.22,3.04
218,0.9,1.2,0.5,0.45,0.64,1.54,3.18,2.71,1.38,2.3
219,1.02,0.72,1.2,0.47,1.9,2.98,3.18,2.79,1.31,2.38
220,0.9,0.88,2.05,0.45,1.36,2,3.18,2.87,1.38,2.86
221,0.77,1.08,0.29,0.58,1.38,2.54,3.18,2.87,1.6,2.88
222,1.25,1.12,1.47,0.41,0.26,1.22,3.18,2.73,1.12,3.22
223,1.15,2.32,2.4,0.5,1.12,1.54,3.19,2.8,1.63,2.4
224,0.93,1.32,0.14,0.47,0.54,1.56,3.17,2.86,1.6,3.04
225,0.61,1.2,2.05,0.61,1.3,3.06,3.19,2.79,1.57,2.42
226,1.02,1.96,0.27,0.35,1.18,1.46,3.17,2.73,1.47,3.34
227,0.9,2.24,0.27,1.78,1.3,1.42,3.18,2.75,1.18,2.46
228,0.67,1.2,1.39,0.41,1.26,1.7,3.18,2.82,1.25,2.82
229,0.54,2.96,0.58,0.57,0.78,1.7,3.18,2.91,1.28,3.3
230,0.61,1.04,1.98,0.55,1.34,1.96,3.19,2.94,1.15,2.38
231,0.61,1,0.22,0.58,1.1,1.42,3.18,3.14,2.11,2.8
232,0.58,1.44,2.1,0.64,1.92,2.18,3.2,3.04,1.12,2.42
233,0.83,1.96,0.51,0.31,0.74,1.16,3.18,2.7,1.02,3.02
234,0.48,1.96,0.24,0.35,0.46,1.62,3.18,2.7,1.28,2.74
235,0.61,0.84,0.15,0.38,2.38,2.12,3.18,2.97,1.34,2.14
236,0.34,1.16,0.18,0.4,1.18,1.86,3.18,2.82,1.76,2.86
237,1.41,1.08,1.34,0.65,1.6,2.14,3.18,2.81,1.15,3.14
238,0.58,1.84,0.22,0.73,0.98,2.14,3.18,2.99,1.44,2.96
239,0.96,0.88,1.02,0.64,1.18,2.24,3.18,2.78,1.12,2.7
240,2.08,0.48,0.18,0.15,0.1,0.14,3.18,2.95,1.15,3.6
241,0.7,0.92,2.77,0.54,0.98,1.58,3.2,2.74,1.47,2.34
242,1.25,2.48,1.76,0.54,1.76,2.38,3.19,2.81,1.6,2.32
243,0.74,1.6,1.2,0.56,0.32,1.02,3.19,2.72,2.69,2.58
244,0.74,1.84,1.02,0.41,0.46,1.14,3.18,2.75,2.5,3.12
245,0.83,1.56,0.22,0.23,0.32,0.88,3.17,2.89,2.4,3.02
246,0.64,1.2,0.98,0.42,0.82,1.6,3.18,2.88,1.63,2.88
247,1.33,0.52,0.22,0.46,0.3,0.86,3.18,2.93,1.66,2.8
248,1.5,1.96,2.08,2.73,1.12,2.94,3.2,2.63,1.63,2.46
249,0.96,0.64,0.67,0.33,0.98,1.34,3.17,2.94,1.15,3.14
250,0.34,1.16,0.18,0.4,1.18,1.86,3.18,2.82,1.76,2.86
251,0.51,1,1.57,0.56,1.58,1.82,3.18,2.81,1.22,2.66
252,0.67,1.16,0.26,0.39,0.78,1.58,3.18,2.94,1.6,2.94
253,0.51,1.28,2,0.4,0.48,2.08,3.19,2.56,1.15,2.4
254,0.58,1.2,2.05,0.71,0.5,2.28,3.19,2.66,1.66,2.4
255,0.61,2.4,0.64,0.42,0.16,1.62,3.18,2.59,1.89,2.78
256,1.09,1.76,0.67,0.54,1.36,1.92,3.17,2.67,2.43,3.28
257,0.9,0.88,0.29,0.39,0.86,1.54,3.17,2.98,1.41,3.36
258,0.93,1.96,0.22,1.62,1.38,1.98,3.18,2.74,1.57,2.4
259,2.22,0.24,1.09,0.48,0.24,1.12,3.18,3.06,1.41,2.72
260,0.61,1.32,1.62,0.72,1.68,1.78,3.18,2.54,1.31,2.42
261,0.77,0.72,1.07,0.53,0.88,2.14,3.19,2.85,1.79,2.62
262,0.96,1.44,1.09,0.63,1.18,3.12,3.19,3.1,2.05,2.72
263,1.58,0.88,0.29,0.53,0.82,1.86,3.18,3.02,1.73,2.78
264,0.61,1.72,1.74,0.51,1.42,2.06,3.19,3.13,2.46,2.78
265,1.06,1.2,0.48,0.41,0.8,1.66,3.17,2.94,1.28,3.5
266,1.22,1.36,1.33,0.59,1.18,2.24,3.19,2.77,1.66,2.46
267,1.12,1.16,2.3,0.5,1.44,2.36,3.2,2.82,1.86,2.38
268,1.09,1.96,1.17,0.59,0.8,1.94,3.19,2.82,1.95,2.72
269,0.45,1.4,0.22,0.45,0.64,1.7,3.18,2.64,2.18,2.78
270,0.77,1.52,1.28,0.48,1.5,2.5,3.18,2.86,1.47,2.46
271,0.8,1.64,0.29,0.42,1.38,2.2,3.17,2.93,1.25,3.26
272,0.58,1.28,1.15,0.54,0.46,1.46,3.18,3.04,1.41,2.78
273,0.7,1.12,1.92,0.64,1.82,1.9,3.19,2.66,0.96,2.46
274,0.77,1.6,2.86,0.56,1.34,2.46,3.2,2.97,1.34,2.56
275,1.15,1.76,1.33,2.91,0.74,1.9,3.18,2.78,1.38,2.72
276,0.93,1,0.22,0.38,0.8,1.52,3.16,2.74,1.38,3.52
277,0.83,1.68,1.55,0.5,0.8,1.86,3.18,2.82,1.5,2.42
278,0.83,1.24,0.38,0.49,1.54,2.38,3.18,3.04,2.18,2.82
279,1.12,1.56,0.14,0.48,0.4,0.82,3.18,2.63,0.9,2.78
280,0.99,0.36,0.22,0.46,1.5,1.94,3.18,2.83,1.47,2.66
281,1.15,1.28,1.68,0.51,0.94,1.8,3.18,2.74,1.06,3.1
282,0.51,1.2,1.07,0.49,1.14,2.04,3.18,3.22,1.47,2.82
283,0.58,1.84,2.18,0.59,1.02,1.58,3.19,2.8,1.6,2.66
284,0.74,1.28,1.36,0.66,1.26,2.48,3.18,2.83,1.28,2.64
285,0.9,1.52,0.32,0.59,0.62,2.08,3.17,2.78,1.66,2.96
286,0.51,1.44,0.26,0.48,0.34,0.82,3.18,2.86,1.73,2.88
287,0.93,1.76,0.58,2.25,2,2.44,3.18,2.67,1.22,2.42
288,0.77,1.96,0.93,0.61,0.66,1.6,3.18,2.67,3.14,2.8
289,1.18,1.2,0.99,0.46,1.3,1.86,3.17,2.82,0.86,3.62
290,0.96,1.32,0.56,0.42,0.98,2.06,3.17,2.82,1.18,3.3
291,1.09,1.12,2.35,0.54,1.3,2.64,3.19,2.87,1.47,2.54
292,1.09,1.16,0.35,0.41,0.66,1.34,3.17,2.72,1.41,3.14
293,0.67,1.52,0.35,0.3,1.06,1.38,3.18,2.89,1.28,2.96
294,0.77,0.76,0.8,0.49,0.46,1.34,3.18,3.26,1.82,2.66
295,0.58,1.2,0.18,0.38,0.54,0.76,3.17,2.69,1.63,2.94
296,0.67,0.84,0.82,1.11,0.56,1.4,3.18,2.73,1.47,2.56
297,0.7,1.28,0.26,0.51,1.06,1.6,3.18,2.65,1.41,2.8
298,0.77,1.16,1.62,0.57,0.56,1.4,3.18,2.78,1.12,2.54
299,1.79,0.88,1.42,0.39,0.72,1.78,3.19,2.85,1.63,2.42
300,0.8,1.92,0.35,0.48,0.74,2.18,3.19,2.83,1.89,2.58
301,0.61,1.12,0.22,0.53,0.58,1.2,3.17,2.82,1.63,3.12
302,0.42,1.16,2.22,0.64,0.88,1.26,3.19,2.82,1.25,2.5
303,0.74,0.96,2.27,0.61,0.5,1.26,3.19,2.82,1.6,2.56
304,0.61,1.4,0.27,0.41,0.88,1.34,3.18,2.86,1.73,2.88
305,1.02,1.04,1.97,0.5,0.64,2.74,3.18,2.77,1.86,2.64
306,0.83,1.64,0.35,0.56,0.78,1.48,3.18,2.63,1.41,2.66
307,1.02,1.28,0.77,0.47,1.06,2.48,3.18,2.86,1.73,2.94
308,0.7,1.48,2.43,0.58,1.82,2.38,3.2,3.02,2.72,2.48
309,1.55,0,0.24,0.74,0.22,1.38,3.18,3.22,1.28,2.58
310,0.51,1.2,2.19,0.64,0.88,2.24,3.19,2.58,1.41,2.32
311,0.51,1.76,0.22,0.49,0.66,1.46,3.18,2.77,2.4,2.74
312,0.54,1.52,0.24,0.37,0.74,1.5,3.18,2.89,1.76,3.04
313,0.38,1.16,1.65,0.45,1.1,1.3,3.18,2.83,1.22,2.62
314,0.77,1.48,1.19,0.49,1.58,2.5,3.18,2.85,1.6,2.5
315,0.58,1.8,0.7,0.53,1.52,2.22,3.18,2.78,1.98,2.98
316,1.09,0.76,0.93,0.47,0.58,1.94,3.18,2.8,2.02,2.64
317,0.96,1.32,2.05,0.47,1.6,2.24,3.19,2.75,1.79,2.62
318,0.67,1.28,0.14,0.43,1.02,1.62,3.17,2.88,1.47,2.82
319,0.74,1,2.77,0.53,0.4,1.46,3.19,2.8,1.34,2.46
320,0.93,1.2,0.18,0.25,0.54,1.46,3.16,2.97,1.22,3.42
321,1.02,1,0.27,0.39,0.98,1.82,3.18,3.09,1.6,2.88
322,1.09,1,0.77,0.43,0.42,1.62,3.18,2.98,2.27,3.36
323,3.22,1.84,0.22,0.53,0.9,2.46,3.19,2.69,1.57,2.72
324,0.48,1.16,0.21,0.33,0.26,0.86,3.18,2.98,1.25,2.7
325,0.45,1.2,0.86,0.51,0.7,1.4,3.18,2.95,1.44,2.48
326,0.96,0.88,1.63,0.56,1.52,2.54,3.19,2.74,1.28,2.48
327,0.54,1.6,2.33,0.54,1.26,2.08,3.2,2.97,2.5,2.42
328,0.86,1.72,1.2,0.56,1.74,3.24,3.18,2.78,1.5,2.4
329,1.41,1.96,1.23,0.51,0.42,2.26,3.18,2.77,1.18,2.32
330,0.8,1.16,1.2,0.56,1.02,2.1,3.19,3.05,1.22,2.56
331,0.74,1.44,0.24,0.34,1.98,1.62,3.17,2.88,3.17,3.22
332,0.67,1.36,1.9,0.45,1.46,1.86,3.18,2.69,0.99,2.74
333,1.47,0.72,0.53,0.62,0.48,1.9,3.18,2.78,1.63,2.88
334,0.7,0.76,0.18,0.73,0.96,2.54,3.18,2.71,1.6,2.54
335,0.74,1.84,0.16,0.62,0.24,0.96,3.18,2.62,1.57,2.42
336,0.74,1.08,1.57,0.63,1.98,1.78,3.18,2.81,1.28,2.72
337,0.48,1.88,1.82,0.4,1.3,1.7,3.18,2.7,1.09,2.8
338,0.38,1.32,0.46,0.5,0.56,0.98,3.17,2.82,1.02,3.44
339,0.77,1.36,0.43,0.54,1.72,2.91,3.18,2.94,1.86,2.58
340,1.57,1.28,0.83,0.49,0.48,1.38,3.18,2.88,1.44,2.86
341,0.77,2.2,1.3,0.46,1.78,2.88,3.18,2.88,1.6,2.46
342,0.64,1.52,1.89,0.63,1.36,2.26,3.2,2.97,2.62,2.38
343,0.99,1.52,1.68,0.35,1.42,1.86,3.18,2.97,1.47,3.12
344,1.25,1.24,2.3,0.49,0.74,2.16,3.2,2.82,1.73,2.42
345,0.7,0.96,0.74,0.5,1.04,2.12,3.18,2.66,0.9,3.06
346,0.58,1.2,0.16,0.35,0.62,0.98,3.17,2.87,1.66,3.02
347,0.93,1.88,0.48,0.59,1.26,1.94,3.18,2.93,2.4,2.66
348,0.54,1.32,0.96,0.41,0.8,1.48,3.18,2.95,1.86,2.7
349,0.67,1.08,2.9,0.48,1.1,1.94,3.2,2.94,1.15,2.32
350,0.8,1.12,2.3,0.63,1.46,2.74,3.19,2.78,1.22,2.4
351,1.57,0.92,1.06,0.39,0.16,2.1,3.18,2.71,1.54,2.98
352,0.99,1.12,0.24,0.42,0.32,1.58,3.18,2.95,1.63,2.78
353,1.18,0.88,1.33,0.29,0.96,2.88,3.19,2.96,1.92,2.56
354,0.58,0.88,0.88,0.42,0.26,1.14,3.18,3.07,1.41,3.26
355,0.83,1.48,0.88,0.29,0.82,1.4,3.17,2.72,1.06,3.36
356,0.86,1.04,0.56,0.81,0.7,0.92,3.17,2.75,1.22,3.06
357,0.54,1.36,0.24,1.04,1.12,1.8,3.18,2.89,1.57,2.56
358,1.09,1.36,2.02,0.55,0.18,0.54,3.18,2.83,1.28,3.12
359,0.67,0.96,0.37,0.54,1.6,2.52,3.18,3.25,2.3,2.7
360,1.76,1.2,1.3,0.3,0.38,0.94,3.18,2.62,1.15,3.14
361,0.58,1.48,0.19,0.56,0.16,1.26,3.18,2.82,1.66,2.7
362,1.09,1.6,1.3,0.53,1.82,2.26,3.18,2.8,1.6,2.54
363,0.99,2,2.13,0.64,1.82,2.6,3.19,2.67,1.5,2.46
364,0.83,1.16,0.16,0.37,0.72,1.28,3.17,3.01,1.41,3.28
365,0.46,1.96,0.86,0.55,1.44,2.18,3.18,3.17,1.41,2.88
366,1.12,2.12,1.62,0.61,0.98,2.02,3.19,2.73,1.28,2.5
367,1.31,0.88,0.77,0.59,1.3,1.9,3.18,2.79,1.98,2.46
368,0.74,1,0.22,0.56,1.14,1.88,3.18,3.04,1.73,2.72
369,0.93,1,1.7,0.45,0.86,1.6,3.18,2.94,1.09,2.7
370,0.58,1.2,0.19,0.53,1.3,2.66,3.18,2.7,1.22,2.48
371,1.02,0.92,1.54,0.3,0.7,1.58,3.18,2.82,1.7,3.26
372,0.35,1.36,2.25,0.46,1.1,1.52,3.19,2.73,1.89,2.94
373,1.47,1.04,1.01,1.68,1.3,2.12,3.18,2.79,1.5,2.66
374,1.79,1.04,1.74,0.69,1.46,2.58,3.19,2.86,1.41,2.5
375,0.74,1.24,0.72,0.53,1.12,1.66,3.18,2.94,2.05,2.88
376,0.9,1.84,2.46,0.67,0.86,2.36,3.2,2.9,1.86,2.4
377,1.41,0.96,1.94,0.64,1.82,2.8,3.19,2.71,1.6,2.54
378,0.7,2.96,0.43,0.5,1.12,1.92,3.17,2.94,1.31,3.26
379,0.77,0.96,0.29,0.54,0.78,1.22,3.18,2.94,1.38,2.64
380,0.48,1.68,0.27,0.51,1.3,2.06,3.18,2.66,1.92,2.78
381,0.67,1.48,0.51,0.24,0.54,1.06,3.17,3.02,1.5,3.2
382,0.64,1.6,0.3,0.17,0.54,1.3,3.17,2.99,1.76,3.22
383,0.86,1.6,0.19,0.87,1.12,1.66,3.18,2.95,1.5,2.7
384,0.83,2,1.82,0.33,0.66,1.24,3.18,2.87,1.57,2.8
385,0.64,1.2,0.14,0.22,0.1,0.38,3.17,2.85,1.15,3.2
386,0.8,1.48,2.16,0.69,1.38,2.56,3.19,2.66,1.41,2.42
387,0.8,2,1.22,0.54,1.44,2.46,3.18,2.82,1.44,2.46
388,1.06,0.84,0.16,0.61,1.04,1.98,3.18,2.78,1.44,2.5
389,0.8,1.48,0.42,0.57,0.64,1.76,3.18,2.7,1.7,2.98
390,0.64,1.76,0.16,0.65,0.64,1.48,3.18,2.74,1.02,2.98
391,0.8,1.96,1.44,0.5,0.82,2.46,3.19,2.97,1.57,2.66
392,0.83,1.24,0.58,0.29,0.58,1.34,3.17,2.66,1.5,3.22
393,0.96,1.96,1.31,0.63,1.3,2.5,3.19,3.13,1.86,2.58
394,0.86,0.96,0.19,0.5,0.54,1.36,3.18,2.91,1.34,2.9
395,1.76,0.56,1.33,0.37,0.94,2.18,3.18,3.14,1.63,3.34
396,0.74,1.4,1.65,0.48,1.44,1.86,3.19,2.87,1.5,2.46
397,1.15,1.4,1.38,0.43,0.98,1.66,3.18,2.66,1.02,3.3
398,1.57,1.96,1.12,0.49,0.78,1.98,3.18,2.86,1.06,2.66
399,0.74,1.16,0.5,0.26,0.5,1.18,3.17,2.89,1.63,2.98
400,0.77,1.64,1.39,0.41,0.78,1.98,3.18,2.86,1.98,2.64
401,0.9,1.04,0.27,0.48,0.9,1.74,3.18,3.05,1.6,2.86
402,0.77,1.12,1.84,0.57,0.9,2.18,3.19,2.94,1.44,2.54
403,0.8,1.16,0.18,0.78,1.04,1.66,3.18,2.97,1.86,2.94
404,0.45,1.52,0.16,0.47,0.58,1.08,3.17,2.7,1.73,3.04
405,0.96,1.96,1.97,0.56,1.34,1.92,3.19,2.74,1.82,2.72
406,1.06,1.76,1.42,0.63,1.38,2.18,3.18,2.75,1.54,2.56
407,0.64,1.08,1.74,0.43,0.78,1.74,3.18,2.77,1.41,2.8
408,0.8,1.12,2.3,0.63,1.46,2.74,3.19,2.78,1.22,2.4
409,1.18,2.8,1.94,0.45,0.56,2.1,3.19,2.66,2.34,2.48
410,0.64,1.72,2.4,0.61,1.6,2.46,3.2,2.91,2.53,2.34
411,0.7,1.24,1.01,0.33,1.1,1.74,3.18,2.74,1.57,2.88
412,0.96,1.88,0.22,0.56,1.34,2.5,3.18,2.83,1.44,2.54
413,0.74,2.72,1.76,0.54,0.98,1.78,3.19,2.66,1.22,2.34
414,1.44,2.6,1.55,0.91,0.3,2.12,3.18,2.7,1.54,2.5
415,0.9,1.24,0.34,0.53,0.74,2.78,3.18,2.87,2.05,2.62
416,0.58,1.24,2.77,0.63,0.86,2.62,3.2,2.78,1.47,2.4
417,0.77,1.8,0.61,0.31,0.56,1.7,3.18,3.15,1.57,2.98
418,0.86,1.48,0.14,0.29,0.3,0.66,3.16,2.93,1.06,3.5
419,0.64,1.24,0.26,0.43,0.9,1.54,3.17,2.89,1.25,3.2
420,1.39,1.52,1.47,0.66,1.76,3.24,3.19,2.87,1.73,2.42
421,0.8,1.56,3.03,0.43,1.12,2.06,3.2,2.64,1.5,2.4
422,1.12,1,0.9,0.37,0.62,1.6,3.18,2.61,2.11,2.74
423,0.51,2.92,0.16,1.58,1.54,2,3.18,2.74,0.96,2.46
424,0.64,1.6,0.24,0.42,0.94,1.42,3.18,3.07,1.6,3.04
425,0.64,1.6,1.23,0.37,1.36,2.34,3.18,2.86,0.86,3.04
426,1.97,0.4,0.22,0.78,0.66,2.06,3.18,2.85,1.54,2.58
427,1.02,2.48,1.7,0.41,1.5,2.04,3.19,2.78,1.41,2.38
428,0.7,1.28,0.35,0.32,0.96,1.22,3.17,2.9,1.89,3.18
429,0.9,1.32,0.19,0.45,0.42,1.3,3.17,2.73,1.25,3.12
430,1.02,1.2,0.3,0.38,1.1,1.9,3.17,2.93,1.34,3.42
431,0.42,0.88,2.03,0.66,0.64,2.44,3.18,2.95,1.34,3.12
432,0.99,1.36,1.09,0.67,1.36,2.86,3.18,2.96,1.79,2.74
433,0.74,2,1.66,0.49,1.62,1.76,3.18,2.54,1.47,2.42
434,1.31,2.64,1.73,0.58,2.06,2.58,3.19,2.71,1.47,2.32
435,0.83,2.32,1.26,0.47,1.66,2.4,3.19,2.73,1.22,2.4
436,1.12,1.44,0.26,0.43,0.3,1.66,3.18,2.89,1.54,2.94
437,0.54,1.36,0.32,0.46,1.02,1.48,3.17,2.88,1.44,3.44
438,1.06,1.08,0.13,2.11,0.32,2.5,3.18,2.78,1.98,2.5
439,0.48,1.56,0.29,0.49,0.56,2.12,3.18,3.13,1.5,2.66
440,0.8,0.72,0.22,0.64,0.34,1.82,3.18,2.77,1.34,2.54
441,0.93,1.28,0.93,0.46,0.42,1.5,3.18,2.7,1.86,2.98
442,0.77,1.2,0.19,0.42,0.3,1.26,3.17,2.63,1.15,3.34
443,0.77,1.4,0.19,0.43,0.58,2.22,3.17,2.75,1.54,2.82
444,1.06,1.36,0.32,0.5,1.62,2.28,3.17,2.89,1.7,3.54
445,0.72,0.96,1.57,0.62,1.58,1.86,3.18,2.82,1.25,2.72
446,1.25,0.96,0.43,0.19,0.58,1.06,3.17,2.7,1.18,3.06
447,0.7,2.88,1.09,0.48,0.88,2.24,3.18,2.78,1.15,2.46
448,0.74,1.12,1.54,0.29,0.7,1.62,3.18,2.91,1.22,3.02
449,0.61,1.04,1.42,0.45,1.12,2.42,3.18,2.82,1.47,2.64
450,0.86,1,0.93,0.43,1.38,2.06,3.18,2.91,1.22,2.5
451,0.42,1.08,0.42,0.4,0.86,1.02,3.18,2.86,2.43,3.02
452,0.54,1.08,0.74,0.57,0.62,1.3,3.18,2.74,1.5,2.54
453,1.09,0.92,1.01,0.45,0.98,1.9,3.18,2.83,2.08,2.66
454,0.67,1.36,1.9,0.49,0.98,2.84,3.18,2.74,1.6,2.56
455,1.22,0.92,1.04,0.57,0.48,1.36,3.18,2.75,1.76,2.98
456,0.96,1.68,1.18,0.29,1.36,2.34,3.18,2.7,1.02,3.04
457,0.96,0.68,0.45,0.46,0.64,1.66,3.18,2.67,1.47,2.4
458,0.9,1.04,0.3,0.56,0.32,1.14,3.18,2.8,1.22,2.5
459,0.9,1.04,2,0.53,1.28,2.38,3.19,2.75,1.66,2.4
460,0.7,1.96,0.61,0.48,0.7,1.4,3.18,2.75,1.25,2.8
461,0.67,1.2,0.9,0.5,1.14,2.14,3.18,3.2,1.31,2.82
462,0.99,1.24,0.15,0.24,1.38,1.98,3.17,2.61,1.02,3.06
463,0.83,1.32,0.24,0.54,1.18,2.22,3.18,2.78,1.41,2.8
464,0.99,1.24,1.58,0.46,0.26,2.34,3.18,3.07,1.76,3.04
465,1.78,1.04,0.72,0.61,0.46,1.68,3.18,2.88,1.47,2.42
466,0.74,1.32,2.05,0.64,1.18,2.26,3.19,3.04,1.34,2.62
467,1.55,1.16,0.66,0.3,0.5,1.34,3.18,2.67,1.22,3.3
468,0.7,1.36,0.29,0.65,0.78,1.38,3.18,3.38,1.82,2.74
469,1.31,0.96,0.86,0.4,0.88,1.54,3.17,2.78,1.41,3.44
470,1.09,1.4,0.29,0.48,0.22,2.22,3.17,2.77,1.31,3.22
471,0.74,1.08,2.26,0.38,1.2,2.22,3.2,2.42,1.38,2.58
472,0.74,1.28,0.3,0.43,1.06,1.58,3.17,2.95,1.7,3.14
473,0.58,1.48,0.21,0.46,0.4,1.28,3.17,2.72,1.95,3.22
474,0.72,1.52,0.19,0.85,1.26,1.74,3.18,2.94,1.28,2.74
475,0.96,1.08,1.86,0.32,0.58,1.3,3.18,2.63,1.22,3.12
476,1.38,1.12,1.92,0.64,0.62,2.32,3.19,2.94,1.76,2.48
477,0.64,1.16,1.89,0.4,0.56,1.24,3.18,2.82,1.09,3.18
478,0.8,1.12,1.16,0.32,0.38,1.04,3.18,2.62,1.18,3.06
479,0.83,0.84,2.59,0.85,1.1,2.62,3.19,2.69,1.6,2.62
480,0.77,1.16,1.36,0.42,3.3,2.78,3.18,2.58,1.22,2.94
481,0.64,0.6,1.06,0.53,0.7,1.5,3.18,2.66,1.86,2.64
482,0.42,1.36,1.49,0.71,1.06,1.68,3.19,2.86,1.25,2.56
483,1.38,1.28,0.22,0.55,0.26,0.9,3.18,2.74,1.31,3.04
484,0.58,2.96,1.9,0.53,1.44,2.24,3.19,3.18,2.18,2.7
485,0.83,1.72,1.88,0.51,1.42,2.64,3.19,2.9,1.76,2.54
486,0.7,1.2,1.42,0.27,0.46,1.58,3.18,2.66,1.09,2.8
487,0.96,1.28,0.21,0.62,0.72,2.44,3.18,2.94,1.38,2.7
488,0.7,1,0.18,0.57,2.58,2.34,3.17,3.06,1.98,2.96
489,1.18,1.32,0.62,0.31,1.06,1.74,3.17,2.91,1.25,3.38
490,0.99,0.92,0.32,0.79,0.78,1.78,3.18,2.77,1.98,2.62
491,1.38,1.12,1.8,0.37,0.82,1.16,3.18,2.69,1.22,3.3
492,1.18,1.28,0.26,0.33,1.1,1.36,3.17,3.03,1.76,3.38
493,0.7,1.16,0.14,0.39,0.9,1.18,3.17,2.79,1.15,2.96
494,1.09,2.64,2.54,0.53,0.7,2.18,3.19,2.79,1.6,2.34
495,0.93,2.2,0.35,0.57,0.46,1.58,3.18,2.78,2.21,2.74
496,0.77,1.36,0.18,0.39,1.3,2.1,3.16,2.95,1.02,3.5
497,0.51,0.88,0.26,0.48,0.96,1.42,3.17,2.88,1.02,3.04
498,0.61,1.24,2.32,0.51,1.04,2.58,3.19,2.75,1.6,2.46
499,0.77,1.16,2.13,0.45,1.3,1.74,3.18,2.96,1.47,2.94
500,0.9,1.12,0.67,0.5,1.38,2.1,3.18,2.98,1.41,2.86
501,0.96,2,1.94,0.51,1.02,1.7,3.19,2.7,1.7,2.38
502,2.72,1.96,1.39,0.32,1.06,2.46,3.18,2.86,1.15,2.86
503,0.9,1.08,2.48,0.41,0.82,1.78,3.18,2.83,1.41,3.46
504,0.64,1.28,0.48,0.35,0.7,1.58,3.18,3.01,2.18,2.98
505,0.99,1.04,0.35,0.58,0.74,2.22,3.18,2.99,1.5,2.78
506,2.5,2,0.24,0.51,0.8,1.78,3.17,2.89,1.54,3.12
507,0.86,1.04,1.31,0.48,0.56,1.78,3.18,3.05,2.05,2.62
508,0.7,1,1.78,0.64,2.98,2.36,3.18,2.74,1.15,2.5
509,0.86,0.76,1.06,0.51,2.62,2.34,3.18,2.81,1.09,2.7
510,1.12,2.04,0.19,0.33,0.26,1.36,3.17,3.07,1.34,3.18
511,1.22,1.16,2.18,0.55,1.38,2.52,3.19,2.66,1.92,2.54
512,0.96,1.2,0.19,0.33,0.66,1.24,3.16,2.94,1.28,3.62
513,0.67,1.24,0.96,0.53,0.78,1.44,3.18,2.9,1.6,2.88
514,0.77,1.88,2.43,0.65,1.06,3.12,3.2,2.69,2.11,2.4
515,0.86,1.2,0.35,0.42,0.96,1.72,3.17,2.57,0.96,3.06
516,0.9,1,2.84,0.5,1.28,2.14,3.2,2.97,1.54,2.54
517,1.31,0,0.26,0.72,0.96,1.16,3.18,2.9,2.14,2.88
518,0.64,1.04,2.03,0.53,1.6,1.9,3.18,2.9,1.12,2.88
519,0.96,1.28,0.22,0.37,0.82,2.14,3.18,2.62,1.34,2.8
520,0.77,1.08,0.3,0.55,1.06,2.26,3.18,3.23,1.73,2.66
521,0.51,1.36,0.13,0.33,0.7,1.02,3.18,2.89,1.63,2.7
522,0.86,1.04,1.89,0.61,1.46,2.3,3.19,2.77,1.92,2.62
523,0.51,1.08,2.48,0.57,0.66,1.8,3.19,2.58,1.38,2.32
524,0.74,0.96,0.26,0.42,0.86,1.54,3.17,2.86,1.63,3.04
525,0.7,1.64,2.46,0.57,1.46,2.54,3.2,2.95,1.89,2.38
526,0.86,1.36,1.68,0.49,1.3,3.04,3.19,2.7,1.31,2.78
527,0.7,1.12,1.23,0.49,1.52,2.34,3.18,2.78,1.76,2.66
528,0.77,1.4,0.16,0.59,0.94,1.94,3.18,3.06,1.41,2.66
529,1.34,1.64,0.37,0.39,0.58,1.94,3.18,2.72,1.66,2.94
530,0.53,0.96,0.18,0.58,0.66,1.4,3.18,2.95,1.5,2.42
531,0.86,0.6,0.24,0.64,0.94,1.7,3.18,2.78,1.44,2.34
532,1.12,0.16,0.19,0.69,0.62,1.44,3.18,2.9,1.73,2.46
533,0.83,1.2,1.25,0.56,1.04,2.02,3.18,2.66,1.86,2.66
534,0.8,1.08,1.45,0.45,0.98,1.7,3.18,2.9,1.09,3.02
535,0.9,0.88,1.84,0.41,0.72,2,3.18,2.66,1.06,2.82
536,0.58,1.12,1.57,0.45,0.78,1.5,3.18,2.77,1.44,2.9
537,0.74,2.24,2.63,0.72,1.4,3.76,3.2,2.75,1.63,2.48
538,0.64,1.04,2.35,0.51,1.42,1.66,3.19,2.66,2.21,2.5
539,0.61,1.84,0.61,0.47,2.18,2.5,3.18,2.83,1.92,2.98
540,0.96,1.16,0.36,0.42,0.22,2.8,3.18,2.83,1.98,2.64
541,0.8,1.36,0.75,0.35,0.9,1.78,3.18,2.86,1.22,2.82
542,1.44,0.28,0.18,0.34,0.26,1.74,3.17,2.64,0.9,2.88
543,0.83,1.08,0.24,0.46,0.5,1.52,3.18,2.98,1.98,2.8
544,0.7,1.56,0.96,0.4,1.18,1.88,3.17,2.77,1.06,3.34
545,0.99,1.04,1.17,0.57,0.98,2.1,3.19,2.74,1.38,2.4
546,0.86,2.96,0.24,0.41,0.72,1.62,3.18,2.98,1.54,2.98
547,0.61,1.64,0.18,0.46,1.02,1.9,3.17,2.59,1.34,3.04
548,0.96,1.48,0.21,0.58,0.42,1.28,3.18,2.95,1.98,2.66
549,0.96,1.92,1.18,0.61,0.9,1.98,3.18,2.82,1.7,2.62
550,0.96,1.32,0.34,0.48,0.82,1.7,3.17,2.95,1.34,3.34
551,1.23,1,0.59,0.35,1.02,1.62,3.18,2.85,2.02,2.98
552,1.06,1.04,2.5,0.56,1.78,2.8,3.2,2.72,2.18,2.54
553,0.9,0.88,1.17,0.47,0.7,2.1,3.18,3.06,2.05,2.62
554,1.63,1.2,0.67,0.75,1.02,2.2,3.18,2.85,1.34,2.42
555,0.67,2.4,0.34,0.53,1.26,2.2,3.18,2.71,1.73,2.7
556,0.7,0.88,2.66,0.5,1.04,1.46,3.19,2.88,1.54,2.4
557,0.58,1.48,0.24,0.49,0.42,1.38,3.18,2.82,1.6,2.88
558,0.96,0.88,0.22,0.53,0.42,1.8,3.18,2.74,2.46,2.78
559,0.96,1,0.3,0.33,0.88,1.58,3.17,2.98,2.11,3.34
560,1.06,0.8,0.29,0.35,1.3,2.12,3.18,3.03,1.7,2.94
561,0.74,0.8,1.82,0.5,1.2,1.74,3.18,2.63,1.63,2.58
562,0.93,1.6,3.11,0.49,0.96,2.08,3.2,2.61,1.5,2.38
563,0.9,0.88,1.94,0.55,1.12,2.18,3.18,2.85,1.47,2.7
564,0.7,1.52,1.46,0.5,0.94,1.7,3.18,2.64,0.96,2.94
565,0.77,1.56,0.24,0.62,0.98,2.1,3.18,2.86,1.66,2.48
566,0.99,1.08,1.41,0.24,1.52,2.08,3.18,2.74,1.22,2.94
567,0.74,1.68,2.89,0.57,0.94,1.92,3.2,2.86,1.34,2.34
568,0.7,1.6,2.36,0.48,1.18,1.73,3.2,2.98,1.31,2.42
569,1.15,2.12,2.06,0.56,1.68,1.86,3.19,2.62,1.44,2.42
570,0.58,1.2,0.32,0.43,1.04,2.54,3.18,2.95,1.18,3.26
571,0.9,2.16,2.06,0.56,1.66,2.17,3.19,2.72,1.44,2.42
572,0.74,1.36,0.21,0.29,0.62,1.48,3.17,2.98,1.18,3.38
573,0.77,1.08,1.82,0.39,1.06,2.32,3.19,2.85,1.41,2.4
574,0.67,1.76,0.3,0.41,0.26,1.58,3.18,2.67,2.24,3.42
575,0.96,1.44,0.72,0.62,0.82,2.7,3.18,3.02,1.82,2.78
576,0.74,1.28,1.36,0.66,1.26,2.48,3.18,2.83,1.28,2.64
577,0.77,0.88,0.24,0.43,1.02,2.1,3.18,3.03,1.76,2.64
578,0.64,1.48,0.24,0.56,0.74,1.72,3.18,2.8,1.66,2.88
579,0.67,1.48,0.26,0.56,0.62,1.26,3.18,2.81,1.54,2.9
580,0.86,0.96,0.74,1.12,0.96,1.7,3.18,2.8,1.57,2.56
581,0.83,1.36,1.07,0.33,0.56,2.16,3.18,2.74,1.6,2.82
582,0.64,1.36,1.52,0.47,1.02,2.68,3.18,2.79,1.41,2.7
583,0.9,1.2,0.85,0.62,1.18,2.14,3.18,2.78,1.54,2.74
584,0.67,1.6,0.19,0.45,1.02,1.42,3.18,2.86,1.73,2.88
585,1.06,1.28,0.16,0.47,1.04,1.6,3.17,2.72,1.18,3.26
586,1.47,1.04,0.43,0.48,0.74,1.1,3.17,3.01,1.63,3.2
587,0.48,1.12,0.7,0.33,0.38,1.42,3.18,2.88,1.47,2.78
588,0.96,1.6,0.29,0.32,0.62,1.62,3.18,2.79,1.25,2.9
589,0.58,1.04,2.77,0.58,0.46,1.98,3.19,2.66,1.38,2.5
590,0.93,2.08,0.27,0.39,1.1,2.58,3.18,2.89,1.89,2.78
591,0.96,1.12,0.91,0.5,0.82,1.66,3.18,2.81,1.63,2.72
592,0.83,1.32,0.18,0.31,1.22,1.5,3.17,2.98,1.38,3.04
593,0.7,2.28,0.22,2.38,0.38,1.28,3.18,2.81,1.38,2.66
594,0.83,1.96,1.33,0.54,1.44,2.54,3.18,2.87,1.28,2.74
595,1.12,0.8,0.91,0.39,0.48,1.56,3.18,2.96,1.38,2.7
596,1.76,0.6,1.57,0.35,0.5,1.66,3.18,2.98,1.5,2.72
597,0.96,1.32,0.37,0.49,0.74,1.66,3.17,2.97,1.41,3.36
598,0.77,1.08,0.22,0.65,0.88,2.02,3.18,2.86,1.79,2.54
599,0.86,0.96,2.02,0.5,1.28,1.58,3.19,2.7,1.79,2.66
600,1.12,2.96,0.16,0.5,0.48,1.76,3.18,2.78,1.76,2.72
601,0.64,1.36,0.91,0.4,0.86,1.1,3.18,2.83,1.47,3.06
602,1.15,0.8,0.26,3.1,0.64,1.86,3.18,2.77,2.02,2.62
603,0.67,2.2,2.34,0.61,0.9,2.12,3.19,2.61,1.41,2.46
604,0.77,1.48,0.29,0.35,0.16,0.82,3.17,2.94,1.09,3.26
605,1.22,0.68,1.41,0.91,1.34,2.82,3.19,3.09,2.11,2.5
606,0.64,1.2,0.94,0.39,0.94,2.02,3.19,3.09,1.28,2.26
607,1.09,1,1.02,0.4,1.02,1.38,3.18,2.58,0.74,3.26
608,1.31,1.36,0.75,0.48,0.5,1.7,3.18,2.89,1.34,2.78
609,1.06,3.12,1.58,0.48,0.56,3.34,3.18,2.67,1.76,2.94
610,0.7,1.32,0.34,0.59,0.4,1.02,3.18,2.85,1.31,2.82
611,0.66,0.64,2.01,0.58,0.82,1.54,3.18,3.02,1.22,2.88
612,0.74,1.04,1.3,0.62,1.26,2.42,3.18,2.78,1.57,2.5
613,0.83,0.92,0.82,0.39,1.28,2.14,3.18,3.39,1.63,2.8
614,0.67,1.28,0.26,0.51,1.02,1.26,3.17,2.87,3.01,3.3
615,1.87,0.28,1.14,0.5,0.9,1.94,3.18,2.97,1.82,2.58
616,0.54,1.16,0.38,0.33,1.38,1.58,3.17,2.7,1.06,3.44
617,0.7,1.44,0.22,0.64,0.56,2.04,3.18,2.85,1.7,2.78
618,1.82,1.56,0.62,0.39,0.58,1.62,3.18,2.93,2.14,3.42
619,1.25,1.04,0.43,0.43,1.04,2.5,3.18,3.03,1.6,2.88
620,0.96,1.32,0.56,0.38,0.66,1.54,3.17,2.85,1.41,3.12
621,0.74,1.32,0.16,0.49,1.22,1.46,3.17,2.7,2.08,2.88
622,0.8,1.8,1.25,0.55,1.38,2.5,3.18,2.85,1.7,2.42
623,0.99,1.32,2.03,0.43,0.88,1.54,3.18,2.7,2.08,2.78
624,0.74,0.96,0.62,0.51,0.96,1.84,3.18,2.8,2.05,3.02
625,0.9,1.48,1.46,0.42,0.42,1.02,3.18,2.71,1.73,2.96
626,1.66,0.24,0.43,0.59,0.8,1.06,3.18,2.95,1.38,2.48
627,0.8,1.92,1.6,0.5,2.08,3.2,3.19,2.89,1.5,2.54
628,0.75,1.08,1.88,0.34,0.9,1.58,3.18,2.73,1.6,2.5
629,0.7,0.88,0.19,0.43,0.14,1.66,3.17,2.75,1.18,2.98
630,0.58,1.44,0.21,0.41,1.06,1.56,3.18,2.9,3.04,2.54
631,0.7,1.36,0.19,0.41,0.86,1.28,3.17,2.72,2.37,3.1
632,2.05,1.2,0.19,0.34,0.48,1.02,3.17,2.81,1.92,3.44
633,0.51,1.2,0.42,0.49,0.9,1.2,3.17,2.56,1.5,2.98
634,0.61,1.2,2.05,0.61,1.3,3.06,3.19,2.79,1.57,2.42
635,0.83,1.96,0.83,0.46,0.5,1.34,3.18,2.78,1.09,2.7
636,0.8,1.12,1.6,0.63,1.5,1.74,3.18,2.86,1.12,2.9
637,0.86,1.4,1.25,0.55,2.02,2.62,3.18,2.88,1.38,2.54
638,1.38,0.96,1.07,0.66,1.06,2.18,3.18,2.85,1.31,2.64
639,1.06,1.44,0.42,0.58,0.7,1.68,3.17,2.95,1.7,3.38
640,0.51,1.96,0.21,0.42,0.72,1.38,3.18,2.87,1.82,2.82
641,1.73,0.84,2.61,0.63,1.1,2.42,3.19,2.98,1.73,2.78
642,0.54,2.96,0.38,0.61,1.62,2.42,3.18,3.22,2.43,2.8
643,1.09,2.76,0.21,0.66,0.32,2.28,3.18,2.72,1.5,2.58
644,0.74,1.56,0.24,0.61,0.7,1.42,3.18,2.82,1.5,2.96
645,0.93,2.24,1.9,0.49,1.76,3.06,3.19,2.69,2.02,2.48
646,0.61,1.56,0.19,0.41,0.86,1.14,3.18,2.81,1.6,2.8
647,0.94,0.8,0.35,0.56,0.48,1.78,3.18,2.86,2.18,2.66
648,0.64,1.52,0.21,0.39,0.98,1.38,3.16,2.77,1.66,3.38
649,0.38,1.44,0.34,0.5,1.26,1.94,3.18,2.9,2.37,3.04
650,1.09,1.96,1.17,0.51,1.62,2.74,3.18,2.74,1.28,2.4
651,0.58,1.24,0.26,0.56,0.96,1.7,3.18,3.2,2.14,2.78
652,0.8,1.32,0.34,0.24,0.46,1.02,3.17,2.9,1.44,3.28
653,0.61,1.56,0.19,0.41,0.86,1.14,3.18,2.81,1.6,2.8
654,0.7,1.32,0.32,0.51,0.82,1.34,3.18,3.04,1.76,3.04
655,0.48,1.12,2.35,0.58,0.78,1.98,3.19,2.63,1.25,2.4
656,0.74,1.56,2.27,0.66,1.3,2.56,3.19,2.65,1.54,2.4
657,0.7,1.64,1.07,0.39,1.04,1.54,3.18,2.82,1.47,3.06
658,1.34,0.76,1.1,0.47,1.66,2,3.18,2.87,1.18,2.66
659,0.72,1.6,0.67,0.34,0.78,1.58,3.17,3.18,1.15,3.42
660,0.8,1.8,0.37,0.51,1.06,1.58,3.17,2.81,1.54,3.18
661,0.99,1.96,2.46,0.53,0.34,1.58,3.2,2.82,1.44,2.54
662,1.09,0.64,1.12,0.42,0.7,1.54,3.18,3.07,1.44,2.66
663,0.7,0.8,2.56,0.5,1.1,1.5,3.19,2.86,1.47,2.38
664,0.93,0.92,0.18,0.5,1.02,2.4,3.17,2.91,1.09,3.18
665,1.06,1.28,1.3,0.43,0.24,0.46,3.17,2.86,1.15,3.38
666,1.5,1.16,2.37,0.27,0.58,1.9,3.18,2.78,1.54,3.2
667,1.95,1.52,1.94,3.44,0.64,2.94,3.2,2.62,1.54,2.46
668,1.25,1.04,1.58,0.67,0.88,2.42,3.18,2.7,1.34,2.9
669,0.54,1.16,0.8,0.32,0.66,1.44,3.17,2.79,1.09,3.28
670,0.51,1.48,0.21,0.41,1.2,1.66,3.17,2.83,1.63,3.3
671,1.63,0.96,0.34,0.49,0.38,2.06,3.17,2.86,1.92,3.46
672,0.77,1.6,2.46,0.59,2.16,2.64,3.19,2.85,2.21,2.5
673,1.76,0.68,1.31,0.46,0.34,0.8,3.18,2.74,0.96,2.54
674,0.86,1,0.29,0.47,0.24,1.46,3.18,2.74,1.73,2.4
675,0.83,0.6,0.19,0.61,0.94,1.66,3.18,2.74,1.47,2.34
676,0.58,1.96,0.18,0.38,0.74,1.08,3.18,2.66,2.18,2.78
677,0.77,1.16,0.32,0.26,0.5,1.14,3.17,2.89,1.44,3.34
678,2.26,0.4,2.08,0.5,1.18,2.86,3.19,2.75,1.6,2.42
679,1.66,1.04,0.91,0.43,0.72,1.74,3.17,2.77,0.86,3.46
680,0.8,1.56,0.34,0.41,0.8,1.66,3.17,2.91,1.38,3.26
681,1.02,1.04,0.24,0.65,0.46,1.88,3.18,2.88,1.15,2.86
682,0.96,1.16,0.45,0.29,0.98,1.42,3.18,2.94,2.02,3.02
683,0.83,0.96,1.47,0.5,1.46,2.02,3.18,2.94,1.22,2.5
684,0.96,1.96,0.26,0.51,0.82,1.34,3.18,3.02,1.89,2.72
685,0.86,1.84,1.78,0.61,1.18,2.36,3.19,2.82,2.14,2.5
686,0.9,1,2.06,0.62,0.9,2.52,3.19,2.89,1.38,2.4
687,0.77,1.36,0.75,0.46,1.14,2.14,3.18,2.85,1.89,2.82
688,1.02,1.4,0.22,0.57,0.22,2.18,3.18,2.88,1.34,2.86
689,0.9,1.68,0.29,0.35,0.8,1.24,3.18,2.74,1.25,3.04
690,0.7,1.28,0.94,0.62,1.06,2.02,3.18,2.85,1.82,2.88
691,0.83,0.72,0.22,0.39,0.48,1.8,3.18,2.95,1.12,2.72
692,0.77,1.48,0.98,0.31,1.02,1.5,3.17,2.83,1.09,3.3
693,0.93,1.28,0.22,0.25,0.46,0.62,3.17,2.98,1.12,3.06
694,0.77,1.88,0.21,0.49,0.48,1.74,3.18,2.83,1.44,2.94
695,0.96,1.8,0.56,2.25,2.02,2.4,3.18,2.69,1.25,2.42
696,0.7,1.32,0.27,0.47,1.78,2.18,3.18,2.95,1.79,2.78
697,1.66,2.16,1.26,0.41,0.62,2.26,3.18,2.9,1.5,3.26
698,1.34,0.8,0.22,0.69,0.4,2.24,3.18,2.72,1.28,2.5
699,0.83,1.04,0.35,0.4,0.26,0.96,3.17,2.77,1.54,3.24
700,0.74,1.96,1.25,0.4,0.58,1.26,3.18,2.7,1.09,3.2
701,0.45,1.96,0.94,0.61,0.58,1.58,3.18,2.98,1.15,2.5
702,0.7,1.96,1.66,0.55,1.38,2.6,3.19,2.94,1.41,2.72
703,1.09,2.96,1.79,0.79,1.18,2,3.19,2.66,2.59,2.46
704,0.67,1.96,0.29,0.43,1.18,2.02,3.17,2.95,1.41,3.36
705,1.54,1.28,0.22,0.24,0.58,1.62,3.17,2.8,1.7,3.38
706,0.64,1.52,0.16,0.42,0.56,0.98,3.18,2.86,1.18,2.94
707,0.8,0.96,0.27,0.55,0.7,1.66,3.18,2.99,1.92,2.7
708,0.83,0.76,1.31,0.58,1.42,2.5,3.18,2.81,1.66,2.58
709,1.31,0.2,0.24,0.72,0.46,1.6,3.18,2.86,1.79,2.46
710,0.7,1.44,0.88,0.33,0.8,1.4,3.18,2.85,1.5,3.14
711,1.34,1.04,1.47,0.66,0.9,2.66,3.19,2.79,1.76,2.48
712,0.54,1.28,0.26,0.61,1.26,2,3.18,2.93,2.43,2.56
713,1.28,1.28,0.27,0.4,1.04,1.12,3.17,3.19,1.54,3.38
714,1.02,1.24,0.27,0.41,1.22,2.6,3.18,2.7,1.54,2.8
715,0.96,1.96,0.75,0.41,0.46,1.4,3.18,2.9,2.18,3.3
716,1.06,1.64,0.32,0.31,0.38,1.06,3.17,2.9,2.02,3.3
717,0.54,1.08,0.24,0.42,0.54,1.3,3.18,3.07,1.34,2.94
718,0.7,2.12,2.42,0.59,0.58,1.82,3.19,2.62,1.12,2.5
719,1.31,0.92,2.37,0.62,0.74,2.32,3.2,2.82,1.57,2.58
720,1.02,0.92,2.59,0.63,0.96,2.34,3.19,2.9,1.73,2.42
721,0.45,1.36,0.21,0.63,1.34,2.04,3.18,2.93,2.56,2.56
722,0.99,1.12,0.22,0.4,0.74,1.42,3.16,2.66,1.28,3.52
723,1.09,0.8,0.93,0.71,1.38,2.7,3.18,2.82,1.41,2.62
724,1.22,0.56,0.62,0.69,0.72,1.5,3.18,2.73,1.09,2.46
725,0.74,1.2,0.29,0.38,0.42,1.22,3.17,2.91,1.28,3.14
726,0.8,2.04,1.28,0.54,1.62,2.52,3.18,2.86,1.57,2.46
727,0.58,0.76,0.75,0.53,1.52,2.14,3.18,2.95,2.11,2.8
728,0.99,1.36,1.18,0.67,0.96,2.32,3.19,3.07,1.98,2.96
729,0.86,2.96,0.21,1.98,0.9,1.62,3.18,2.7,1.47,2.46
730,1.63,1.16,1.81,0.39,1.62,2.98,3.19,2.79,1.79,2.54
731,1.09,1.44,1.42,0.33,1.18,1.7,3.18,2.91,1.12,3.18
732,0.61,1.24,0.26,0.71,0.82,2.3,3.18,2.98,1.41,3.12
733,1.06,0.56,0.77,0.59,0.72,1.7,3.18,2.86,1.54,2.5
734,0.61,1.4,2.16,0.43,1.3,1.58,3.18,2.66,2.02,2.86
735,0.61,1.32,0.21,0.35,0.58,1.16,3.17,2.74,1.98,3.28
736,0.7,1.08,0.26,0.65,1.2,1.3,3.18,2.93,1.41,2.64
737,0.93,1.92,0.37,0.56,0.96,2.38,3.18,2.82,2.05,2.82
738,0.8,1.12,1.78,0.64,1.2,2.34,3.19,3.04,1.38,2.54
739,0.64,1.24,1.18,0.61,0.86,2.82,3.18,2.94,1.89,2.78
740,1.18,1.36,0.51,0.32,1.12,2.16,3.17,2.67,1.06,3.3
741,0.9,2.04,1.26,0.64,1.3,2.74,3.18,2.82,1.66,2.5
742,0.86,0.72,1.23,0.55,1.2,2.48,3.18,2.87,1.5,2.4
743,0.74,1,0.26,0.41,0.74,1.9,3.18,2.94,1.73,2.74
744,1.09,1.2,0.29,0.51,1.18,1.9,3.18,2.66,1.44,2.88
745,0.83,1.36,1.02,0.39,0.7,1.32,3.18,2.87,1.31,2.46
746,0.82,2.6,0.19,0.9,0.46,1.82,3.18,2.85,1.34,2.5
747,0.9,1.44,0.29,0.47,1.02,1.2,3.17,2.9,3.14,3.18
748,0.96,2.84,0.21,1.83,1.18,1.98,3.18,2.74,1.34,2.38
749,0.67,1.12,0.43,0.38,1.02,1.26,3.17,2.66,1.38,3.14
750,0.99,1.04,0.77,0.42,0.96,1.98,3.18,2.86,1.31,2.78
751,0.74,1.52,2.29,0.66,1.46,2.58,3.19,2.74,1.41,2.4
752,1.02,1.52,0.76,0.38,0.62,1.26,3.17,3.04,1.34,3.14
753,1.22,1.36,1.33,0.59,1.18,2.24,3.19,2.77,1.66,2.46
754,1.12,1.04,1.09,0.39,0.96,1.6,3.18,3.01,1.28,3.06
755,1.28,1.68,0.99,0.75,1.1,2.34,3.18,2.78,1.73,2.5
756,1.28,1.28,0.96,0.39,1.34,1.7,3.18,3.12,1.86,3.34
757,1.33,0.76,0.26,0.45,0.72,1.18,3.18,3.14,1.31,2.66
758,0.7,1.12,0.35,0.46,0.64,1.66,3.18,2.83,1.54,2.8
759,0.74,1.6,1.58,0.41,0.64,1.18,3.18,2.69,1.34,2.8
760,1.7,0.96,0.13,0.33,0.78,1.14,3.18,2.81,1.02,2.42
761,0.77,1.04,1.31,0.62,1.26,2.42,3.18,2.78,1.6,2.54
762,0.99,1.48,0.99,0.59,0.34,2.18,3.18,2.88,1.25,2.34
763,1.09,1.56,0.83,0.46,1.2,2.18,3.18,2.94,1.5,3.3
764,1.02,1.28,1.33,0.49,0.86,1.4,3.18,2.88,1.5,2.98
765,0.74,1.48,1.26,0.57,1.6,2,3.18,2.54,1.57,2.48
766,1.02,1.32,1.58,0.37,0.58,1.2,3.18,2.75,1.38,3.22
767,0.7,1.68,0.37,0.61,0.72,1.52,3.18,2.66,1.38,2.66
768,1.02,0.96,0.99,0.55,0.82,3.04,3.18,2.87,1.98,2.5
769,1.02,0.96,0.21,0.69,1.14,2.72,3.18,3.19,1.63,2.46
770,1.34,0.56,1.71,0.53,0.48,1.26,3.18,2.86,1.06,2.86
771,0.74,1.6,1.2,0.46,1.34,2.02,3.18,2.77,0.86,3.04
772,0.64,1.4,0.98,0.29,0.26,0.54,3.18,2.48,1.66,2.9
773,0.8,0.96,1.18,0.5,0.56,1.5,3.18,3.01,1.86,2.8
774,0.99,1.2,0.14,0.51,0.42,1.46,3.18,2.62,1.25,2.7
775,0.42,1.52,0.29,0.53,0.38,1.52,3.18,2.95,2.88,3.12
776,1.41,0.72,1.23,1.1,0.74,2.8,3.19,3.17,2.3,2.46
777,0.67,1.6,0.27,0.35,1.28,1.78,3.18,3.04,1.57,3.06
778,0.74,1.68,1.18,0.5,1.5,2.52,3.18,2.86,1.54,2.48
779,1.25,0.96,0.16,0.55,0.22,1.58,3.18,2.66,0.99,2.7
780,0.74,1.36,0.21,0.29,0.62,1.48,3.17,2.98,1.18,3.38
781,0.86,1.2,2.08,0.54,1.84,2.14,3.19,2.81,1.6,2.56
782,0.8,1.28,1.95,0.47,1.14,1.7,3.18,2.87,1.7,2.78
783,0.74,1.28,0.21,0.55,1.58,1.5,3.18,2.75,1.76,2.94
784,1.01,1.08,0.25,0.3,0.4,0.94,3.17,2.99,1.28,3.18
785,0.9,1.16,0.43,0.43,0.7,1.42,3.17,2.95,1.31,3.1
786,0.8,0.84,2.49,0.45,0.74,2.12,3.19,3.1,2.05,2.56
787,0.77,1.32,1.97,0.53,0.82,1.94,3.19,2.98,1.28,2.54
788,0.51,1.96,0.19,0.63,0.48,2,3.18,2.87,1.5,2.98
789,0.9,1.08,0.75,0.34,1.5,1.86,3.17,2.81,1.34,3.34
790,0.74,1.24,1.71,0.43,1.58,2.48,3.19,2.78,1.76,2.54
791,0.86,1.2,2.22,0.33,0.9,1.74,3.18,2.98,1.6,3.2
792,0.83,1.32,2.86,0.56,1.1,2.6,3.2,2.72,1.41,2.42
793,1.02,2,1.71,0.54,1.52,2.74,3.19,2.74,1.92,2.5
794,1.82,1.16,0.35,0.46,0.4,1.02,3.18,2.95,2.37,2.72
795,0.8,0.88,0.53,0.55,1.1,2.14,3.18,2.81,1.6,2.8
796,2.14,1.92,2.02,0.59,1.52,2.96,3.19,2.82,1.66,2.48
797,0.51,1.48,0.24,0.42,0.72,1.46,3.18,3.01,1.6,2.62
798,0.83,1.28,0.21,0.55,0.62,1.02,3.17,2.63,1.47,3.2
799,0.9,1.36,2.21,0.47,0.86,2.14,3.19,2.78,1.28,2.64
800,0.67,1.44,2.9,0.53,0.86,1.78,3.2,2.9,1.54,2.34
801,1.22,1.12,0.45,0.49,0.46,0.9,3.17,2.86,1.5,3.52
802,1.09,1.04,1.65,0.47,1.36,2.22,3.18,2.74,1.12,3.1
803,1.17,0.32,2.16,0.47,0.98,1.9,3.19,3.07,1.25,2.64
804,1.31,0.04,0.98,0.55,0.54,0.94,3.18,2.83,1.34,2.66
805,0.64,1.64,1.46,0.5,1.34,2.22,3.18,2.79,1.86,2.62
806,0.8,1.96,2.69,0.55,1.34,3.04,3.2,2.7,1.66,2.46
807,0.67,1.12,0.24,0.58,1.22,1.9,3.18,2.87,1.34,2.7
808,0.8,1.04,2,0.56,1.4,1.6,3.19,2.74,1.44,2.5
809,0.96,2,1.94,0.51,1.02,1.7,3.19,2.7,1.7,2.38
810,1.15,2.08,1.62,0.57,0.78,1.86,3.19,2.73,1.28,2.5
811,0.83,0.96,0.21,0.61,1.76,2,3.18,2.86,1.98,2.78
812,0.99,1.2,1.6,0.53,1.3,2.82,3.18,3.33,1.76,3.18
813,0.96,3.64,1.31,0.39,1.34,2.66,3.18,3.02,1.57,3.12
814,1.25,0.96,0.77,0.42,1.2,1.84,3.18,2.87,1.38,2.98
815,0.58,1.56,2.44,0.54,1.2,2.1,3.2,2.97,2.46,2.42
816,0.93,1.2,1.46,0.58,0.66,2.22,3.18,2.88,1.79,3.02
817,0.9,0.96,2.85,0.54,1.12,1.48,3.2,2.75,1.44,2.38
818,0.58,1.32,1.28,0.58,0.42,1.74,3.19,2.91,1.41,2.32
819,0.7,1,2.74,0.57,1.18,1.84,3.2,2.94,1.18,2.34
820,0.51,1.08,2.48,0.57,0.66,1.8,3.19,2.58,1.38,2.32
821,0.58,1.52,1.3,0.56,1.18,2.34,3.18,2.94,1.73,2.62
822,0.83,1.36,1.02,0.57,0.96,2.18,3.18,2.83,2.24,3.06
823,0.64,1.56,0.16,0.47,0.98,2.06,3.17,2.74,1.38,3.18
824,1.47,0.96,1.84,0.58,1.5,2.28,3.18,2.74,1.79,2.62
825,0.7,0.96,0.78,1.05,0.8,1.64,3.18,2.7,1.47,2.3
826,0.67,1.36,1.28,0.65,0.5,1.34,3.18,2.66,1.89,2.5
827,0.48,1.36,1.82,0.57,0.66,1.28,3.19,2.86,1.57,2.66
828,1.18,1.24,0.75,0.43,0.08,1.7,3.18,2.58,2.3,3.22
829,0.48,1.12,2.35,0.58,0.78,1.98,3.19,2.63,1.25,2.4
830,0.93,1.76,0.58,2.29,2,2.42,3.18,2.69,1.31,2.42
831,0.74,1,1.27,0.48,0.42,1.44,3.18,3.06,1.95,2.74
832,0.67,1.68,0.19,0.51,0.64,1.68,3.18,2.74,2.78,2.9
833,0.86,1.12,0.13,0.27,0.78,1.7,3.17,2.67,1.12,3.3
834,1.01,1.52,0.42,0.38,0.26,0.92,3.17,2.78,1.89,2.88
835,0.7,0.88,2.66,0.5,1.04,1.46,3.19,2.88,1.54,2.4
836,1.02,1.44,2.38,0.47,1.26,2.54,3.19,2.74,0.99,2.66
837,1.09,1.2,1.5,0.65,0.9,2.38,3.18,2.8,1.41,2.78
838,1.02,1.56,0.53,1.3,0.64,1.86,3.18,2.74,1.44,2.46
839,0.67,1.12,0.22,0.53,0.7,0.88,3.18,3.05,1.54,2.96
840,0.64,1.2,0.75,0.47,1.06,1.98,3.18,2.81,1.12,2.72
841,0.7,1.96,0.96,0.33,0.82,1.7,3.18,3.03,1.15,3.02
842,0.83,1.12,1.5,0.32,0.34,1.62,3.18,2.82,1.09,3.22
843,1.06,1.28,1.78,0.41,0.66,1.58,3.18,2.8,1.09,2.8
844,0.64,1.24,0.16,0.35,0.58,0.98,3.17,2.88,1.66,3.02
845,0.64,1.2,0.24,0.35,0.56,0.76,3.17,3.06,1.76,2.94
846,0.96,1.44,1.6,0.48,0.88,2.26,3.19,2.87,1.63,2.48
847,0.83,1.24,0.26,0.37,0.96,1.46,3.17,2.64,1.38,3.18
848,0.9,1.36,0.74,0.62,0.58,1.74,3.18,2.85,1.47,3.2
849,0.77,1.52,2.04,0.39,0.22,0.98,3.18,2.75,1.82,3.44
850,0.61,1.52,0.82,0.22,0.58,1.1,3.17,2.71,1.15,3.34
851,0.58,1.04,0.22,0.47,1.06,1.88,3.18,2.97,2.3,2.54
852,0.96,1.96,1.5,0.53,1.26,2.5,3.19,2.79,1.54,2.66
853,0.99,1.88,0.48,0.61,1.22,1.92,3.18,2.93,2.43,2.66
854,1.18,0.92,1.52,0.65,1.44,2.22,3.18,2.87,1.34,2.66
855,1.09,1.96,1.28,0.53,1.46,2.98,3.18,2.74,1.66,2.86
856,1.54,1.44,0.56,0.34,0.82,1.8,3.17,2.79,1.22,3.26
857,1.18,0.92,1.52,0.65,1.44,2.22,3.18,2.87,1.34,2.66
858,0.58,1.64,2.27,0.45,1.26,1.72,3.19,2.91,2.3,2.74
859,0.58,1.44,0.38,0.56,1.02,1.64,3.18,3.2,1.47,2.74
860,1.09,1.24,2.62,0.58,0.54,1.94,3.19,2.72,1.73,2.42
861,1.09,1.12,1.94,0.56,0.82,1.98,3.19,2.86,1.57,2.74
862,0.64,1.56,0.42,0.5,0.8,2.4,3.18,3.07,1.41,2.88
863,0.7,1.52,2.37,0.62,0.86,1.68,3.2,2.86,1.6,2.58
864,0.77,1.04,0.27,0.38,1.62,1.78,3.17,2.83,2.59,3.18
865,1.09,1.84,0.75,0.33,0.56,1.26,3.17,2.93,1.98,3.28
866,0.51,1,0.21,0.39,0.74,1.64,3.18,2.9,1.76,3.04
867,0.77,1.16,2.19,0.4,1.42,1.78,3.18,2.82,1.22,2.82
868,0.93,0.64,0.22,0.43,3.26,3.13,3.18,2.8,1.5,2.66
869,0.45,1.64,0.14,0.42,0.58,1.26,3.18,2.89,1.38,2.9
870,1.89,0.28,1.12,0.51,0.96,1.96,3.18,2.97,1.82,2.58
871,1.02,1.32,0.4,0.59,1.06,2.93,3.18,2.8,1.92,2.66
872,0.83,1.12,0.27,0.49,0.64,1.3,3.17,2.79,1.41,3.34
873,1.41,0.96,1.79,0.35,1.1,2.22,3.18,2.78,1.38,3.02
874,0.48,1.16,0.8,0.66,0.74,1.4,3.18,3.13,1.41,2.72
875,0.8,1.28,0.14,0.39,1.06,1.52,3.17,2.94,1.86,2.88
876,0.48,1.32,0.75,0.67,0.82,1.58,3.18,3.05,1.25,2.4
877,0.9,1.96,1.23,0.51,1.28,2.6,3.18,2.7,1.76,2.94
878,1.34,1.36,0.38,0.25,0.9,1.3,3.17,2.86,1.22,3.42
879,0.99,1.16,0.22,0.42,0.88,1.7,3.17,2.78,1.15,3.26
880,0.86,1.28,1.09,0.54,1.26,2.58,3.18,2.87,1.25,3.04
881,0.67,1.28,0.35,0.42,0.74,1.88,3.18,2.85,1.82,2.66
882,0.38,1.52,0.14,0.39,0.96,1.14,3.17,2.49,1.76,3.2
883,0.96,2.96,0.74,0.47,0.96,2.12,3.18,2.86,1.44,2.64
884,0.58,1.2,2.05,0.71,0.5,2.28,3.19,2.66,1.66,2.4
885,1.18,1.48,0.78,0.47,1.06,2.89,3.18,2.75,1.6,2.62
886,0.9,1.4,2.45,0.64,0.82,1.56,3.2,2.9,1.6,2.56
887,0.7,1.28,0.38,0.51,0.78,1.34,3.18,2.74,1.92,3.02
888,0.58,1.68,0.82,0.41,0.18,1.02,3.18,2.81,1.66,3.12
889,1.5,2.6,1.33,0.95,0.72,2.42,3.19,2.66,1.12,2.46
890,0.83,1.6,0.18,0.48,0.24,0.8,3.18,2.57,1.6,2.82
891,0.7,1.4,0.88,0.62,0.98,2.44,3.18,2.74,1.6,2.74
892,1.02,1.68,0.21,0.53,0.38,2.48,3.18,2.74,1.54,2.56
893,0.77,1.64,2.85,0.53,1.04,1.94,3.2,2.95,1.25,2.32
894,0.48,1.96,0.18,0.55,0.56,1.3,3.18,2.83,1.54,2.46
895,0.51,1.76,0.22,0.49,0.66,1.46,3.18,2.77,2.4,2.74
896,0.8,0.96,0.29,0.61,0.16,1.62,3.18,2.87,2.24,3.04
897,1.09,0.72,1.02,0.94,1.26,3.2,3.19,3.04,1.54,2.46
898,1.02,1.04,0.74,0.35,0.7,1.6,3.18,3.02,2.34,3.34
899,0.8,1.08,0.75,0.35,0.82,1.22,3.18,2.67,1.06,3.2
900,0.54,1.36,1.02,0.48,0.42,1.48,3.18,2.66,1.28,2.88
901,1.12,1.28,1.44,0.37,0.78,1.5,3.18,2.78,2.08,3.44
902,0.67,1.4,2.32,0.55,0.94,2.38,3.19,2.71,1.5,2.38
903,1.22,0.72,1.18,1.09,0.74,2.6,3.19,3.14,2.27,2.46
904,0.67,2.88,0.26,1.91,1.74,1.6,3.18,2.64,1.63,2.46
905,0.7,1.04,1.47,0.31,0.98,1.62,3.18,2.72,1.09,3.34
906,1.79,0.6,1.6,0.42,1.02,2.1,3.19,2.91,1.66,2.5
907,0.7,1.68,0.3,0.59,0.26,1.16,3.18,2.94,1.57,3.14
908,0.77,1.64,2.85,0.53,1.04,1.94,3.2,2.95,1.25,2.32
909,0.51,1.2,1.07,0.49,1.14,2.04,3.18,3.22,1.47,2.82
910,0.74,1.4,1.1,0.34,1.2,1.54,3.18,2.49,1.73,2.94
911,0.83,1.36,0.21,0.53,0.16,0.38,3.18,2.93,2.02,2.78
912,0.9,1.24,1.15,0.46,1.26,2.24,3.18,2.93,1.82,2.82
913,1.15,0.96,0.29,0.29,0.86,1.36,3.17,2.97,1.89,3.42
914,0.7,1.52,1.65,0.67,0.74,1.32,3.19,2.78,1.5,2.66
915,0.42,1.08,0.74,0.91,0.9,2.3,3.18,2.87,1.25,2.96
916,0.7,1.8,3.62,1.37,1.46,1.62,3.19,2.75,1.12,3.42
917,0.77,1.2,1.63,0.8,1.18,2.38,3.19,2.54,1.47,2.38
918,0.77,1.28,1.01,0.34,0.9,1.72,3.18,3.13,1.31,2.78
919,0.93,1.08,0.27,0.27,0.34,1.02,3.17,2.86,1.63,3.36
920,0.61,1.28,0.59,0.47,0.7,1.02,3.18,2.58,1.82,2.8
921,1.25,1.36,1.6,0.64,0.94,2.38,3.19,2.9,1.92,2.72
922,1.18,1.32,0.19,0.32,0.34,1.08,3.17,2.99,1.22,3.12
923,1.06,0.88,0.83,0.54,0.64,2.02,3.18,2.86,1.5,2.74
924,0.9,1.36,1.42,0.55,0.86,1.48,3.18,2.89,1.73,2.94
925,0.74,1.44,2.75,0.45,0.98,1.74,3.2,2.87,1.38,2.34
926,0.83,1.36,2.3,0.77,0.94,2.52,3.19,2.73,1.7,2.42
927,0.77,2.48,1.7,0.51,1.36,2.04,3.19,2.81,1.41,2.34
928,0.99,1.2,0.14,0.51,0.42,1.46,3.18,2.62,1.25,2.7
929,0.64,1.32,0.27,0.57,0.74,2.38,3.18,2.81,1.38,2.4
930,0.83,1.24,0.35,0.5,0.78,1.7,3.18,2.97,2.05,2.9
931,1.12,1.6,1.01,0.45,0.94,2.16,3.18,2.8,1.09,3.18
932,0.83,1.08,2.91,0.55,1.38,2.24,3.2,2.98,1.41,2.5
933,0.9,1.2,1.33,0.3,0.98,1.5,3.18,2.66,1.22,3.28
934,0.67,1.12,0.43,0.39,0.62,1.48,3.18,2.98,2.05,2.72
935,0.61,1.16,0.19,0.53,0.78,1.22,3.17,2.86,1.7,3.02
936,0.64,1.08,1.54,0.42,0.5,1.4,3.18,2.7,1.18,2.8
937,0.83,0.96,1.15,0.43,0.74,1.82,3.18,2.98,1.92,2.78
938,0.9,1.64,1.12,0.53,1.58,2.58,3.18,2.79,1.54,2.5
939,0.8,1.52,1.26,0.51,1.44,2.78,3.18,2.82,1.47,2.42
940,0.74,1.2,1.14,0.42,1.68,3.14,3.18,2.72,1.09,2.46
941,1.22,1,1.57,0.46,0.74,2.54,3.19,2.91,1.95,2.46
942,0.35,1.96,0.72,0.55,0.72,1.78,3.18,2.88,1.34,2.82
943,0.7,1.8,2.27,0.43,1.42,1.88,3.2,2.7,1.47,2.46
944,0.64,1.68,0.24,0.47,0.94,1.66,3.18,2.77,1.57,3.04
945,0.67,1.48,0.4,0.55,1.86,1.84,3.18,2.96,2.4,3.04
946,0.58,0.88,0.24,0.49,1.2,2.06,3.18,2.83,1.54,2.72
947,1.15,1.48,0.77,0.22,1.04,1.52,3.17,2.74,1.57,3.38
948,0.54,1.28,0.24,0.57,0.46,1.34,3.18,2.79,1.86,2.54
949,0.93,2.12,0.27,0.46,1.1,2.56,3.18,2.9,1.89,2.78
950,0.83,1.72,1.42,0.95,1.34,2.28,3.19,2.54,1.6,2.4
951,0.64,1.28,0.8,0.18,0.82,1.34,3.18,2.66,1.25,2.94
952,1.06,0.96,2.57,0.51,0.82,1.96,3.19,2.74,1.66,2.46
953,0.93,2.08,1.26,0.56,0.94,2.56,3.18,2.81,1.63,2.54
954,1.87,0.8,1.66,0.98,0.46,1.26,3.19,2.78,1.28,2.5
955,1.25,0.84,1.71,1.12,0.34,1.22,3.19,2.7,1.5,2.48
956,0.61,1.08,2.22,0.65,1.2,2.06,3.19,2.62,1.31,2.34
957,0.86,1.8,1.33,0.57,1.38,2.62,3.18,2.82,1.54,2.54
958,1.34,1.16,0.66,0.34,0.82,1.34,3.17,2.66,1.02,3.42
959,0.61,1.44,0.3,0.4,0.8,1.28,3.18,2.8,1.73,2.88
960,1.41,1.04,0.32,0.62,0.54,2.4,3.18,3.18,1.82,2.66
961,0.58,1.24,1.95,0.61,1.22,1.86,3.19,2.72,1.7,2.38
962,0.85,1.12,1.1,0.41,1.22,2,3.18,2.98,1.41,2.88
963,0.61,1.4,0.24,0.42,0.98,1.42,3.17,2.82,2.18,3.2
964,0.96,1.16,2.7,0.62,0.62,1.8,3.2,2.81,1.22,2.4
965,1.25,1.24,0.43,0.62,0.72,2.7,3.18,3.07,1.82,2.8
966,0.64,0.96,0.22,0.38,1.74,2.26,3.17,3.19,1.79,3.28
967,0.91,1.96,1.82,0.4,1.52,1.82,3.19,2.74,1.73,2.38
968,0.74,1.36,0.64,0.54,0.64,1.7,3.18,2.85,1.66,2.58
969,0.51,1.2,0.22,0.73,0.9,2.22,3.18,2.77,1.34,3.05
970,0.8,1.32,0.4,0.61,0.32,0.96,3.18,2.57,1.54,2.54
971,0.58,1.96,0.24,0.47,1.04,1.74,3.18,2.7,1.57,2.62
972,1.28,1.24,0.14,0.55,0.62,2.26,3.18,2.86,2.46,2.54
973,1.22,1.16,0.38,1.55,0.4,1.24,3.18,2.82,1.92,2.54
974,0.38,1.96,0.19,0.48,1.14,2.14,3.18,2.78,1.54,2.58
975,1.02,2.44,1.89,0.47,1.76,2.5,3.19,2.66,1.73,2.48
976,0.74,1.12,0.3,0.53,0.88,1.38,3.17,2.78,0.99,3.2
977,1.25,0.92,1.12,0.38,0.78,1.68,3.18,2.79,1.34,2.8
978,0.61,1.32,0.67,0.43,1.3,1.78,3.17,2.81,1.34,3.02
979,0.93,0.2,0.13,0.43,0.3,0.4,3.18,2.98,1.12,2.46
980,0.93,0.56,1.13,0.51,1.34,2.36,3.18,2.87,1.34,2.4
