0,0.0,1.0,3.0,0,0.0,0.18038827476214048,0.16129032258064516,0.24236252545824843,0.7435897435897436,0.0,2
1,0.0,0.0,0.0,0,0.0,0.45003574767640103,0.4838709677419355,0.36252545824847243,0.7435897435897436,1.0,1
1,0.0,0.0,0.0,0,0.0,0.12924159929604576,0.0,0.09368635437881873,0.7435897435897436,1.0,2
1,0.0,,,0,0.0,0.2534235274707144,0.0,0.3034623217922606,1.0000000000000002,1.0,2
0,1.0,1.0,0.0,0,1.0,0.29423087499312545,0.0,0.1955193482688391,0.7435897435897436,0.0,1
1,0.0,1.0,0.0,0,0.0,0.8100973436726613,0.0,0.17718940936863542,0.7435897435897436,1.0,2
0,0.0,1.0,1.0,0,0.0,0.44822086564373315,0.0,0.2912423625254582,0.6153846153846154,0.0,2
1,0.0,0.0,0.0,1,0.0,0.21036132651377662,0.3265806451612903,0.09368635437881873,0.7435897435897436,1.0,1
1,0.0,1.0,0.0,0,0.0,0.10493317934334268,0.2753548387096774,0.16089613034623218,0.7435897435897436,,0
1,0.0,1.0,0.0,0,,0.3358081724687895,0.0,0.30753564154786145,0.7435897435897436,,0
1,0.0,1.0,0.0,0,0.0,0.15673981191222572,0.4407741935483871,0.09572301425661914,0.358974358974359,1.0,2
1,0.0,1.0,1.0,0,0.0,0.5829621074630149,0.0,0.6171079429735234,0.7435897435897436,1.0,0
1,0.0,1.0,2.0,0,0.0,0.21206621569597978,0.19690322580645161,0.32382892057026474,0.7435897435897436,1.0,0
1,0.0,1.0,0.0,1,0.0,0.22207556508826928,0.0,0.21588594704684316,0.358974358974359,1.0,2
1,0.0,1.0,0.0,0,0.0,0.13584117032392895,0.28683870967741937,0.2871690427698574,0.7435897435897436,1.0,2
0,0.0,1.0,1.0,1,0.0,0.12979156354836938,0.2558709677419355,0.2668024439918533,0.358974358974359,1.0,0
1,0.0,1.0,1.0,0,0.0,0.5163064400813947,0.0,0.36252545824847243,0.7435897435897436,1.0,0
0,0.0,1.0,0.0,0,0.0,0.18935269207501515,0.5504516129032259,0.2505091649694501,0.358974358974359,0.0,1
1,0.0,0.0,3.0,1,0.0,0.2506187097838641,0.25716129032258067,0.28309572301425656,0.7435897435897436,1.0,2
1,0.0,1.0,0.0,0,0.0,0.3049551779134356,0.5376774193548387,0.33808553971486754,0.7435897435897436,1.0,2
1,0.0,1.0,1.0,1,0.0,0.0994335368201067,0.3143225806451613,0.24847250509164964,0.7435897435897436,1.0,1
1,0.0,1.0,0.0,0,0.0,0.20398174118682286,0.42580645161290326,0.27087576374745415,0.358974358974359,1.0,1
1,0.0,1.0,0.0,0,0.0,0.12588681735687182,0.4300645161290323,0.24439918533604882,0.7435897435897436,1.0,1
1,0.0,1.0,0.0,0,0.0,0.12374195677280976,0.27961290322580645,0.21588594704684316,0.7435897435897436,1.0,2
1,0.0,1.0,2.0,1,0.0,0.19386239894406865,0.031225806451612905,0.2016293279022403,0.7435897435897436,1.0,2
1,1.0,1.0,0.0,0,0.0,0.17961832480888743,0.36335483870967744,0.21181262729124234,0.7435897435897436,,2
1,0.0,1.0,,1,0.0,0.14986525875818074,0.22580645161290325,0.1955193482688391,0.7435897435897436,1.0,2
0,0.0,1.0,3.0,0,0.0,0.16592421492602982,0.5161290322580645,0.34826883910386963,0.6153846153846154,0.0,2
1,0.0,1.0,0.0,0,0.0,0.09123906946048507,0.24103225806451614,0.164969450101833,0.7435897435897436,1.0,0
1,0.0,1.0,2.0,0,0.0,0.6383435076720013,0.0,0.36252545824847243,0.358974358974359,1.0,0
0,0.0,1.0,1.0,0,1.0,0.5699279546829455,0.49677419354838714,0.30753564154786145,0.358974358974359,0.0,0
1,0.0,1.0,0.0,0,0.0,0.19936204146730463,0.0,0.20570264765784113,0.7435897435897436,1.0,2
1,0.0,1.0,,0,0.0,0.7424517406368586,0.0,,0.7435897435897436,1.0,0
0,1.0,1.0,0.0,0,0.0,0.23005004674696147,0.31625806451612903,0.20570264765784113,0.7435897435897436,1.0,0
0,,1.0,2.0,0,0.0,0.149755265907716,0.2415483870967742,0.2505091649694501,0.7435897435897436,0.0,2
1,1.0,1.0,0.0,0,0.0,0.19111257768245066,0.0,0.2016293279022403,0.7435897435897436,1.0,2
0,0.0,0.0,0.0,1,0.0,0.3242039267447616,0.0,0.21588594704684316,0.7435897435897436,0.0,1
0,0.0,0.0,0.0,0,1.0,0.8854424462409943,0.0,0.3727087576374745,0.7435897435897436,0.0,0
1,0.0,1.0,1.0,0,0.0,0.1740636858604191,0.0,0.17718940936863542,0.7435897435897436,1.0,2
1,0.0,0.0,0.0,0,0.0,0.18423802452840565,0.0,0.14663951120162932,0.6153846153846154,1.0,2
1,1.0,1.0,0.0,0,0.0,0.11989220700654458,0.5788387096774193,0.18533604887983707,0.7435897435897436,1.0,2
1,0.0,1.0,0.0,0,1.0,0.15673981191222572,0.0,0.11608961303462322,0.7435897435897436,1.0,0
1,0.0,1.0,3.0,0,0.0,0.30539514931529455,0.0,0.24236252545824843,0.7435897435897436,1.0,0
1,1.0,1.0,1.0,0,0.0,0.17466864653797504,0.11780645161290323,0.1955193482688391,0.15384615384615388,1.0,2
1,0.0,1.0,3.0,1,1.0,0.17505362151460158,0.27948387096774197,0.24643584521384926,0.7435897435897436,,2
1,0.0,1.0,3.0,0,0.0,0.18236814607050544,0.44232258064516133,0.2871690427698574,0.7435897435897436,1.0,1
1,0.0,0.0,0.0,0,0.0,0.12187207831490952,0.3265806451612903,0.2586558044806517,0.7435897435897436,1.0,2
1,0.0,1.0,0.0,0,0.0,0.2113512621679591,0.4224516129032258,0.4032586558044806,0.7435897435897436,1.0,2
0,0.0,1.0,0.0,0,0.0,0.4500907441016334,0.0,0.30753564154786145,0.7435897435897436,1.0,2
0,1.0,0.0,3.0,1,0.0,0.09239399439036462,0.0,,0.7435897435897436,0.0,0
1,0.0,1.0,0.0,0,0.0,0.20849144805587638,0.3014193548387097,0.25458248472505085,0.7435897435897436,1.0,2
0,0.0,1.0,3.0,1,0.0,0.15382500137491065,0.21470967741935484,0.12423625254582484,0.358974358974359,0.0,0
1,0.0,0.0,0.0,0,1.0,0.27586206896551724,0.0,0.24236252545824843,0.7435897435897436,1.0,2
1,0.0,0.0,0.0,1,0.0,0.19787713798603093,0.2152258064516129,0.20570264765784113,0.7435897435897436,1.0,2
0,0.0,1.0,0.0,0,0.0,0.1088929219600726,0.8601290322580646,0.12423625254582484,0.358974358974359,1.0,2
0,0.0,1.0,0.0,1,1.0,0.23065500742451742,0.09496774193548388,0.15885947046843174,0.7435897435897436,1.0,2
1,0.0,1.0,1.0,1,0.0,0.11488753231039982,0.32567741935483874,0.24236252545824843,0.7435897435897436,1.0,0
0,0.0,1.0,0.0,0,0.0,0.3217290876093054,0.2903225806451613,0.5213849287169042,0.7435897435897436,,2
0,0.0,1.0,0.0,0,0.0,0.0,0.23225806451612904,0.2566191446028513,0.7435897435897436,1.0,1
1,1.0,0.0,0.0,0,0.0,0.15124016938898974,0.0,0.12627291242362526,0.7435897435897436,1.0,1
1,0.0,1.0,0.0,1,0.0,0.0942088764230325,0.13432258064516128,0.18126272912423624,0.7435897435897436,1.0,2
1,0.0,1.0,2.0,0,0.0,0.1677390969586977,0.0903225806451613,0.12423625254582484,0.7435897435897436,1.0,0
0,0.0,1.0,0.0,0,,0.1863828851124677,0.1775483870967742,0.09368635437881873,0.7435897435897436,1.0,1
1,0.0,0.0,0.0,0,0.0,0.13067150635208713,0.23006451612903225,0.27698574338085535,0.7435897435897436,1.0,1
0,0.0,0.0,1.0,1,1.0,0.2146510476819007,0.3130322580645161,0.3034623217922606,0.7435897435897436,0.0,0
1,0.0,1.0,0.0,0,0.0,0.11686740361876478,0.26670967741935486,,0.7435897435897436,1.0,0
0,0.0,1.0,2.0,0,0.0,0.2428642138261013,0.0,0.18533604887983707,0.7435897435897436,1.0,0
0,0.0,1.0,0.0,0,0.0,0.18957267777594458,0.2783225806451613,0.2240325865580448,0.7435897435897436,0.0,1
0,0.0,1.0,2.0,0,1.0,0.1416707913985591,0.0,0.19755600814663948,0.7435897435897436,0.0,2
1,0.0,0.0,1.0,0,,0.19342242754220976,0.0,0.21181262729124234,0.358974358974359,1.0,0
1,0.0,0.0,0.0,0,0.0,0.5146565473244239,0.0,0.36252545824847243,0.7435897435897436,1.0,1
0,0.0,1.0,1.0,0,0.0,0.10251333663311885,0.3774193548387097,0.21181262729124234,0.7435897435897436,1.0,0
1,0.0,1.0,0.0,0,0.0,0.13380630259033163,0.2729032258064516,0.2260692464358452,0.7435897435897436,,0
1,0.0,1.0,0.0,1,0.0,0.17906836055656383,0.5699354838709678,0.2321792260692464,0.7435897435897436,1.0,2
1,0.0,1.0,1.0,0,0.0,0.1796733212341198,0.22580645161290325,0.36048879837067205,0.7435897435897436,1.0,0
0,0.0,0.0,0.0,0,0.0,0.19798713083649563,0.6129032258064516,0.340122199592668,0.7435897435897436,1.0,0
1,0.0,1.0,2.0,1,0.0,0.1613045152065116,0.279741935483871,0.2382892057026476,0.7435897435897436,1.0,0
1,0.0,0.0,0.0,1,0.0,0.19083759555628885,0.0,0.032586558044806514,0.2307692307692308,1.0,2
1,0.0,1.0,2.0,0,0.0,0.4087884287521311,0.0,0.36252545824847243,0.7435897435897436,1.0,0
1,,1.0,1.0,0,1.0,0.5325303855249408,0.23651612903225808,0.3523421588594704,0.358974358974359,1.0,0
0,0.0,1.0,1.0,0,0.0,0.1636143650662707,0.33329032258064517,0.3279022403258655,0.7435897435897436,1.0,2
0,1.0,1.0,1.0,0,1.0,0.6242094263872848,0.0,0.5641547861507128,0.7435897435897436,0.0,0
1,0.0,0.0,0.0,0,0.0,0.25809822361546503,0.4910967741935484,0.2892057026476578,0.7435897435897436,1.0,2
0,1.0,0.0,0.0,0,0.0,0.2667326623769455,0.32787096774193547,0.2892057026476578,1.0000000000000002,1.0,1
0,0.0,1.0,1.0,0,1.0,0.04674696144750591,0.38993548387096777,0.20570264765784113,0.7435897435897436,1.0,0
0,0.0,0.0,0.0,1,0.0,0.33360831545949515,0.0,0.25254582484725047,0.7435897435897436,1.0,1
0,1.0,0.0,1.0,1,1.0,0.20442171258868175,0.0,0.10794297352342157,0.7435897435897436,1.0,2
1,0.0,1.0,0.0,0,0.0,0.15234009789363692,0.002080000108387097,0.15885947046843174,0.7435897435897436,1.0,1
1,0.0,1.0,2.0,0,0.0,0.36022658527195733,0.22580645161290325,0.45010183299388995,0.6153846153846154,1.0,2
1,0.0,1.0,0.0,0,0.0,0.20772149810262333,0.1032258064516129,0.20977596741344195,0.7435897435897436,1.0,2
1,0.0,1.0,2.0,0,0.0,0.2882362646427982,0.0,0.24643584521384926,0.7435897435897436,1.0,0
1,0.0,1.0,0.0,0,0.0,0.3290436121652093,0.504,0.6415478615071283,0.7435897435897436,1.0,0
1,0.0,1.0,1.0,0,0.0,0.2110762800417973,0.0,0.0835030549898167,0.4871794871794872,1.0,0
1,0.0,0.0,0.0,0,0.0,0.4628499147555409,0.0,0.4093686354378818,0.7435897435897436,1.0,0
1,0.0,1.0,3.0,0,0.0,0.2305450145740527,0.02438709677419355,0.2342158859470468,0.7435897435897436,1.0,2
0,0.0,1.0,0.0,1,0.0,0.13474124181928177,0.24658064516129033,0.21792260692464355,0.7435897435897436,0.0,2
1,0.0,1.0,0.0,0,0.0,0.6047406918550294,0.0,0.2586558044806517,0.7435897435897436,1.0,0
0,0.0,0.0,0.0,0,0.0,0.34922730022548537,0.0,0.1955193482688391,0.7435897435897436,0.0,1
1,1.0,1.0,0.0,0,0.0,0.19342242754220976,0.18825806451612903,0.27494908350305497,0.7435897435897436,1.0,2
1,1.0,0.0,3.0,0,0.0,0.1613045152065116,0.0,0.5010183299389002,0.7435897435897436,1.0,1
1,0.0,1.0,0.0,0,0.0,0.12924159929604576,0.48980645161290326,0.2260692464358452,0.7435897435897436,1.0,0
1,1.0,0.0,0.0,0,0.0,0.21173623714458562,0.2935483870967742,0.27494908350305497,0.7435897435897436,1.0,2
1,0.0,1.0,2.0,1,0.0,0.0994335368201067,0.18787096774193549,0.10386965376782076,0.6153846153846154,,0
1,1.0,1.0,2.0,0,0.0,0.22730022548534345,0.30748387096774193,0.24032586558044805,0.7435897435897436,,2
0,0.0,1.0,0.0,0,0.0,0.11389759665621735,0.0,0.10386965376782076,0.7435897435897436,0.0,0
1,0.0,1.0,0.0,1,0.0,0.2374195677280977,0.0,0.2260692464358452,0.7435897435897436,,1
0,0.0,0.0,0.0,0,0.0,0.22086564373315737,0.0,0.18126272912423624,0.7435897435897436,0.0,2
1,0.0,1.0,2.0,0,0.0,0.525380850244734,0.0,0.20977596741344195,0.7435897435897436,1.0,0
0,0.0,1.0,3.0,0,0.0,0.34405763625364355,0.0,0.2871690427698574,0.7435897435897436,1.0,2
1,0.0,0.0,0.0,0,0.0,0.17070890392124513,0.0,0.0835030549898167,0.7435897435897436,1.0,0
1,0.0,1.0,1.0,0,0.0,0.436121652092614,0.2903225806451613,0.34826883910386963,0.7435897435897436,1.0,0
1,0.0,1.0,3.0,0,0.0,0.21756585821921576,0.0,0.06313645621181262,0.358974358974359,1.0,1
0,1.0,0.0,0.0,0,1.0,0.24379915305505145,0.0,0.25254582484725047,0.7435897435897436,0.0,2
1,0.0,1.0,1.0,0,1.0,0.42000769949953254,0.0,0.470468431771894,0.7435897435897436,1.0,0
0,0.0,0.0,0.0,0,0.0,0.1147775394599351,0.0,0.10997963340122198,1.0000000000000002,0.0,2
0,0.0,1.0,1.0,1,0.0,0.13765605235659684,0.1935483870967742,0.21181262729124234,0.358974358974359,0.0,1
1,0.0,0.0,0.0,0,0.0,0.09074410163339383,0.15651612903225806,0.07739307535641547,0.7435897435897436,1.0,0
1,0.0,1.0,1.0,1,0.0,0.3551669141505802,0.0,0.2606924643584521,0.358974358974359,1.0,0
0,0.0,1.0,2.0,0,1.0,0.35654182478138924,0.0,,0.7435897435897436,0.0,1
0,0.0,0.0,0.0,1,0.0,0.17642853214541057,0.0,0.14460285132382888,0.05128205128205128,1.0,2
1,0.0,1.0,2.0,0,0.0,0.18478798878072927,0.5698064516129032,0.4765784114052953,0.7435897435897436,1.0,1
1,0.0,1.0,1.0,0,1.0,0.18236814607050544,0.15612903225806452,0.24643584521384926,0.7435897435897436,1.0,1
1,0.0,1.0,2.0,1,0.0,0.20717153385029974,0.0,0.2342158859470468,0.7435897435897436,1.0,2
1,1.0,1.0,2.0,1,,0.0032997855139415937,0.3763870967741936,0.18126272912423624,0.7435897435897436,1.0,2
0,0.0,0.0,0.0,0,0.0,0.3369630973986691,0.0,0.22199592668024437,0.7435897435897436,0.0,1
0,0.0,1.0,2.0,1,0.0,0.15063520871143377,0.0,0.07331975560081466,0.358974358974359,0.0,0
1,1.0,1.0,0.0,0,0.0,0.12500687455315407,0.06516129032258065,0.24643584521384926,0.7435897435897436,1.0,2
1,0.0,0.0,0.0,0,1.0,0.3739756915800473,0.0,0.33808553971486754,0.358974358974359,1.0,2
0,0.0,1.0,2.0,0,0.0,0.4756640818346808,0.0,0.5071283095723014,0.7435897435897436,0.0,0
1,1.0,0.0,0.0,0,0.0,0.5641533300335477,0.0,0.5091649694501018,0.7435897435897436,1.0,0
1,0.0,1.0,3.0,0,0.0,0.5144365616234944,0.0,0.5417515274949083,0.7435897435897436,1.0,1
0,0.0,0.0,0.0,0,0.0,0.31155474894131885,0.47303225806451615,0.615071283095723,0.7435897435897436,1.0,1
1,0.0,1.0,0.0,0,1.0,0.1819831710938789,0.0,0.032586558044806514,0.2307692307692308,1.0,2
0,1.0,1.0,0.0,0,0.0,0.13721608095473795,0.4438709677419355,0.2260692464358452,0.7435897435897436,0.0,0
1,0.0,1.0,0.0,0,0.0,0.3174943628664137,0.26503225806451614,0.4114052953156822,0.7435897435897436,1.0,1
0,0.0,1.0,0.0,1,0.0,0.12374195677280976,0.4903225806451613,,0.358974358974359,1.0,0
1,1.0,0.0,0.0,0,0.0,0.17015893966892154,0.0,0.14460285132382888,0.7435897435897436,1.0,0
0,0.0,1.0,2.0,0,0.0,0.24561403508771928,0.0,0.25458248472505085,0.7435897435897436,1.0,0
1,0.0,1.0,0.0,1,0.0,0.13474124181928177,0.21935483870967742,0.19959266802443992,0.7435897435897436,1.0,1
1,0.0,1.0,0.0,0,0.0,0.2935709178903371,0.0,0.23625254582484723,0.7435897435897436,1.0,1
1,0.0,1.0,0.0,0,0.0,0.40851344662596933,0.1303225806451613,0.33808553971486754,,1.0,2
1,0.0,1.0,1.0,0,1.0,0.12346697464664798,0.0,,0.7435897435897436,1.0,2
1,0.0,,,0,0.0,0.2016168949018314,0.09729032258064517,0.30753564154786145,0.7435897435897436,1.0,0
0,0.0,0.0,0.0,0,0.0,0.16053456525325854,0.0,0.12627291242362526,1.0000000000000002,1.0,0
1,0.0,1.0,,0,1.0,0.2943958642688225,0.5793548387096774,0.12423625254582484,,1.0,2
1,0.0,1.0,2.0,0,0.0,0.908320959137656,0.0,0.5417515274949083,0.7435897435897436,1.0,0
1,0.0,1.0,3.0,0,0.0,0.8166969147005444,0.0,0.5926680244399185,0.7435897435897436,1.0,1
0,0.0,1.0,3.0,1,0.0,0.2629379090359127,0.0,0.24236252545824843,0.7435897435897436,,2
1,0.0,1.0,1.0,1,0.0,0.13474124181928177,0.3225806451612903,0.164969450101833,0.7435897435897436,1.0,2
1,1.0,0.0,0.0,0,0.0,0.19479733817301878,0.0,0.1710794297352342,0.7435897435897436,,1
1,1.0,0.0,1.0,0,0.0,0.1499202551834131,0.20129032258064516,0.164969450101833,0.7435897435897436,1.0,0
0,0.0,1.0,0.0,1,0.0,0.26051806632568886,0.0,0.25254582484725047,0.7435897435897436,1.0,1
0,0.0,1.0,0.0,1,0.0,0.09074410163339383,0.37858064516129036,0.1710794297352342,0.7435897435897436,0.0,0
0,0.0,0.0,0.0,1,0.0,0.14326568773029755,0.0,0.1140529531568228,0.6153846153846154,1.0,1
1,0.0,1.0,0.0,0,0.0,0.24473409228400156,0.0,0.13034623217922603,0.358974358974359,1.0,2
1,0.0,0.0,0.0,1,1.0,0.13380630259033163,0.27961290322580645,0.19348268839103866,0.7435897435897436,1.0,1
1,0.0,0.0,1.0,1,0.0,0.13908595941263818,0.168,0.1731160896130346,0.7435897435897436,1.0,2
0,0.0,1.0,3.0,1,0.0,0.1854479458835176,0.0,0.14663951120162932,0.358974358974359,1.0,1
1,0.0,1.0,0.0,0,0.0,0.12005719628224167,0.3118709677419355,0.2586558044806517,0.7435897435897436,1.0,0
0,0.0,0.0,0.0,1,0.0,0.10174338667986581,0.0,,0.7435897435897436,1.0,0
0,1.0,0.0,1.0,0,0.0,0.18319309244899082,0.0,0.2973523421588594,0.05128205128205128,1.0,2
1,0.0,1.0,2.0,0,0.0,0.16548424352417093,0.059483870967741936,0.2016293279022403,0.15384615384615388,1.0,0
0,0.0,0.0,0.0,0,0.0,0.16592421492602982,0.0,0.13238289205702647,0.7435897435897436,1.0,0
0,0.0,1.0,0.0,1,0.0,0.41302315349502283,0.0,0.19348268839103866,0.7435897435897436,0.0,0
1,0.0,1.0,2.0,0,0.0,0.19617224880382778,0.0,0.2260692464358452,0.7435897435897436,1.0,2
1,1.0,1.0,0.0,0,0.0,0.2216355936864104,0.2975483870967742,0.3523421588594704,0.7435897435897436,1.0,2
0,0.0,1.0,2.0,0,0.0,0.20073695209811362,0.4645161290322581,0.42158859470468424,0.7435897435897436,0.0,0
1,0.0,1.0,1.0,1,0.0,0.1288016278941869,0.3064516129032258,,0.7435897435897436,1.0,1
1,0.0,1.0,0.0,0,0.0,0.09184403013804103,0.22180645161290324,0.18533604887983707,0.7435897435897436,1.0,0
0,1.0,0.0,0.0,0,0.0,0.5417147885387449,0.21496774193548387,0.4399185336048879,0.7435897435897436,1.0,1
1,0.0,1.0,2.0,1,0.0,0.22757520761150526,0.42103225806451616,0.25254582484725047,0.358974358974359,1.0,0
0,0.0,1.0,3.0,0,0.0,0.2804817686850355,0.0,0.1731160896130346,0.7435897435897436,1.0,0
1,0.0,1.0,1.0,0,0.0,0.3253038552494088,0.2585806451612903,0.49083503054989813,0.7435897435897436,1.0,2
1,0.0,0.0,0.0,0,0.0,0.2639828411153275,0.0,0.23625254582484723,0.7435897435897436,1.0,0
0,0.0,1.0,1.0,0,,0.22086564373315737,0.43470967741935485,0.39103869653767814,0.7435897435897436,,0
1,1.0,0.0,0.0,0,0.0,0.3217290876093054,0.0,0.29938900203665986,0.7435897435897436,1.0,0
0,1.0,1.0,0.0,0,0.0,0.24379915305505145,0.0,0.15274949083503053,0.7435897435897436,1.0,1
1,0.0,1.0,2.0,0,,0.12924159929604576,0.23741935483870968,0.2036659877800407,0.7435897435897436,1.0,0
1,0.0,1.0,0.0,0,0.0,0.08848924819886707,0.45690322580645165,0.24847250509164964,0.7435897435897436,1.0,2
1,0.0,1.0,0.0,0,0.0,0.25298355606885553,0.30103225806451617,0.24643584521384926,0.7435897435897436,1.0,0
1,0.0,1.0,2.0,0,0.0,0.31177473464224825,0.6451612903225806,0.2260692464358452,0.7435897435897436,1.0,1
1,0.0,1.0,2.0,1,0.0,0.21102128361656494,0.18206451612903227,0.30142566191446024,0.7435897435897436,1.0,1
0,0.0,1.0,1.0,0,,0.19617224880382778,0.3774193548387097,0.2892057026476578,0.7435897435897436,,2
1,0.0,0.0,0.0,0,0.0,0.1050431721938074,0.28503225806451615,0.25458248472505085,0.7435897435897436,1.0,2
0,0.0,1.0,3.0,1,0.0,0.21129626574272672,0.0,,0.358974358974359,1.0,0
1,0.0,1.0,0.0,0,0.0,0.10630808997415168,0.40645161290322585,0.24236252545824843,0.7435897435897436,1.0,2
1,1.0,0.0,0.0,1,0.0,0.23098498597591158,0.0,0.29531568228105903,0.7435897435897436,1.0,1
1,0.0,1.0,3.0,1,0.0,0.20348677335973164,0.12683870967741936,0.18533604887983707,0.7435897435897436,1.0,2
1,0.0,1.0,1.0,0,0.0,0.29423087499312545,0.16258064516129034,0.3279022403258655,0.7435897435897436,1.0,1
1,0.0,1.0,1.0,0,0.0,0.3024253423527471,0.0,0.07128309572301425,0.7435897435897436,1.0,0
1,0.0,0.0,0.0,0,,0.15563988340757853,0.2687741935483871,0.2260692464358452,0.7435897435897436,1.0,1
0,1.0,0.0,2.0,0,0.0,0.1802232854864434,0.0,0.2627291242362525,0.7435897435897436,1.0,0
1,0.0,0.0,0.0,1,0.0,0.3647912885662432,0.0,0.24643584521384926,0.7435897435897436,1.0,2
0,0.0,0.0,0.0,0,0.0,0.6517076390034647,0.0,0.3156822810590631,0.7435897435897436,1.0,2
1,0.0,1.0,0.0,0,0.0,0.16817906836055657,0.39561290322580644,0.33197556008146634,0.7435897435897436,1.0,0
1,0.0,1.0,1.0,0,1.0,0.15096518726282793,0.0,0.17515274949083504,0.7435897435897436,1.0,2
0,1.0,0.0,0.0,0,0.0,0.2282351647142936,0.0,0.2586558044806517,0.7435897435897436,0.0,2
0,0.0,1.0,3.0,1,0.0,0.2532585381950173,0.0,0.17515274949083504,,0.0,2
1,0.0,1.0,2.0,0,0.0,0.2667326623769455,0.47316129032258064,0.4623217922606924,0.7435897435897436,1.0,2
1,0.0,1.0,0.0,1,0.0,0.11565748226365286,0.2623225806451613,0.20570264765784113,0.7435897435897436,1.0,1
1,0.0,1.0,0.0,0,1.0,0.8782929109607875,0.0,0.5112016293279023,0.7435897435897436,1.0,0
1,0.0,1.0,0.0,1,0.0,0.20150690205136668,0.19135483870967743,0.2342158859470468,0.6153846153846154,1.0,2
1,0.0,1.0,0.0,0,1.0,0.5396799208051476,0.0,0.34826883910386963,0.7435897435897436,1.0,1
1,0.0,1.0,1.0,0,0.0,0.15959962602430844,0.1329032258064516,0.18533604887983707,0.7435897435897436,1.0,0
1,0.0,1.0,1.0,0,0.0,0.43568168069075514,0.03096774193548387,0.49694501018329934,0.7435897435897436,1.0,0
0,0.0,1.0,1.0,0,0.0,0.20486168399054064,0.0,0.1181262729124236,0.7435897435897436,1.0,0
0,0.0,1.0,0.0,0,0.0,0.4280371775834571,0.0,0.5417515274949083,0.7435897435897436,1.0,0
1,1.0,0.0,1.0,0,0.0,0.18649287796293243,0.0,0.20977596741344195,0.7435897435897436,,2
1,0.0,1.0,3.0,0,0.0,0.41742286751361163,0.0,0.24236252545824843,0.358974358974359,1.0,0
1,0.0,1.0,0.0,0,0.0,0.12280701754385966,0.4301935483870968,0.33197556008146634,0.7435897435897436,1.0,2
1,0.0,0.0,0.0,0,0.0,0.12808667436616622,0.0,0.10183299389002036,0.7435897435897436,1.0,0
0,0.0,1.0,1.0,0,1.0,0.4683495572787769,0.6429677419354839,0.7474541751527495,0.7435897435897436,0.0,1
0,1.0,0.0,0.0,1,0.0,0.14134081284716496,0.0,0.14460285132382888,,0.0,0
0,1.0,0.0,0.0,0,0.0,0.12374195677280976,0.24038709677419356,0.19348268839103866,0.7435897435897436,0.0,0
0,1.0,0.0,0.0,0,0.0,0.18478798878072927,0.0,0.1364562118126273,0.7435897435897436,0.0,0
1,0.0,1.0,3.0,0,0.0,0.22719023263487875,0.0,0.18533604887983707,0.7435897435897436,1.0,0
0,0.0,0.0,0.0,0,0.0,0.4958477698949569,0.0,0.47861507128309566,0.7435897435897436,1.0,0
1,,1.0,0.0,0,1.0,0.10630808997415168,0.5268387096774194,0.30753564154786145,0.7435897435897436,,2
1,0.0,1.0,0.0,0,0.0,0.22829016113952594,0.0,0.22199592668024437,0.7435897435897436,1.0,0
1,0.0,1.0,0.0,0,0.0,0.10900291481053731,0.20529032258064517,0.17718940936863542,0.7435897435897436,1.0,2
1,0.0,1.0,3.0,0,0.0,0.2497387669801463,0.0,0.18533604887983707,0.7435897435897436,1.0,2
1,0.0,1.0,0.0,0,0.0,0.17026893251938624,0.18283870967741936,0.2627291242362525,0.7435897435897436,1.0,2
0,1.0,0.0,0.0,0,1.0,0.13474124181928177,0.2215483870967742,0.18329938900203663,0.6153846153846154,1.0,2
1,0.0,1.0,1.0,1,0.0,0.18423802452840565,0.13974193548387098,0.2566191446028513,0.7435897435897436,1.0,0
1,0.0,1.0,1.0,0,0.0,0.17505362151460158,0.41935483870967744,0.3034623217922606,0.7435897435897436,1.0,0
0,,1.0,0.0,0,0.0,0.16152450090744103,0.28516129032258064,0.2586558044806517,0.7435897435897436,0.0,2
0,0.0,1.0,0.0,1,0.0,0.12671176373535722,0.30103225806451617,0.35030549898167,0.7435897435897436,0.0,0
1,0.0,0.0,0.0,0,,0.26948248363856353,0.0,0.22199592668024437,0.7435897435897436,1.0,2
1,1.0,0.0,0.0,1,0.0,0.09662871913325634,0.30516129032258066,0.2260692464358452,,1.0,0
1,0.0,1.0,0.0,0,1.0,0.31171973821701593,0.2787096774193549,0.3564154786150712,0.7435897435897436,1.0,2
1,1.0,0.0,0.0,0,0.0,0.027223230490018145,0.47522580645161294,0.21181262729124234,1.0000000000000002,1.0,1
1,0.0,0.0,0.0,1,0.0,0.2604080734752241,0.0,0.07942973523421588,0.7435897435897436,1.0,1
0,0.0,1.0,1.0,0,1.0,0.11153275037122587,0.0,0.11608961303462322,0.6153846153846154,0.0,1
1,0.0,0.0,0.0,0,0.0,0.2609580377275477,0.0,0.18940936863543784,0.7435897435897436,1.0,2
1,0.0,1.0,1.0,1,0.0,0.17868338557993732,0.21161290322580645,0.20773930753564152,0.358974358974359,1.0,0
1,0.0,0.0,0.0,0,0.0,0.21696089754165981,0.4447741935483871,0.2892057026476578,0.7435897435897436,1.0,1
1,0.0,1.0,0.0,0,0.0,0.1544299620524666,0.3741935483870968,0.24847250509164964,0.7435897435897436,1.0,2
0,0.0,1.0,0.0,0,0.0,0.3261288016278942,0.33148387096774196,0.3523421588594704,0.7435897435897436,,1
1,0.0,0.0,0.0,0,1.0,0.3814002089864159,0.0,0.15274949083503053,0.7435897435897436,1.0,2
1,0.0,0.0,0.0,0,0.0,0.19303745256558325,0.6534193548387097,0.36252545824847243,0.7435897435897436,1.0,2
1,1.0,0.0,0.0,0,1.0,0.12924159929604576,0.0,0.1710794297352342,0.7435897435897436,,0
1,0.0,1.0,2.0,0,0.0,0.33547819391739536,0.21870967741935485,0.4093686354378818,0.7435897435897436,1.0,2
0,0.0,1.0,1.0,0,1.0,0.5417147885387449,0.0,0.2973523421588594,0.7435897435897436,1.0,1
0,0.0,1.0,0.0,0,0.0,0.19567728097673653,0.33148387096774196,0.3340122199592668,0.7435897435897436,1.0,0
1,1.0,0.0,0.0,0,0.0,0.3877247978881373,0.0,0.2260692464358452,0.7435897435897436,1.0,1
0,0.0,1.0,3.0,1,0.0,0.13732607380520268,0.2047741935483871,0.3340122199592668,0.7435897435897436,1.0,1
1,1.0,1.0,0.0,1,0.0,0.2172358796678216,0.0,0.2342158859470468,0.7435897435897436,,1
0,0.0,1.0,,0,0.0,0.27311224770389925,0.1872258064516129,0.3177189409368635,0.7435897435897436,0.0,0
0,0.0,0.0,1.0,0,0.0,0.16014959027663203,0.2563870967741936,0.20773930753564152,0.358974358974359,0.0,0
1,1.0,0.0,1.0,0,1.0,0.40152890062145963,0.0,,0.7435897435897436,1.0,2
0,0.0,1.0,0.0,1,0.0,0.08348457350272233,0.5019354838709678,0.39103869653767814,0.7435897435897436,0.0,2
1,0.0,0.0,0.0,0,,0.16674916130451523,0.3763870967741936,0.3095723014256619,0.7435897435897436,1.0,0
1,0.0,1.0,1.0,1,0.0,0.28504647197932137,0.14593548387096775,0.36048879837067205,0.7435897435897436,,0
1,0.0,1.0,2.0,0,0.0,0.17191882527635705,0.06245161290322581,0.2566191446028513,0.7435897435897436,,2
1,0.0,1.0,1.0,0,0.0,0.29247098938568994,0.13316129032258064,0.03462321792260692,0.7435897435897436,1.0,2
1,,1.0,0.0,0,1.0,0.028818126821756586,0.6833548387096774,0.32382892057026474,0.7435897435897436,1.0,1
1,1.0,0.0,0.0,0,0.0,0.16586921850079747,0.3851612903225807,0.2505091649694501,0.7435897435897436,,1
1,0.0,1.0,0.0,0,0.0,0.12280701754385966,0.2758709677419355,0.09979633401221995,0.7435897435897436,,1
1,0.0,1.0,2.0,0,0.0,0.20398174118682286,0.0,0.17718940936863542,0.7435897435897436,1.0,2
1,0.0,0.0,0.0,0,0.0,0.3184842985205962,0.5460645161290323,0.5845213849287169,0.7435897435897436,1.0,2
1,0.0,0.0,0.0,0,1.0,0.3859099158554694,0.0,0.24236252545824843,0.7435897435897436,1.0,0
1,0.0,1.0,3.0,0,1.0,0.2813617114887532,0.22890322580645162,0.36252545824847243,0.7435897435897436,1.0,2
1,1.0,0.0,0.0,0,0.0,0.13842600230984986,0.20967741935483872,0.15274949083503053,0.7435897435897436,,0
1,0.0,0.0,0.0,0,0.0,0.14123081999670023,0.0,0.12423625254582484,0.7435897435897436,1.0,2
0,0.0,1.0,1.0,0,0.0,0.09514381565198261,0.0,0.10590631364562117,0.7435897435897436,,1
0,0.0,0.0,0.0,1,0.0,0.18962767420117693,0.16606451612903225,0.18533604887983707,0.7435897435897436,1.0,1
0,1.0,0.0,,0,0.0,0.28966617169883957,0.0,0.27291242362525453,1.0000000000000002,0.0,0
0,0.0,1.0,2.0,1,0.0,0.11719738217015895,0.0,0.21181262729124234,0.7435897435897436,1.0,1
0,0.0,1.0,,1,0.0,0.16080954737942035,0.23225806451612904,0.2321792260692464,0.7435897435897436,0.0,2
0,0.0,1.0,0.0,1,0.0,0.3235439696419733,0.0,0.30753564154786145,0.7435897435897436,1.0,0
1,0.0,1.0,0.0,0,0.0,0.15756475829071112,0.2823225806451613,0.2932790224032586,0.7435897435897436,1.0,1
1,0.0,1.0,1.0,0,0.0,0.08111972721773085,0.2326451612903226,0.17718940936863542,0.7435897435897436,1.0,0
0,0.0,1.0,0.0,1,0.0,0.15673981191222572,0.21496774193548387,0.18533604887983707,1.0000000000000002,0.0,0
0,0.0,0.0,1.0,0,0.0,0.6104603200791948,0.0,0.3808553971486761,0.7435897435897436,,2
1,0.0,1.0,3.0,0,0.0,0.4729692569982951,0.6446451612903226,0.24643584521384926,0.7435897435897436,1.0,1
1,0.0,1.0,2.0,0,0.0,0.11829731067480613,0.12719999842580643,0.14052953156822812,0.358974358974359,1.0,0
1,0.0,0.0,0.0,0,0.0,0.28966617169883957,0.0,0.32382892057026474,0.7435897435897436,1.0,0
1,0.0,1.0,0.0,0,0.0,0.5875268107573007,0.0,0.4582484725050916,0.7435897435897436,1.0,2
1,0.0,1.0,3.0,1,0.0,0.16196447230929992,0.0,0.21181262729124234,0.7435897435897436,1.0,1
1,0.0,0.0,0.0,0,,0.699884507507012,0.0,0.8065173116089612,0.7435897435897436,1.0,2
1,1.0,1.0,0.0,0,0.0,0.16586921850079747,0.0,0.054989816700611,0.7435897435897436,1.0,2
0,0.0,1.0,1.0,0,0.0,0.3904746191497553,0.2150967741935484,0.20570264765784113,,0.0,0
1,0.0,1.0,2.0,0,0.0,0.22092064015838972,0.18670967741935485,0.3034623217922606,0.7435897435897436,1.0,1
1,0.0,0.0,1.0,1,0.0,0.18951768135071223,0.0,0.18533604887983707,0.4871794871794872,,0
0,0.0,0.0,2.0,0,0.0,0.1868228565143266,0.0,0.14460285132382888,0.7435897435897436,0.0,1
1,0.0,0.0,0.0,0,0.0,0.17505362151460158,0.0,0.12423625254582484,0.7435897435897436,1.0,0
1,0.0,1.0,0.0,0,,0.1961172523785954,0.0,0.06720977596741344,0.358974358974359,1.0,1
1,0.0,0.0,0.0,0,0.0,0.21173623714458562,0.3225806451612903,0.2668024439918533,0.7435897435897436,1.0,1
1,1.0,,,0,0.0,0.5442996205246659,0.0,,0.4871794871794872,1.0,2
1,0.0,1.0,0.0,0,0.0,0.1180773249738767,0.19638709677419355,0.19348268839103866,0.7435897435897436,1.0,0
1,0.0,0.0,0.0,0,0.0,0.20431171973821702,0.21161290322580645,,0.7435897435897436,1.0,1
0,0.0,1.0,0.0,0,0.0,0.16586921850079747,0.2663225806451613,0.19348268839103866,0.7435897435897436,0.0,0
0,0.0,1.0,2.0,0,1.0,0.3217290876093054,0.0,0.3991853360488798,0.4871794871794872,1.0,2
0,,1.0,2.0,1,0.0,0.17681350712203708,0.24735483870967742,0.20977596741344195,0.7435897435897436,0.0,1
1,0.0,0.0,0.0,0,0.0,0.10251333663311885,0.24890322580645163,0.13238289205702647,0.7435897435897436,1.0,0
1,0.0,1.0,1.0,0,0.0,0.15025023373480725,0.23780645161290323,0.2321792260692464,1.0000000000000002,1.0,2
0,0.0,1.0,0.0,0,0.0,0.1704889182203157,0.0,0.3279022403258655,0.7435897435897436,1.0,1
0,0.0,1.0,2.0,0,0.0,0.23373480723752957,0.0,0.24032586558044805,0.7435897435897436,0.0,2
1,0.0,1.0,1.0,0,0.0,0.11351262167959082,0.18038709677419357,0.15478615071283092,0.7435897435897436,,0
1,0.0,1.0,0.0,0,0.0,0.1291866028708134,0.31716129032258067,0.30753564154786145,0.7435897435897436,1.0,2
0,1.0,0.0,0.0,0,0.0,0.1666391684540505,0.0,0.12627291242362526,0.7435897435897436,0.0,0
1,0.0,1.0,1.0,0,,0.2804817686850355,0.0887741935483871,0.30753564154786145,0.7435897435897436,1.0,1
1,0.0,1.0,1.0,0,0.0,0.3396029258098224,0.0,0.33808553971486754,0.7435897435897436,1.0,2
1,1.0,0.0,0.0,0,0.0,0.45003574767640103,0.0,0.5519348268839104,0.7435897435897436,1.0,2
0,0.0,1.0,1.0,1,0.0,0.2144860584062036,0.6841290322580645,0.2627291242362525,0.7435897435897436,,1
1,0.0,1.0,3.0,1,1.0,0.30539514931529455,0.0,0.24643584521384926,0.7435897435897436,1.0,1
0,1.0,0.0,0.0,1,0.0,0.17873838200516967,0.0,0.17515274949083504,0.7435897435897436,1.0,1
0,0.0,1.0,0.0,1,0.0,0.15217510861793984,0.06916129032258064,0.11608961303462322,0.7435897435897436,1.0,1
0,1.0,0.0,0.0,0,0.0,0.2667326623769455,0.0,0.19144602851323828,0.7435897435897436,0.0,2
0,0.0,1.0,3.0,0,0.0,0.17873838200516967,0.3225806451612903,0.2321792260692464,0.7435897435897436,0.0,1
1,0.0,0.0,0.0,0,0.0,0.26216795908265966,0.0,0.24643584521384926,0.7435897435897436,0.0,1
1,1.0,1.0,0.0,1,1.0,0.3845350052246604,0.0,0.2627291242362525,0.7435897435897436,1.0,1
1,0.0,1.0,0.0,1,1.0,0.24995875268107576,0.0,0.17718940936863542,,1.0,0
1,1.0,0.0,0.0,0,0.0,0.16977396469229503,0.0,0.042769857433808546,0.7435897435897436,1.0,0
1,1.0,0.0,0.0,0,1.0,0.18220315679480836,0.0,0.23014256619144602,0.7435897435897436,,0
1,0.0,1.0,2.0,1,0.0,0.24759390639608425,0.0,0.20570264765784113,0.7435897435897436,1.0,1
1,0.0,1.0,2.0,0,0.0,0.35142715723477974,0.0,0.3991853360488798,0.7435897435897436,1.0,2
1,0.0,1.0,0.0,0,0.0,0.14568553044052138,0.29070967741935483,0.23014256619144602,0.7435897435897436,1.0,2
1,0.0,0.0,0.0,0,0.0,0.193917395369301,0.5549677419354839,0.33197556008146634,0.7435897435897436,1.0,1
0,0.0,1.0,0.0,0,0.0,0.2088764230325029,0.22361290322580646,0.285132382892057,0.7435897435897436,0.0,1
1,1.0,0.0,0.0,0,0.0,0.22086564373315737,0.0,0.07128309572301425,0.7435897435897436,1.0,2
0,0.0,1.0,1.0,0,0.0,0.16163449375790576,0.16516129032258065,0.22810590631364558,0.7435897435897436,0.0,2
0,0.0,0.0,,0,0.0,0.15602485838420505,0.0,0.16089613034623218,0.7435897435897436,0.0,2
1,0.0,1.0,2.0,1,0.0,0.1763735357201782,0.36890322580645163,0.27494908350305497,0.7435897435897436,1.0,0
1,1.0,1.0,1.0,0,0.0,0.24517406368586042,0.3670967741935484,0.2668024439918533,0.358974358974359,1.0,2
0,0.0,1.0,3.0,0,0.0,0.21173623714458562,1.0,0.5723014256619144,0.7435897435897436,1.0,2
1,0.0,1.0,0.0,0,0.0,0.16949898256613322,0.2516129032258065,0.2016293279022403,0.7435897435897436,1.0,1
1,0.0,0.0,0.0,1,0.0,0.16713413628114174,0.33522580645161293,0.2260692464358452,,1.0,1
1,0.0,1.0,0.0,0,0.0,0.24610900291481053,0.3686451612903226,0.20773930753564152,0.0,,0
1,0.0,1.0,0.0,0,0.0,0.19545729527580707,0.25806451612903225,0.2260692464358452,0.7435897435897436,1.0,1
1,0.0,1.0,3.0,0,0.0,0.2759170653907496,0.4086451612903226,0.38900203665987776,0.7435897435897436,1.0,2
1,1.0,1.0,0.0,0,0.0,0.16592421492602982,0.29458064516129034,0.29531568228105903,0.7435897435897436,1.0,2
0,1.0,0.0,0.0,0,0.0,0.07424517406368586,0.23225806451612904,0.19144602851323828,0.7435897435897436,0.0,2
1,0.0,1.0,0.0,1,,0.15091019083759558,0.3602580645161291,0.2973523421588594,0.7435897435897436,1.0,1
1,0.0,1.0,0.0,0,0.0,0.10047846889952153,0.12864516129032258,0.0835030549898167,0.7435897435897436,1.0,2
1,0.0,1.0,0.0,0,,0.17505362151460158,0.3225806451612903,0.24236252545824843,0.7435897435897436,1.0,2
1,1.0,0.0,0.0,0,0.0,0.20326678765880218,0.0,0.20773930753564152,0.7435897435897436,1.0,2
1,1.0,1.0,2.0,0,0.0,0.8093273937194082,0.0,0.12423625254582484,0.7435897435897436,1.0,0
1,,0.0,0.0,0,0.0,0.25298355606885553,0.0,0.1731160896130346,0.7435897435897436,1.0,2
1,1.0,1.0,0.0,1,0.0,0.15767475114117582,0.0855483870967742,0.18940936863543784,0.7435897435897436,,2
1,0.0,1.0,1.0,0,0.0,0.1652642578232415,0.2295483870967742,0.2668024439918533,0.7435897435897436,1.0,2
0,0.0,0.0,0.0,0,0.0,0.0936589121707089,0.3664516129032258,0.21384928716904272,0.7435897435897436,1.0,1
0,0.0,1.0,0.0,0,0.0,0.17686850354726943,0.2838709677419355,0.2566191446028513,0.7435897435897436,1.0,1
1,0.0,1.0,2.0,0,1.0,0.307759995600286,0.0,0.27494908350305497,0.15384615384615388,,1
1,1.0,0.0,0.0,1,0.0,0.11345762525435847,0.0,0.11608961303462322,0.7435897435897436,1.0,1
1,0.0,1.0,0.0,0,0.0,0.33547819391739536,0.0,0.24236252545824843,0.7435897435897436,1.0,2
1,0.0,0.0,0.0,1,0.0,0.14117582357146788,0.0,0.10386965376782076,0.358974358974359,1.0,0
1,0.0,1.0,2.0,0,,0.13380630259033163,0.3006451612903226,0.23625254582484723,0.7435897435897436,1.0,1
1,1.0,0.0,0.0,0,0.0,0.2205356651817632,0.0,0.12627291242362526,0.7435897435897436,1.0,2
1,0.0,1.0,3.0,1,0.0,0.10564813287136336,0.09729032258064517,0.1731160896130346,1.0000000000000002,1.0,2
1,0.0,1.0,1.0,0,0.0,0.19798713083649563,0.0,0.21792260692464355,0.7435897435897436,1.0,2
0,0.0,1.0,,1,1.0,0.25215860969037013,0.0,0.2627291242362525,0.7435897435897436,1.0,0
1,0.0,0.0,0.0,1,,0.13199142055766377,0.26348387096774195,0.2382892057026476,0.7435897435897436,1.0,1
1,0.0,1.0,0.0,0,,0.13474124181928177,0.4516129032258065,0.21588594704684316,,1.0,0
1,1.0,0.0,2.0,0,,0.19798713083649563,0.2687741935483871,0.2260692464358452,0.7435897435897436,1.0,2
1,0.0,1.0,0.0,0,0.0,0.12830666006709565,0.3181935483870968,0.164969450101833,0.358974358974359,0.0,1
0,0.0,0.0,0.0,1,,0.39503932244404116,0.0,0.2260692464358452,0.7435897435897436,1.0,1
1,0.0,1.0,0.0,0,0.0,0.14013089149205302,0.26245161290322583,0.23014256619144602,0.7435897435897436,1.0,2
1,,1.0,0.0,0,0.0,0.9097508661936974,0.0,0.20570264765784113,0.7435897435897436,1.0,2
0,,0.0,0.0,0,0.0,0.18880272782269153,0.0,0.17718940936863542,0.7435897435897436,1.0,0
0,0.0,1.0,2.0,0,0.0,0.2690425122367046,0.2687741935483871,0.35845213849287166,0.7435897435897436,1.0,1
0,0.0,1.0,0.0,0,0.0,0.09228400153989991,0.17161290322580647,0.18533604887983707,,0.0,0
1,0.0,1.0,0.0,0,0.0,0.22878512896661718,0.0,0.24643584521384926,0.7435897435897436,,2
1,0.0,1.0,2.0,0,0.0,0.6196447230929989,0.14529032258064517,0.4399185336048879,0.7435897435897436,1.0,0
1,,0.0,3.0,0,1.0,0.5063520871143375,0.0,0.5763747454175152,0.7435897435897436,1.0,2
1,0.0,1.0,0.0,0,0.0,0.4262772919760216,0.23651612903225808,0.34826883910386963,0.7435897435897436,1.0,1
1,0.0,1.0,2.0,0,1.0,0.9005664631798933,0.13083870967741937,0.2871690427698574,0.7435897435897436,1.0,1
1,0.0,1.0,3.0,1,0.0,0.16625419347742398,0.0,0.13238289205702647,0.7435897435897436,1.0,2
1,0.0,1.0,0.0,0,0.0,0.1840730352527086,0.2534193548387097,0.21792260692464355,0.7435897435897436,1.0,1
1,0.0,0.0,2.0,0,0.0,0.231204971676841,0.0,0.2586558044806517,0.7435897435897436,1.0,1
1,0.0,1.0,2.0,0,0.0,0.16515426497277677,0.20129032258064516,0.25458248472505085,0.7435897435897436,1.0,0
1,0.0,0.0,0.0,0,0.0,0.2039267447615905,0.0,0.1364562118126273,0.7435897435897436,1.0,2
1,0.0,0.0,2.0,0,0.0,0.2624979376340538,0.0,0.3197556008146639,0.7435897435897436,0.0,2
1,0.0,1.0,0.0,0,0.0,0.20552164109332893,0.34438709677419355,0.3116089613034623,0.7435897435897436,1.0,2
1,0.0,1.0,2.0,0,0.0,0.2506737062090964,0.17896774193548387,0.2871690427698574,0.7435897435897436,1.0,2
1,1.0,0.0,0.0,0,0.0,0.2418192817466865,0.0,0.21588594704684316,0.7435897435897436,1.0,2
0,0.0,1.0,2.0,1,0.0,0.2227355221910576,0.18451612903225806,0.24439918533604882,0.7435897435897436,1.0,1
0,0.0,0.0,0.0,0,0.0,0.18973766705164166,0.0,0.14460285132382888,0.7435897435897436,1.0,0
1,1.0,0.0,1.0,0,1.0,0.4660397074190178,0.0,0.2871690427698574,0.7435897435897436,1.0,2
0,0.0,1.0,0.0,0,0.0,0.2979706319089259,0.27638709677419354,0.33808553971486754,0.7435897435897436,1.0,1
1,0.0,1.0,2.0,0,0.0,0.06319089259198152,0.14012903225806453,0.016293279022403254,0.2307692307692308,1.0,0
1,0.0,0.0,3.0,0,0.0,0.4959027663201892,0.0,0.35845213849287166,0.7435897435897436,1.0,1
0,0.0,0.0,3.0,0,0.0,0.6792058516196446,0.3870967741935484,0.6334012219959266,0.7435897435897436,1.0,1
0,0.0,0.0,0.0,1,0.0,0.1677390969586977,0.29083870967741937,0.2382892057026476,0.358974358974359,0.0,0
0,0.0,0.0,0.0,0,0.0,0.09712368696034758,0.6532903225806452,0.1181262729124236,0.7435897435897436,,1
1,0.0,0.0,2.0,0,0.0,0.29599076060056095,0.599741935483871,0.3116089613034623,0.7435897435897436,1.0,1
0,1.0,1.0,0.0,0,0.0,0.24379915305505145,0.0,0.20977596741344195,0.7435897435897436,1.0,1
1,0.0,1.0,2.0,1,0.0,0.41340812847164937,0.0,0.35845213849287166,0.7435897435897436,,1
1,0.0,1.0,1.0,0,1.0,0.9083759555628884,0.2903225806451613,0.15682281059063136,0.7435897435897436,1.0,2
0,1.0,0.0,0.0,0,0.0,0.10933289336193147,0.0,0.18329938900203663,0.7435897435897436,0.0,2
1,0.0,1.0,0.0,0,0.0,0.34004289721168124,0.5913548387096774,0.5091649694501018,0.7435897435897436,,2
1,1.0,0.0,0.0,0,0.0,0.21855579387339824,0.0,0.21588594704684316,0.7435897435897436,1.0,2
1,0.0,0.0,0.0,1,0.0,0.12077214981026234,0.2064516129032258,0.2505091649694501,0.7435897435897436,1.0,2
1,0.0,1.0,2.0,1,0.0,0.10135841170323928,0.20967741935483872,0.21181262729124234,0.358974358974359,1.0,2
0,0.0,0.0,1.0,0,1.0,0.24979376340537868,0.0,0.19755600814663948,0.7435897435897436,1.0,1
0,1.0,1.0,2.0,0,0.0,0.06753561018533795,0.24270967741935484,0.3217922606924643,0.7435897435897436,1.0,0
1,0.0,1.0,0.0,0,0.0,0.5044822086564373,0.0,0.13441955193482685,0.358974358974359,1.0,0
1,0.0,1.0,2.0,0,0.0,0.45003574767640103,0.0,0.4826883910386965,0.7435897435897436,1.0,2
1,0.0,1.0,,0,0.0,0.3034152780069296,0.3441290322580645,0.34826883910386963,0.7435897435897436,1.0,1
1,0.0,1.0,0.0,0,1.0,0.13347632403893747,0.4838709677419355,0.2912423625254582,0.7435897435897436,1.0,1
1,0.0,0.0,0.0,0,0.0,0.14755540889842161,0.23961290322580647,0.2382892057026476,0.7435897435897436,1.0,1
1,0.0,1.0,0.0,0,0.0,0.25903316284441513,0.10709677419354839,0.23625254582484723,0.7435897435897436,1.0,2
1,0.0,0.0,0.0,0,0.0,0.15316504427212232,0.0,0.18126272912423624,0.7435897435897436,1.0,2
1,0.0,1.0,3.0,1,1.0,0.3822251553649013,0.0,0.23625254582484723,0.10256410256410257,1.0,0
1,0.0,1.0,3.0,0,0.0,0.15833470824396415,0.0,0.18329938900203663,0.7435897435897436,1.0,0
1,1.0,0.0,0.0,0,0.0,0.09134906231094979,0.21496774193548387,0.09164969450101831,0.7435897435897436,1.0,0
1,0.0,1.0,0.0,0,0.0,0.7937634053786503,0.0,0.8696537678207739,0.7435897435897436,1.0,2
0,0.0,1.0,,1,0.0,0.18550294230874995,0.41677419354838713,0.2912423625254582,0.7435897435897436,0.0,1
0,0.0,0.0,0.0,0,0.0,0.12924159929604576,0.0,0.17718940936863542,1.0000000000000002,1.0,2
1,0.0,0.0,,0,0.0,0.14755540889842161,0.0,0.12627291242362526,0.7435897435897436,1.0,0
0,0.0,1.0,1.0,0,0.0,0.24379915305505145,0.19458064516129034,0.24236252545824843,0.7435897435897436,1.0,1
1,1.0,0.0,0.0,0,0.0,0.12924159929604576,0.0,0.1181262729124236,0.7435897435897436,1.0,0
1,0.0,1.0,0.0,0,0.0,0.16625419347742398,0.3898064516129032,0.2606924643584521,0.7435897435897436,1.0,0
1,0.0,0.0,0.0,1,1.0,0.31072980256283345,0.0,0.2505091649694501,0.7435897435897436,1.0,2
0,1.0,0.0,0.0,0,0.0,0.5417147885387449,0.0,0.41751527494908347,0.7435897435897436,1.0,2
1,0.0,1.0,0.0,0,0.0,0.1608645438046527,0.31174193548387097,0.26476578411405294,0.7435897435897436,1.0,1
1,0.0,1.0,0.0,0,1.0,0.5175163614365066,0.0,0.3706720977596741,0.7435897435897436,1.0,2
1,0.0,0.0,0.0,0,0.0,0.31342462739921906,0.0,,0.7435897435897436,1.0,0
0,0.0,1.0,0.0,0,0.0,0.7992630479018863,0.2709677419354839,0.6008146639511202,0.7435897435897436,1.0,1
1,1.0,0.0,1.0,0,,0.19259748116372438,0.0,0.17515274949083504,0.7435897435897436,1.0,2
0,,1.0,0.0,0,0.0,0.12775669581477206,0.23780645161290323,0.30549898167006106,0.7435897435897436,1.0,1
1,0.0,0.0,0.0,0,0.0,0.28411153275037127,0.0,0.2586558044806517,0.7435897435897436,1.0,0
0,0.0,1.0,2.0,1,1.0,0.34279271847329923,0.12903225806451613,0.36252545824847243,0.7435897435897436,1.0,1
1,0.0,1.0,0.0,0,0.0,0.18423802452840565,0.2150967741935484,0.21384928716904272,0.7435897435897436,1.0,2
1,1.0,0.0,0.0,0,0.0,0.16146950448220868,0.0,0.2260692464358452,0.7435897435897436,1.0,2
0,0.0,0.0,1.0,1,1.0,0.14403563768355057,0.1989677419354839,0.3686354378818737,0.7435897435897436,,2
1,0.0,1.0,0.0,0,0.0,0.1383710058846175,0.5548387096774193,0.22810590631364558,0.7435897435897436,1.0,1
0,0.0,0.0,0.0,0,0.0,0.8166419182753121,0.0,0.47454175152749484,0.7435897435897436,0.0,2
1,1.0,0.0,0.0,0,0.0,0.2667326623769455,0.0,0.2505091649694501,0.7435897435897436,1.0,1
1,0.0,1.0,2.0,0,0.0,0.318154319969202,0.0,0.25254582484725047,0.7435897435897436,1.0,2
1,0.0,1.0,2.0,0,0.0,0.20623659462134963,0.0,0.164969450101833,0.7435897435897436,1.0,2
1,0.0,1.0,1.0,0,1.0,0.18148820326678766,0.26825806451612905,0.3116089613034623,0.7435897435897436,1.0,2
1,0.0,1.0,1.0,0,0.0,0.08975416597921135,0.28800000000000003,0.19959266802443992,0.7435897435897436,1.0,1
1,1.0,0.0,0.0,0,1.0,0.8584392014519056,0.0,0.09368635437881873,0.7435897435897436,1.0,2
1,0.0,1.0,0.0,0,0.0,0.11345762525435847,0.14516129032258066,,0.7435897435897436,1.0,0
1,0.0,0.0,0.0,0,0.0,0.16542924709893858,0.3939354838709678,0.16293279022403256,0.7435897435897436,1.0,1
1,0.0,1.0,0.0,0,0.0,0.24759390639608425,0.4623225806451613,,0.7435897435897436,1.0,2
0,0.0,0.0,0.0,1,0.0,0.07105538140020899,0.0,0.052953156822810585,0.7435897435897436,1.0,0
0,1.0,0.0,0.0,0,,0.17972831765935215,0.0,0.2566191446028513,0.7435897435897436,1.0,1
1,0.0,1.0,0.0,1,0.0,0.13380630259033163,0.304258064516129,0.2260692464358452,0.7435897435897436,1.0,0
1,0.0,1.0,3.0,0,1.0,0.30396524225925314,0.18374193548387097,0.18533604887983707,0.7435897435897436,1.0,1
1,0.0,0.0,0.0,1,0.0,0.1401858879172854,0.35935483870967744,0.17718940936863542,0.7435897435897436,,2
0,0.0,1.0,0.0,1,0.0,0.18819776714513559,0.5308387096774194,0.2912423625254582,,0.0,1
1,0.0,1.0,0.0,0,0.0,0.12924159929604576,0.2732903225806452,0.19348268839103866,0.7435897435897436,1.0,2
1,0.0,1.0,2.0,0,0.0,0.21223120497167686,0.2215483870967742,0.21792260692464355,0.7435897435897436,1.0,2
1,0.0,1.0,2.0,0,1.0,0.28966617169883957,0.5414193548387097,0.5254582484725051,0.7435897435897436,1.0,0
1,0.0,0.0,0.0,0,1.0,0.3437276577022494,0.0,0.38900203665987776,0.7435897435897436,1.0,1
0,0.0,1.0,0.0,1,1.0,0.135236209646373,0.44503225806451613,0.3177189409368635,0.358974358974359,0.0,1
1,1.0,1.0,1.0,0,0.0,0.6517076390034647,0.0,0.9918533604887982,0.7435897435897436,1.0,2
1,0.0,1.0,2.0,0,1.0,0.17411868228565144,0.4516129032258065,0.16089613034623218,0.7435897435897436,1.0,0
1,0.0,1.0,1.0,0,0.0,0.07633503822251554,0.18387096774193548,0.042769857433808546,0.7435897435897436,1.0,0
0,0.0,1.0,0.0,1,0.0,0.1572897761645493,0.4046451612903226,,0.7435897435897436,0.0,0
1,0.0,1.0,2.0,0,1.0,0.24379915305505145,0.2687741935483871,0.30753564154786145,0.7435897435897436,1.0,2
1,0.0,1.0,3.0,0,0.0,0.1383710058846175,0.2687741935483871,0.17515274949083504,0.7435897435897436,1.0,1
1,0.0,0.0,0.0,0,0.0,0.19798713083649563,0.0,0.18533604887983707,0.7435897435897436,1.0,0
0,0.0,1.0,2.0,1,0.0,0.11873728207666502,0.16193548387096776,0.23625254582484723,0.7435897435897436,0.0,1
1,0.0,1.0,2.0,1,0.0,0.17175383600065997,0.23483870967741938,0.14663951120162932,0.7435897435897436,1.0,0
1,0.0,1.0,0.0,0,0.0,0.14398064125831822,0.2516129032258065,0.2973523421588594,0.7435897435897436,1.0,1
1,0.0,1.0,0.0,1,0.0,0.2282351647142936,0.2598709677419355,0.3767820773930753,0.7435897435897436,1.0,1
0,1.0,0.0,1.0,1,0.0,0.24506407083539572,0.0,0.14663951120162932,0.7435897435897436,1.0,1
